POS,Name,Team,G,PA,HR,R,RBI,SB,BB%,K%,ISO,BABIP,AVG,OBP,SLG,wOBA,wRC+,BsR,Off,Def,WAR,W,L,SV,G.1,GS,IP,K/9,BB/9,HR/9,BABIP.1,LOB%,GB%,ERA,FIP,WAR.1,Draft_POS
Batter,Aaron Judge,NYY,141.0,633,42.0,109.0,102.0,9.0,17.70%,24.70%,0.3,0.322,0.283,0.415,0.583,0.412,170.0,-1.7,50.3,-7.5,6.6,,,,,,,,,,,,,,,,OF
Batter,Bobby Witt Jr.,KCR,140.0,634,28.0,99.0,89.0,31.0,7.40%,16.70%,0.226,0.315,0.293,0.351,0.519,0.368,135.0,3.3,29.6,13.0,6.6,,,,,,,,,,,,,,,,SS
Batter,Gunnar Henderson,BAL,146.0,666,28.0,101.0,84.0,24.0,10.60%,20.20%,0.214,0.311,0.275,0.357,0.489,0.362,136.0,2.7,30.6,5.6,6.1,,,,,,,,,,,,,,,,SS
Batter,Cal Raleigh,SEA,138.0,615,38.0,89.0,91.0,8.0,12.30%,26.60%,0.257,0.254,0.23,0.331,0.487,0.346,129.0,-1.9,19.2,7.4,5.9,,,,,,,,,,,,,,,,Util
Batter,Julio Rodríguez,SEA,139.0,618,30.0,85.0,91.0,23.0,7.20%,21.70%,0.216,0.31,0.275,0.334,0.491,0.352,133.0,1.6,25.9,7.6,5.6,,,,,,,,,,,,,,,,Util
Batter,Juan Soto,NYM,138.0,621,34.0,105.0,89.0,20.0,18.90%,17.80%,0.26,0.285,0.273,0.413,0.533,0.403,165.0,-0.6,47.1,-13.5,5.5,,,,,,,,,,,,,,,,OF
Batter,Shohei Ohtani,LAD,142.0,658,44.0,120.0,99.0,22.0,13.90%,24.40%,0.302,0.308,0.275,0.38,0.578,0.398,158.0,1.0,46.5,-16.6,5.3,,,,,,,,,,,,,,,,Util
Batter,Ronald Acuña Jr.,ATL,147.0,676,31.0,109.0,84.0,24.0,13.40%,20.00%,0.218,0.323,0.286,0.388,0.503,0.383,148.0,2.5,40.7,-11.5,5.3,,,,,,,,,,,,,,,,Util
Batter,Fernando Tatis Jr.,SDP,136.0,619,30.0,96.0,82.0,23.0,10.90%,19.40%,0.228,0.3,0.275,0.36,0.503,0.369,142.0,1.9,32.6,-3.8,5.1,,,,,,,,,,,,,,,,Util
Batter,Francisco Lindor,NYM,139.0,644,26.0,94.0,73.0,23.0,9.00%,18.40%,0.193,0.283,0.259,0.336,0.452,0.341,123.0,0.8,18.1,8.1,4.9,,,,,,,,,,,,,,,,SS
Batter,Vladimir Guerrero Jr.,TOR,143.0,637,32.0,94.0,99.0,5.0,11.60%,13.70%,0.234,0.301,0.297,0.383,0.531,0.387,152.0,-1.4,37.6,-13.4,4.7,,,,,,,,,,,,,,,,1B
Batter,Elly De La Cruz,CIN,140.0,617,23.0,83.0,82.0,38.0,10.20%,25.00%,0.202,0.323,0.263,0.342,0.465,0.345,117.0,4.2,16.5,8.2,4.6,,,,,,,,,,,,,,,,Util
Batter,Corbin Carroll,ARI,135.0,610,27.0,96.0,81.0,33.0,10.80%,20.70%,0.237,0.293,0.261,0.349,0.498,0.362,132.0,5.1,28.4,-4.1,4.6,,,,,,,,,,,,,,,,Util
Batter,Mookie Betts,LAD,132.0,591,22.0,84.0,79.0,8.0,10.80%,11.80%,0.194,0.278,0.274,0.355,0.468,0.355,129.0,-0.6,19.9,4.8,4.5,,,,,,,,,,,,,,,,Util
Batter,Yordan Alvarez,HOU,123.0,543,30.0,83.0,88.0,4.0,12.70%,17.00%,0.259,0.316,0.299,0.396,0.558,0.401,161.0,-1.6,37.7,-12.7,4.5,,,,,,,,,,,,,,,,OF
Batter,Ketel Marte,ARI,130.0,596,26.0,91.0,74.0,6.0,10.90%,16.40%,0.214,0.299,0.28,0.365,0.494,0.367,136.0,-0.5,25.0,-1.1,4.5,,,,,,,,,,,,,,,,Util
Batter,José Ramírez,CLE,136.0,604,27.0,83.0,88.0,30.0,9.60%,12.00%,0.216,0.274,0.275,0.349,0.492,0.351,128.0,1.9,21.8,0.4,4.4,,,,,,,,,,,,,,,,Util
Batter,William Contreras,MIL,132.0,586,20.0,74.0,74.0,6.0,11.80%,18.80%,0.175,0.307,0.27,0.359,0.445,0.349,125.0,-1.3,16.4,5.4,4.3,,,,,,,,,,,,,,,,Util
Batter,Junior Caminero,TBR,132.0,571,36.0,78.0,97.0,5.0,6.90%,19.40%,0.255,0.279,0.271,0.324,0.526,0.36,132.0,-0.6,20.9,0.8,4.2,,,,,,,,,,,,,,,,Util
Batter,Alejandro Kirk,TOR,107.0,446,14.0,54.0,56.0,1.0,10.30%,12.40%,0.159,0.286,0.274,0.353,0.433,0.342,121.0,-2.3,8.6,6.7,4.2,,,,,,,,,,,,,,,,Util
Batter,Pete Crow-Armstrong,CHC,134.0,587,24.0,79.0,73.0,33.0,5.60%,23.40%,0.199,0.293,0.252,0.302,0.451,0.323,108.0,3.3,9.1,11.9,4.1,,,,,,,,,,,,,,,,Util
Batter,Jackson Merrill,SDP,134.0,579,22.0,71.0,80.0,7.0,6.70%,19.30%,0.197,0.301,0.269,0.322,0.466,0.338,121.0,0.8,14.9,5.6,4.1,,,,,,,,,,,,,,,,Util
Batter,Corey Seager,TEX,116.0,515,25.0,72.0,75.0,3.0,10.80%,18.10%,0.223,0.295,0.276,0.359,0.499,0.363,136.0,-1.7,20.1,2.0,4.1,,,,,,,,,,,,,,,,SS
Batter,Trea Turner,PHI,132.0,609,18.0,86.0,65.0,26.0,6.50%,18.10%,0.161,0.32,0.28,0.332,0.442,0.335,113.0,3.9,13.6,4.9,4.0,,,,,,,,,,,,,,,,SS
Batter,Kyle Tucker,LAD,125.0,562,27.0,90.0,78.0,18.0,13.50%,15.20%,0.227,0.275,0.269,0.371,0.496,0.371,140.0,1.0,27.7,-8.0,3.9,,,,,,,,,,,,,,,,OF
Batter,Masyn Winn,STL,146.0,649,16.0,78.0,68.0,13.0,7.20%,17.10%,0.144,0.295,0.261,0.32,0.405,0.316,104.0,1.2,4.5,11.6,3.9,,,,,,,,,,,,,,,,Util
Batter,Geraldo Perdomo,ARI,128.0,557,12.0,71.0,61.0,18.0,12.10%,13.20%,0.141,0.295,0.27,0.364,0.412,0.342,119.0,0.7,13.2,5.8,3.8,,,,,,,,,,,,,,,,Util
Batter,Alex Bregman,CHC,143.0,635,23.0,80.0,81.0,3.0,10.50%,14.00%,0.179,0.27,0.26,0.345,0.439,0.341,121.0,-1.7,13.9,1.8,3.8,,,,,,,,,,,,,,,,Util
Batter,Nick Kurtz,ATH,132.0,600,38.0,95.0,87.0,5.0,12.20%,28.50%,0.275,0.306,0.258,0.353,0.534,0.376,140.0,-0.4,28.2,-12.1,3.8,,,,,,,,,,,,,,,,Util
Batter,Zach Neto,LAA,133.0,599,26.0,83.0,69.0,27.0,6.90%,23.90%,0.203,0.295,0.252,0.32,0.456,0.333,113.0,1.8,10.7,4.9,3.7,,,,,,,,,,,,,,,,Util
Batter,Maikel Garcia,KCR,138.0,620,13.0,82.0,62.0,26.0,8.50%,14.60%,0.142,0.307,0.276,0.339,0.418,0.33,109.0,2.1,8.7,5.6,3.6,,,,,,,,,,,,,,,,Util
Batter,Adley Rutschman,BAL,125.0,545,17.0,68.0,67.0,1.0,11.40%,15.60%,0.166,0.277,0.255,0.343,0.421,0.334,116.0,-1.3,8.8,5.3,3.6,,,,,,,,,,,,,,,,C
Batter,Bryce Harper,PHI,135.0,598,27.0,83.0,87.0,9.0,12.50%,21.40%,0.222,0.312,0.273,0.368,0.495,0.368,136.0,-0.2,25.4,-10.7,3.5,,,,,,,,,,,,,,,,Util
Batter,Jeremy Peña,HOU,133.0,599,18.0,79.0,64.0,16.0,5.90%,17.60%,0.158,0.307,0.273,0.326,0.43,0.328,111.0,1.2,8.8,5.0,3.5,,,,,,,,,,,,,,,,Util
Batter,Wyatt Langford,TEX,126.0,559,22.0,78.0,69.0,19.0,12.00%,22.60%,0.198,0.3,0.256,0.351,0.455,0.348,126.0,1.2,18.2,-3.2,3.5,,,,,,,,,,,,,,,,Util
Batter,Nico Hoerner,CHC,143.0,602,8.0,67.0,61.0,24.0,6.50%,9.60%,0.107,0.304,0.285,0.339,0.392,0.321,107.0,2.2,7.3,6.5,3.5,,,,,,,,,,,,,,,,Util
Batter,Gabriel Moreno,ARI,96.0,400,10.0,47.0,48.0,4.0,9.70%,17.00%,0.147,0.319,0.28,0.353,0.427,0.34,117.0,-0.1,8.0,9.1,3.4,,,,,,,,,,,,,,,,Util
Batter,Bo Bichette,NYM,113.0,503,15.0,63.0,64.0,5.0,6.50%,16.30%,0.161,0.32,0.288,0.337,0.449,0.339,121.0,-0.2,12.6,3.6,3.4,,,,,,,,,,,,,,,,Util
Batter,Manny Machado,SDP,136.0,591,26.0,75.0,86.0,9.0,8.10%,19.50%,0.197,0.295,0.268,0.329,0.465,0.34,122.0,-0.8,14.9,-2.1,3.3,,,,,,,,,,,,,,,,Util
Batter,Matt Chapman,SFG,135.0,597,22.0,76.0,72.0,9.0,11.20%,24.70%,0.189,0.286,0.238,0.33,0.427,0.33,114.0,-0.5,9.3,3.1,3.3,,,,,,,,,,,,,,,,Util
Batter,Willy Adames,SFG,142.0,599,23.0,70.0,72.0,11.0,10.90%,24.70%,0.185,0.278,0.233,0.321,0.418,0.321,108.0,-0.1,5.6,6.4,3.3,,,,,,,,,,,,,,,,Util
Batter,Jacob Wilson,ATH,113.0,478,11.0,58.0,58.0,5.0,5.90%,8.10%,0.145,0.307,0.301,0.348,0.445,0.344,119.0,-0.5,10.1,5.4,3.3,,,,,,,,,,,,,,,,Util
Batter,Matt Olson,ATL,148.0,651,31.0,89.0,94.0,1.0,11.90%,24.10%,0.223,0.298,0.256,0.349,0.479,0.356,129.0,-2.1,20.1,-10.6,3.2,,,,,,,,,,,,,,,,1B
Batter,Carlos Correa,HOU,112.0,486,16.0,59.0,62.0,1.0,9.10%,19.60%,0.165,0.308,0.268,0.338,0.433,0.335,116.0,-0.8,8.1,6.1,3.2,,,,,,,,,,,,,,,,Util
Batter,Freddie Freeman,LAD,151.0,658,24.0,89.0,94.0,7.0,10.50%,18.80%,0.191,0.316,0.279,0.362,0.47,0.357,131.0,-1.5,22.4,-13.4,3.2,,,,,,,,,,,,,,,,1B
Batter,Patrick Bailey,SFG,104.0,402,8.0,40.0,38.0,2.0,7.80%,26.00%,0.121,0.292,0.226,0.29,0.347,0.281,81.0,-0.7,-9.9,9.1,3.2,,,,,,,,,,,,,,,,Util
Batter,Brendan Donovan,SEA,120.0,545,12.0,69.0,53.0,6.0,9.00%,14.20%,0.133,0.303,0.274,0.348,0.407,0.331,119.0,-0.9,11.5,0.5,3.1,,,,,,,,,,,,,,,,Util
Batter,Jazz Chisholm Jr.,NYY,131.0,546,26.0,70.0,72.0,27.0,9.50%,25.90%,0.206,0.282,0.24,0.318,0.446,0.329,112.0,2.2,10.3,1.1,3.1,,,,,,,,,,,,,,,,Util
Batter,Austin Riley,ATL,142.0,617,27.0,79.0,88.0,3.0,7.80%,26.20%,0.202,0.316,0.26,0.323,0.462,0.338,116.0,-0.9,11.1,-1.6,3.1,,,,,,,,,,,,,,,,3B
Batter,Michael Harris II,ATL,121.0,485,19.0,61.0,66.0,15.0,4.40%,19.00%,0.19,0.306,0.275,0.311,0.465,0.331,112.0,1.2,8.2,5.8,3.1,,,,,,,,,,,,,,,,Util
Batter,Austin Wells,NYY,100.0,386,16.0,47.0,49.0,5.0,8.50%,24.40%,0.193,0.265,0.229,0.301,0.422,0.314,102.0,-0.3,0.5,7.8,3.1,,,,,,,,,,,,,,,,Util
Batter,Jackson Chourio,MIL,131.0,594,24.0,83.0,73.0,22.0,6.30%,19.90%,0.201,0.302,0.27,0.32,0.471,0.338,118.0,2.2,14.7,-4.7,3.0,,,,,,,,,,,,,,,,Util
Batter,Will Smith,LAD,112.0,472,18.0,61.0,63.0,3.0,11.40%,19.50%,0.187,0.285,0.254,0.349,0.441,0.343,121.0,-1.6,10.0,10.0,3.0,,,,,,,,,,,,,,,,Util
Batter,James Wood,WSN,131.0,598,27.0,86.0,71.0,17.0,12.10%,28.40%,0.216,0.333,0.26,0.353,0.475,0.355,129.0,0.5,21.1,-11.6,3.0,,,,,,,,,,,,,,,,Util
Batter,Xander Bogaerts,SDP,123.0,520,13.0,59.0,59.0,14.0,8.20%,17.30%,0.137,0.307,0.27,0.334,0.407,0.323,111.0,0.8,7.5,3.7,2.9,,,,,,,,,,,,,,,,Util
Batter,Marcus Semien,NYM,148.0,621,20.0,72.0,70.0,9.0,9.00%,16.80%,0.158,0.261,0.241,0.314,0.399,0.312,103.0,0.2,2.0,5.6,2.9,,,,,,,,,,,,,,,,2B
Batter,CJ Abrams,WSN,131.0,589,19.0,74.0,68.0,28.0,6.40%,18.80%,0.175,0.286,0.255,0.315,0.43,0.322,106.0,2.6,6.9,1.7,2.9,,,,,,,,,,,,,,,,Util
Batter,Brice Turang,MIL,139.0,613,14.0,77.0,61.0,26.0,9.30%,20.60%,0.135,0.312,0.26,0.331,0.395,0.319,105.0,2.2,5.6,2.1,2.9,,,,,,,,,,,,,,,,Util
Batter,Byron Buxton,MIN,107.0,489,25.0,72.0,63.0,14.0,7.70%,27.30%,0.24,0.294,0.247,0.315,0.487,0.341,118.0,1.9,12.6,-1.4,2.9,,,,,,,,,,,,,,,,Util
Batter,Riley Greene,DET,134.0,582,25.0,73.0,82.0,3.0,9.00%,27.10%,0.207,0.323,0.26,0.331,0.467,0.343,121.0,-0.7,13.4,-5.5,2.9,,,,,,,,,,,,,,,,Util
Batter,Gleyber Torres,DET,142.0,637,18.0,80.0,66.0,5.0,11.20%,17.10%,0.146,0.292,0.26,0.346,0.406,0.331,112.0,-1.8,7.4,-1.5,2.9,,,,,,,,,,,,,,,,Util
Batter,Steven Kwan,CLE,124.0,573,11.0,74.0,49.0,16.0,9.50%,9.60%,0.119,0.293,0.278,0.35,0.396,0.328,112.0,1.3,9.4,-1.3,2.8,,,,,,,,,,,,,,,,Util
Batter,Cody Bellinger,NYY,130.0,574,24.0,73.0,80.0,9.0,8.30%,15.10%,0.194,0.274,0.264,0.328,0.457,0.337,118.0,0.1,12.1,-4.4,2.8,,,,,,,,,,,,,,,,Util
Batter,Kyle Schwarber,PHI,138.0,626,39.0,97.0,90.0,6.0,14.90%,27.90%,0.268,0.259,0.231,0.353,0.499,0.364,133.0,-2.2,22.6,-16.1,2.8,,,,,,,,,,,,,,,,Util
Batter,Rafael Devers,SFG,140.0,622,29.0,82.0,84.0,2.0,12.30%,24.90%,0.215,0.293,0.248,0.346,0.464,0.346,125.0,-1.6,16.8,-10.6,2.7,,,,,,,,,,,,,,,,3B
Batter,Pete Alonso,BAL,146.0,642,35.0,88.0,100.0,3.0,9.50%,23.00%,0.24,0.28,0.254,0.337,0.494,0.354,130.0,-2.4,20.4,-15.8,2.7,,,,,,,,,,,,,,,,1B
Batter,Oneil Cruz,PIT,115.0,517,22.0,72.0,60.0,27.0,10.70%,30.10%,0.202,0.308,0.238,0.324,0.439,0.329,109.0,2.6,8.0,1.5,2.7,,,,,,,,,,,,,,,,Util
Batter,Brandon Nimmo,TEX,142.0,642,23.0,85.0,72.0,10.0,9.70%,22.10%,0.173,0.302,0.256,0.337,0.429,0.334,116.0,-0.4,11.8,-7.7,2.7,,,,,,,,,,,,,,,,Util
Batter,Jose Altuve,HOU,129.0,587,20.0,78.0,69.0,12.0,8.30%,17.00%,0.168,0.293,0.267,0.333,0.435,0.332,114.0,-0.4,9.0,-3.1,2.7,,,,,,,,,,,,,,,,2B
Batter,Kevin McGonigle,DET,108.0,443,12.0,49.0,48.0,8.0,11.00%,14.80%,0.157,0.281,0.257,0.343,0.414,0.332,113.0,-0.3,6.6,4.2,2.7,,,,,,,,,,,,,,,,Util
Batter,Dansby Swanson,CHC,129.0,527,17.0,58.0,60.0,12.0,8.40%,25.00%,0.158,0.295,0.241,0.308,0.399,0.308,98.0,1.1,-0.1,8.5,2.7,,,,,,,,,,,,,,,,Util
Batter,Ezequiel Tovar,COL,140.0,603,20.0,72.0,75.0,9.0,5.20%,23.50%,0.178,0.316,0.263,0.304,0.441,0.32,91.0,0.2,-6.2,11.8,2.6,,,,,,,,,,,,,,,,Util
Batter,Luke Keaschall,MIN,109.0,479,10.0,56.0,53.0,20.0,9.90%,16.90%,0.133,0.307,0.267,0.35,0.4,0.331,112.0,0.6,7.2,1.3,2.6,,,,,,,,,,,,,,,,Util
Batter,Yandy Díaz,TBR,133.0,614,21.0,84.0,67.0,3.0,9.70%,15.60%,0.171,0.314,0.287,0.362,0.458,0.355,128.0,-1.7,18.8,-14.9,2.6,,,,,,,,,,,,,,,,Util
Batter,Ceddanne Rafaela,BOS,132.0,510,16.0,59.0,62.0,18.0,4.70%,20.70%,0.168,0.298,0.257,0.299,0.425,0.312,95.0,1.2,-1.6,9.0,2.5,,,,,,,,,,,,,,,,Util
Batter,Chase Meidroth,CHW,106.0,483,8.0,60.0,39.0,12.0,11.60%,14.70%,0.109,0.296,0.261,0.356,0.37,0.325,108.0,-0.2,4.5,3.7,2.5,,,,,,,,,,,,,,,,Util
Batter,Roman Anthony,BOS,111.0,511,15.0,73.0,52.0,8.0,13.10%,25.10%,0.175,0.338,0.264,0.365,0.439,0.352,123.0,0.1,13.7,-6.7,2.5,,,,,,,,,,,,,,,,Util
Batter,Shea Langeliers,ATH,111.0,492,27.0,68.0,71.0,5.0,7.50%,22.70%,0.234,0.273,0.25,0.311,0.484,0.339,115.0,-0.4,8.5,4.7,2.5,,,,,,,,,,,,,,,,Util
Batter,JJ Wetherholt,STL,106.0,494,12.0,64.0,43.0,12.0,10.40%,17.60%,0.137,0.293,0.255,0.342,0.393,0.324,110.0,0.3,6.0,1.9,2.5,,,,,,,,,,,,,,,,Util
Batter,Yainer Diaz,HOU,120.0,481,19.0,57.0,66.0,2.0,4.40%,17.00%,0.181,0.295,0.273,0.308,0.454,0.327,110.0,-0.6,5.1,6.3,2.5,,,,,,,,,,,,,,,,Util
Batter,Isaac Paredes,HOU,109.0,478,21.0,64.0,63.0,1.0,11.50%,16.80%,0.204,0.259,0.248,0.349,0.452,0.349,125.0,-1.1,13.1,-5.3,2.5,,,,,,,,,,,,,,,,Util
Batter,Josh Naylor,SEA,133.0,570,23.0,71.0,80.0,15.0,8.30%,15.60%,0.184,0.281,0.266,0.33,0.45,0.335,122.0,-0.3,14.3,-9.9,2.5,,,,,,,,,,,,,,,,Util
Batter,Andy Pages,LAD,124.0,493,21.0,62.0,68.0,9.0,5.90%,21.30%,0.195,0.286,0.255,0.308,0.451,0.326,110.0,0.1,5.7,1.9,2.5,,,,,,,,,,,,,,,,Util
Batter,Francisco Alvarez,NYM,96.0,366,18.0,48.0,50.0,2.0,9.40%,24.40%,0.217,0.274,0.241,0.32,0.458,0.335,119.0,-0.6,7.5,1.8,2.4,,,,,,,,,,,,,,,,Util
Batter,George Springer,TOR,134.0,609,26.0,86.0,73.0,13.0,10.10%,19.30%,0.196,0.285,0.259,0.34,0.455,0.344,122.0,0.7,16.5,-14.0,2.4,,,,,,,,,,,,,,,,Util
Batter,Xavier Edwards,MIA,106.0,482,4.0,59.0,39.0,22.0,8.90%,13.90%,0.09,0.328,0.286,0.352,0.376,0.321,104.0,1.9,4.4,2.9,2.4,,,,,,,,,,,,,,,,Util
Batter,Bryson Stott,PHI,127.0,529,13.0,62.0,58.0,21.0,8.90%,16.30%,0.138,0.288,0.257,0.327,0.395,0.316,100.0,1.6,1.8,3.4,2.3,,,,,,,,,,,,,,,,Util
Batter,Drake Baldwin,ATL,110.0,485,18.0,65.0,61.0,1.0,9.30%,17.10%,0.18,0.293,0.268,0.341,0.448,0.343,120.0,-1.0,10.4,-2.5,2.3,,,,,,,,,,,,,,,,Util
Batter,Kazuma Okamoto,TOR,130.0,516,22.0,61.0,68.0,3.0,8.80%,17.00%,0.195,0.261,0.248,0.321,0.444,0.328,111.0,-0.9,5.9,-1.5,2.3,,,,,,,,,,,,,,,,Util
Batter,Luis Arraez,SFG,129.0,592,6.0,72.0,51.0,9.0,5.10%,4.50%,0.098,0.31,0.305,0.345,0.403,0.326,111.0,0.0,8.0,-5.5,2.3,,,,,,,,,,,,,,,,Util
Batter,Jordan Westburg,BAL,96.0,414,17.0,54.0,55.0,4.0,6.50%,21.70%,0.2,0.302,0.264,0.32,0.464,0.337,118.0,-0.2,8.5,-0.7,2.3,,,,,,,,,,,,,,,,Util
Batter,Dillon Dingler,DET,86.0,344,10.0,36.0,39.0,1.0,6.80%,24.30%,0.159,0.299,0.245,0.305,0.404,0.308,96.0,-0.4,-1.8,8.4,2.3,,,,,,,,,,,,,,,,Util
Batter,Colson Montgomery,CHW,118.0,527,24.0,65.0,64.0,3.0,8.70%,29.20%,0.197,0.271,0.221,0.299,0.417,0.311,98.0,-0.6,-1.7,5.4,2.2,,,,,,,,,,,,,,,,Util
Batter,Taylor Ward,BAL,137.0,610,25.0,80.0,77.0,5.0,10.30%,24.00%,0.194,0.287,0.244,0.328,0.437,0.332,115.0,-1.5,9.3,-8.4,2.2,,,,,,,,,,,,,,,,Util
Batter,Ben Rice,NYY,108.0,465,23.0,62.0,68.0,4.0,10.30%,21.40%,0.229,0.267,0.246,0.332,0.475,0.347,125.0,-0.8,12.9,-7.0,2.2,,,,,,,,,,,,,,,,Util
Batter,Trent Grisham,NYY,106.0,478,20.0,65.0,52.0,5.0,12.80%,25.00%,0.194,0.255,0.219,0.326,0.413,0.324,109.0,-0.4,4.7,0.4,2.2,,,,,,,,,,,,,,,,Util
Batter,Iván Herrera,STL,109.0,472,16.0,59.0,60.0,7.0,10.60%,19.50%,0.168,0.316,0.273,0.362,0.441,0.351,128.0,-0.1,15.7,-10.1,2.2,,,,,,,,,,,,,,,,Util
Batter,Royce Lewis,MIN,117.0,468,20.0,57.0,63.0,9.0,7.70%,21.50%,0.195,0.281,0.251,0.311,0.446,0.326,108.0,-0.2,4.4,0.8,2.2,,,,,,,,,,,,,,,,Util
Batter,Jakob Marsee,MIA,118.0,541,12.0,70.0,46.0,33.0,11.70%,22.50%,0.141,0.286,0.232,0.331,0.373,0.313,99.0,2.7,1.9,1.4,2.2,,,,,,,,,,,,,,,,Util
Batter,Otto Lopez,MIA,116.0,488,10.0,52.0,53.0,13.0,7.20%,15.10%,0.126,0.302,0.271,0.327,0.397,0.316,101.0,0.6,0.9,4.1,2.2,,,,,,,,,,,,,,,,Util
Batter,Andrés Giménez,TOR,134.0,526,12.0,61.0,55.0,18.0,5.80%,17.30%,0.131,0.287,0.253,0.311,0.383,0.304,94.0,1.2,-2.2,5.4,2.2,,,,,,,,,,,,,,,,Util
Batter,Brent Rooker,ATH,139.0,608,30.0,82.0,91.0,5.0,9.60%,25.60%,0.228,0.303,0.257,0.335,0.485,0.351,123.0,-1.0,15.6,-15.3,2.2,,,,,,,,,,,,,,,,Util
Batter,Ian Happ,CHC,143.0,627,22.0,79.0,74.0,7.0,12.40%,23.90%,0.178,0.291,0.241,0.339,0.419,0.332,115.0,-0.8,10.1,-9.9,2.1,,,,,,,,,,,,,,,,Util
Batter,Caleb Durbin,BOS,110.0,445,9.0,51.0,47.0,18.0,7.40%,11.00%,0.14,0.283,0.267,0.34,0.407,0.328,106.0,1.0,4.2,1.4,2.1,,,,,,,,,,,,,,,,Util
Batter,Bo Naylor,CLE,104.0,405,16.0,46.0,48.0,4.0,10.70%,24.50%,0.186,0.257,0.221,0.307,0.406,0.311,100.0,-0.4,-0.5,6.9,2.1,,,,,,,,,,,,,,,,Util
Batter,Alec Bohm,PHI,124.0,532,14.0,61.0,67.0,3.0,6.90%,15.60%,0.15,0.304,0.275,0.33,0.426,0.328,108.0,-1.0,4.3,-1.2,2.1,,,,,,,,,,,,,,,,Util
Batter,Tyler Soderstrom,ATH,106.0,461,22.0,60.0,67.0,5.0,8.70%,22.30%,0.216,0.292,0.259,0.329,0.475,0.345,119.0,-0.6,9.9,-5.0,2.1,,,,,,,,,,,,,,,,Util
Batter,Munetaka Murakami,CHW,136.0,587,32.0,75.0,85.0,8.0,12.60%,29.00%,0.227,0.275,0.23,0.333,0.457,0.339,118.0,-0.9,11.5,-11.2,2.1,,,,,,,,,,,,,,,,Util
Batter,Michael Busch,CHC,115.0,506,23.0,69.0,66.0,3.0,10.40%,24.70%,0.218,0.291,0.248,0.334,0.466,0.344,123.0,-1.4,12.6,-8.9,2.1,,,,,,,,,,,,,,,,Util
Batter,Jackson Holliday,BAL,102.0,442,12.0,57.0,44.0,13.0,10.40%,21.20%,0.152,0.299,0.251,0.334,0.403,0.323,109.0,0.1,4.7,0.5,2.1,,,,,,,,,,,,,,,,Util
Batter,Vinnie Pasquantino,KCR,127.0,560,25.0,73.0,82.0,1.0,8.80%,15.00%,0.213,0.274,0.267,0.337,0.481,0.349,122.0,-1.9,12.7,-11.5,2.1,,,,,,,,,,,,,,,,Util
Batter,Ozzie Albies,ATL,132.0,549,17.0,64.0,65.0,10.0,7.60%,15.10%,0.162,0.278,0.258,0.32,0.421,0.321,105.0,0.2,3.5,-1.3,2.1,,,,,,,,,,,,,,,,2B
Batter,Jake Cronenworth,SDP,135.0,590,14.0,69.0,56.0,5.0,10.50%,19.90%,0.14,0.278,0.236,0.329,0.376,0.313,103.0,-0.5,1.9,-1.2,2.1,,,,,,,,,,,,,,,,Util
Batter,Ryan Jeffers,MIN,110.0,454,15.0,52.0,53.0,2.0,9.40%,21.00%,0.172,0.283,0.245,0.329,0.417,0.326,109.0,-1.1,3.5,1.9,2.1,,,,,,,,,,,,,,,,Util
Batter,Alec Burleson,STL,124.0,541,20.0,66.0,73.0,6.0,7.10%,14.00%,0.177,0.291,0.278,0.333,0.455,0.34,121.0,-1.3,12.1,-9.9,2.1,,,,,,,,,,,,,,,,Util
Batter,J.P. Crawford,SEA,116.0,498,10.0,59.0,44.0,5.0,11.90%,19.50%,0.119,0.289,0.242,0.337,0.36,0.312,106.0,-0.6,2.8,0.1,2.0,,,,,,,,,,,,,,,,Util
Batter,Freddy Fermin,SDP,102.0,393,10.0,42.0,41.0,3.0,7.00%,19.60%,0.129,0.291,0.249,0.306,0.378,0.3,95.0,-0.2,-2.8,9.4,2.0,,,,,,,,,,,,,,,,Util
Batter,Nolan Schanuel,LAA,126.0,559,16.0,68.0,62.0,6.0,11.70%,13.80%,0.15,0.29,0.27,0.363,0.42,0.343,120.0,-1.6,11.5,-11.1,2.0,,,,,,,,,,,,,,,,Util
Batter,Joey Ortiz,MIL,126.0,480,10.0,53.0,49.0,12.0,7.70%,16.90%,0.133,0.284,0.25,0.313,0.383,0.305,95.0,0.8,-1.9,5.5,2.0,,,,,,,,,,,,,,,,Util
Batter,Seiya Suzuki,CHC,120.0,529,22.0,68.0,71.0,6.0,10.50%,25.30%,0.2,0.308,0.254,0.335,0.454,0.34,121.0,-1.0,11.9,-10.0,2.0,,,,,,,,,,,,,,,,Util
Batter,Jung Hoo Lee,SFG,111.0,470,8.0,52.0,51.0,8.0,7.70%,11.40%,0.137,0.294,0.273,0.334,0.411,0.324,110.0,0.5,6.2,-2.4,2.0,,,,,,,,,,,,,,,,Util
Batter,Nolan Arenado,ARI,124.0,531,17.0,60.0,69.0,3.0,7.00%,14.80%,0.159,0.274,0.257,0.313,0.416,0.314,100.0,-0.9,-0.9,2.6,2.0,,,,,,,,,,,,,,,,Util
Batter,Anthony Volpe,NYY,104.0,429,13.0,50.0,48.0,16.0,7.90%,23.60%,0.168,0.276,0.231,0.296,0.399,0.302,94.0,1.5,-1.6,6.1,2.0,,,,,,,,,,,,,,,,Util
Batter,Colt Keith,DET,112.0,489,15.0,58.0,58.0,4.0,9.40%,19.90%,0.168,0.304,0.263,0.335,0.43,0.332,113.0,0.3,7.8,-5.5,2.0,,,,,,,,,,,,,,,,Util
Batter,Miguel Vargas,CHW,113.0,492,15.0,57.0,56.0,6.0,11.10%,19.40%,0.167,0.27,0.238,0.329,0.405,0.323,107.0,-0.4,3.4,-1.3,1.9,,,,,,,,,,,,,,,,Util
Batter,Jarren Duran,BOS,128.0,577,15.0,74.0,65.0,20.0,8.10%,23.50%,0.179,0.32,0.258,0.326,0.437,0.33,107.0,3.2,8.2,-9.2,1.9,,,,,,,,,,,,,,,,Util
Batter,TJ Friedl,CIN,111.0,512,14.0,67.0,48.0,10.0,10.20%,17.10%,0.146,0.28,0.249,0.34,0.396,0.325,104.0,0.3,2.5,-1.0,1.9,,,,,,,,,,,,,,,,Util
Batter,Jorge Polanco,NYM,109.0,469,20.0,58.0,63.0,5.0,9.80%,20.60%,0.19,0.276,0.248,0.326,0.438,0.331,116.0,-0.8,8.1,-5.9,1.8,,,,,,,,,,,,,,,,Util
Batter,Brandon Lowe,PIT,109.0,489,22.0,63.0,63.0,4.0,8.30%,25.50%,0.2,0.286,0.243,0.311,0.443,0.325,106.0,-0.7,3.0,-1.6,1.8,,,,,,,,,,,,,,,,Util
Batter,Jeff McNeil,ATH,123.0,484,11.0,55.0,53.0,4.0,8.00%,12.80%,0.143,0.284,0.264,0.334,0.407,0.323,104.0,-1.6,0.7,0.1,1.8,,,,,,,,,,,,,,,,Util
Batter,Wilyer Abreu,BOS,102.0,430,18.0,55.0,57.0,7.0,11.10%,24.50%,0.203,0.296,0.25,0.336,0.453,0.339,114.0,-0.3,6.8,-4.1,1.8,,,,,,,,,,,,,,,,Util
Batter,Max Muncy,LAD,86.0,351,16.0,45.0,45.0,2.0,14.80%,25.00%,0.213,0.255,0.222,0.346,0.435,0.34,119.0,-1.2,6.8,-1.1,1.8,,,,,,,,,,,,,,,,Util
Batter,Evan Carter,TEX,93.0,367,10.0,44.0,41.0,14.0,10.50%,21.70%,0.163,0.291,0.244,0.333,0.407,0.324,109.0,0.6,4.6,0.1,1.8,,,,,,,,,,,,,,,,Util
Batter,Carlos Narváez,BOS,88.0,339,10.0,39.0,37.0,3.0,10.00%,26.00%,0.156,0.291,0.232,0.315,0.387,0.309,93.0,-0.6,-3.4,7.4,1.8,,,,,,,,,,,,,,,,Util
Batter,Josh Smith,TEX,111.0,475,10.0,54.0,47.0,8.0,9.60%,18.90%,0.129,0.288,0.246,0.331,0.375,0.312,101.0,-0.2,0.3,0.4,1.7,,,,,,,,,,,,,,,,Util
Batter,Hunter Goodman,COL,108.0,469,24.0,60.0,71.0,2.0,5.90%,25.40%,0.233,0.294,0.255,0.304,0.488,0.337,103.0,-0.6,1.0,-0.1,1.7,,,,,,,,,,,,,,,,Util
Batter,Lawrence Butler,ATH,113.0,480,19.0,60.0,57.0,16.0,8.80%,25.40%,0.189,0.295,0.245,0.313,0.434,0.324,105.0,1.4,4.0,-3.7,1.7,,,,,,,,,,,,,,,,Util
Batter,Randy Arozarena,SEA,147.0,631,21.0,77.0,74.0,21.0,9.90%,26.60%,0.17,0.293,0.233,0.329,0.403,0.322,113.0,-0.6,9.1,-14.0,1.7,,,,,,,,,,,,,,,,Util
Batter,Lars Nootbaar,STL,102.0,445,14.0,55.0,47.0,6.0,12.40%,20.10%,0.162,0.289,0.249,0.345,0.41,0.331,115.0,0.0,7.8,-6.0,1.7,,,,,,,,,,,,,,,,Util
Batter,Addison Barger,TOR,103.0,439,17.0,53.0,59.0,3.0,8.70%,23.80%,0.191,0.295,0.249,0.319,0.439,0.327,110.0,-0.5,4.8,-3.3,1.7,,,,,,,,,,,,,,,,Util
Batter,Daulton Varsho,TOR,117.0,519,23.0,66.0,65.0,7.0,8.00%,25.70%,0.204,0.263,0.226,0.293,0.43,0.311,99.0,0.0,-0.3,-1.2,1.7,,,,,,,,,,,,,,,,Util
Batter,Brayan Rocchio,CLE,103.0,393,8.0,43.0,39.0,10.0,8.50%,18.60%,0.135,0.281,0.242,0.315,0.377,0.305,96.0,-0.1,-2.1,4.7,1.7,,,,,,,,,,,,,,,,Util
Batter,Ernie Clement,TOR,118.0,467,9.0,51.0,52.0,7.0,4.60%,10.00%,0.13,0.287,0.274,0.311,0.404,0.31,99.0,0.3,-0.5,0.5,1.6,,,,,,,,,,,,,,,,Util
Batter,Josh Jung,TEX,105.0,431,16.0,47.0,53.0,4.0,5.50%,25.20%,0.172,0.309,0.254,0.3,0.426,0.313,102.0,-1.2,-0.3,1.4,1.6,,,,,,,,,,,,,,,,Util
Batter,Konnor Griffin,PIT,89.0,360,9.0,41.0,39.0,15.0,6.70%,23.80%,0.135,0.324,0.259,0.319,0.394,0.312,98.0,0.5,-0.5,4.4,1.6,,,,,,,,,,,,,,,,Util
Batter,Jake Meyers,HOU,103.0,398,9.0,45.0,42.0,11.0,8.00%,20.90%,0.133,0.304,0.253,0.32,0.386,0.311,99.0,0.6,0.2,2.1,1.6,,,,,,,,,,,,,,,,Util
Batter,Salvador Perez,KCR,131.0,563,26.0,68.0,83.0,0.0,5.00%,20.10%,0.199,0.278,0.256,0.303,0.454,0.322,104.0,-3.3,-0.9,2.5,1.6,,,,,,,,,,,,,,,,Util
Batter,Luis García Jr.,WSN,102.0,423,14.0,47.0,52.0,12.0,5.50%,15.40%,0.165,0.296,0.274,0.316,0.439,0.325,108.0,0.0,4.0,-2.4,1.6,,,,,,,,,,,,,,,,Util
Batter,Brooks Lee,MIN,111.0,434,13.0,49.0,50.0,4.0,6.70%,16.70%,0.153,0.276,0.252,0.306,0.405,0.309,96.0,-0.8,-2.7,3.4,1.6,,,,,,,,,,,,,,,,Util
Batter,Matt McLain,CIN,110.0,484,15.0,60.0,51.0,13.0,9.70%,27.50%,0.156,0.301,0.234,0.316,0.39,0.311,93.0,0.4,-3.3,2.7,1.6,,,,,,,,,,,,,,,,Util
Batter,Luis Robert Jr.,NYM,115.0,489,18.0,58.0,60.0,26.0,7.30%,28.80%,0.17,0.295,0.232,0.295,0.402,0.301,95.0,0.7,-2.3,1.6,1.6,,,,,,,,,,,,,,,,Util
Batter,Carson Kelly,CHC,81.0,319,11.0,36.0,37.0,1.0,9.20%,20.50%,0.159,0.268,0.236,0.314,0.396,0.311,100.0,-1.1,-1.0,7.6,1.6,,,,,,,,,,,,,,,,Util
Batter,Sal Frelick,MIL,108.0,457,8.0,51.0,47.0,13.0,8.30%,14.40%,0.119,0.304,0.271,0.337,0.39,0.32,106.0,0.7,3.7,-3.6,1.6,,,,,,,,,,,,,,,,Util
Batter,Daylen Lile,WSN,116.0,495,11.0,56.0,60.0,13.0,6.70%,17.40%,0.159,0.31,0.271,0.326,0.43,0.327,110.0,0.6,6.4,-7.7,1.6,,,,,,,,,,,,,,,,Util
Batter,Mike Trout,LAA,93.0,418,19.0,56.0,51.0,3.0,13.20%,30.60%,0.211,0.299,0.232,0.341,0.443,0.337,116.0,-1.0,6.8,-6.2,1.5,,,,,,,,,,,,,,,,Util
Batter,Jo Adell,LAA,113.0,460,26.0,56.0,66.0,7.0,7.00%,26.90%,0.234,0.271,0.237,0.3,0.471,0.33,110.0,-0.4,5.3,-6.2,1.5,,,,,,,,,,,,,,,,Util
Batter,Colton Cowser,BAL,102.0,405,16.0,48.0,49.0,10.0,9.80%,30.90%,0.182,0.303,0.23,0.313,0.412,0.316,103.0,0.4,2.0,-1.1,1.5,,,,,,,,,,,,,,,,Util
Batter,Matt Wallner,MIN,96.0,410,19.0,52.0,56.0,4.0,10.70%,30.90%,0.219,0.296,0.229,0.329,0.448,0.337,116.0,-0.7,7.0,-6.3,1.5,,,,,,,,,,,,,,,,Util
Batter,Carter Jensen,KCR,77.0,308,10.0,35.0,36.0,3.0,10.10%,24.60%,0.174,0.305,0.248,0.327,0.421,0.326,106.0,-0.2,1.8,2.1,1.5,,,,,,,,,,,,,,,,Util
Batter,Jonathan India,KCR,111.0,474,11.0,55.0,46.0,5.0,10.30%,19.00%,0.139,0.291,0.248,0.34,0.388,0.323,104.0,-0.1,2.0,-3.8,1.5,,,,,,,,,,,,,,,,Util
Batter,Cole Young,SEA,90.0,341,6.0,38.0,33.0,5.0,10.30%,17.30%,0.126,0.28,0.243,0.329,0.368,0.31,104.0,-0.1,1.7,1.0,1.5,,,,,,,,,,,,,,,,Util
Batter,Trevor Story,BOS,109.0,482,17.0,59.0,57.0,17.0,6.00%,26.70%,0.167,0.308,0.247,0.298,0.414,0.308,92.0,1.2,-3.1,0.8,1.5,,,,,,,,,,,,,,,,Util
Batter,Jonathan Aranda,TBR,106.0,472,16.0,60.0,55.0,2.0,10.70%,26.50%,0.171,0.328,0.257,0.346,0.428,0.338,116.0,-2.1,6.9,-9.0,1.5,,,,,,,,,,,,,,,,Util
Batter,Jake Burger,TEX,118.0,503,25.0,61.0,74.0,2.0,5.70%,24.80%,0.21,0.285,0.248,0.3,0.458,0.325,110.0,-0.7,5.1,-8.3,1.4,,,,,,,,,,,,,,,,Util
Batter,Teoscar Hernández,LAD,133.0,548,26.0,69.0,80.0,6.0,6.60%,26.40%,0.206,0.305,0.255,0.31,0.461,0.33,112.0,-1.2,6.9,-11.0,1.4,,,,,,,,,,,,,,,,Util
Batter,Bryan Reynolds,PIT,136.0,606,20.0,72.0,74.0,5.0,8.60%,24.40%,0.168,0.311,0.254,0.325,0.422,0.325,106.0,-0.6,3.9,-10.0,1.4,,,,,,,,,,,,,,,,Util
Batter,J.T. Realmuto,PHI,98.0,392,12.0,43.0,45.0,5.0,6.50%,24.10%,0.155,0.3,0.246,0.304,0.4,0.306,93.0,-0.5,-3.5,9.6,1.4,,,,,,,,,,,,,,,,Util
Batter,Willson Contreras,BOS,105.0,456,19.0,58.0,62.0,4.0,9.60%,25.40%,0.198,0.301,0.248,0.338,0.447,0.341,115.0,-1.2,7.0,-8.9,1.4,,,,,,,,,,,,,,,,Util
Batter,Heliot Ramos,SFG,123.0,537,19.0,64.0,66.0,6.0,7.80%,24.10%,0.172,0.309,0.256,0.323,0.428,0.326,111.0,-0.8,6.2,-10.3,1.4,,,,,,,,,,,,,,,,Util
Batter,Ha-Seong Kim,ATL,89.0,361,8.0,41.0,37.0,13.0,10.90%,18.40%,0.13,0.284,0.245,0.332,0.374,0.312,99.0,0.5,0.0,1.7,1.4,,,,,,,,,,,,,,,,Util
Batter,Sal Stewart,CIN,97.0,416,15.0,51.0,57.0,6.0,8.50%,19.10%,0.182,0.305,0.271,0.337,0.452,0.342,115.0,-0.3,7.1,-7.4,1.4,,,,,,,,,,,,,,,,Util
Batter,Christian Yelich,MIL,109.0,476,16.0,58.0,60.0,12.0,11.10%,23.90%,0.166,0.316,0.258,0.345,0.424,0.334,115.0,1.2,9.7,-12.0,1.4,,,,,,,,,,,,,,,,Util
Batter,Chase DeLauter,CLE,115.0,471,14.0,50.0,51.0,3.0,9.40%,18.90%,0.156,0.287,0.251,0.325,0.407,0.321,107.0,-0.6,3.1,-5.9,1.4,,,,,,,,,,,,,,,,Util
Batter,Kyle Teel,CHW,74.0,313,9.0,35.0,33.0,4.0,11.10%,25.10%,0.141,0.314,0.248,0.336,0.388,0.321,105.0,-0.4,1.5,0.4,1.3,,,,,,,,,,,,,,,,Util
Batter,Nick Gonzales,PIT,91.0,368,7.0,39.0,40.0,3.0,6.50%,20.10%,0.137,0.316,0.263,0.318,0.401,0.313,98.0,-0.3,-1.1,1.8,1.3,,,,,,,,,,,,,,,,Util
Batter,Kerry Carpenter,DET,93.0,422,20.0,57.0,54.0,3.0,6.60%,23.70%,0.219,0.29,0.254,0.311,0.473,0.335,115.0,-0.6,6.8,-8.4,1.3,,,,,,,,,,,,,,,,Util
Batter,Justin Crawford,PHI,97.0,363,5.0,42.0,35.0,18.0,7.60%,20.80%,0.109,0.328,0.267,0.325,0.376,0.309,95.0,1.2,-0.8,1.5,1.3,,,,,,,,,,,,,,,,Util
Batter,Spencer Horwitz,PIT,96.0,399,10.0,46.0,44.0,2.0,12.00%,18.30%,0.151,0.307,0.264,0.359,0.416,0.34,117.0,-1.0,6.9,-7.4,1.3,,,,,,,,,,,,,,,,Util
Batter,Willi Castro,COL,116.0,509,12.0,61.0,52.0,13.0,7.90%,22.50%,0.146,0.308,0.251,0.326,0.397,0.317,89.0,0.4,-6.0,1.7,1.3,,,,,,,,,,,,,,,,Util
Batter,Kyle Manzardo,CLE,96.0,415,20.0,51.0,58.0,2.0,10.30%,23.60%,0.216,0.267,0.236,0.322,0.453,0.334,116.0,-0.6,7.1,-8.8,1.3,,,,,,,,,,,,,,,,Util
Batter,Pedro Pagés,STL,69.0,270,8.0,27.0,29.0,1.0,7.00%,25.30%,0.143,0.285,0.231,0.29,0.373,0.29,86.0,-0.7,-5.2,5.4,1.3,,,,,,,,,,,,,,,,Util
Batter,Brenton Doyle,COL,119.0,484,16.0,55.0,56.0,17.0,6.50%,26.50%,0.163,0.306,0.245,0.297,0.408,0.305,81.0,1.1,-9.7,5.9,1.3,,,,,,,,,,,,,,,,Util
Batter,Jac Caglianone,KCR,94.0,391,17.0,48.0,54.0,2.0,7.60%,21.10%,0.199,0.286,0.256,0.32,0.454,0.333,111.0,-0.4,4.5,-5.7,1.3,,,,,,,,,,,,,,,,Util
Batter,Brandon Marsh,PHI,102.0,408,11.0,46.0,45.0,9.0,9.90%,28.30%,0.153,0.337,0.252,0.329,0.405,0.321,104.0,0.4,2.3,-3.6,1.3,,,,,,,,,,,,,,,,Util
Batter,Agustín Ramírez,MIA,96.0,422,17.0,51.0,56.0,10.0,7.50%,19.10%,0.192,0.274,0.25,0.312,0.442,0.325,107.0,-0.2,3.2,-5.8,1.3,,,,,,,,,,,,,,,,Util
Batter,Harrison Bader,SFG,101.0,398,11.0,43.0,43.0,11.0,6.30%,23.70%,0.141,0.304,0.248,0.305,0.389,0.303,96.0,0.1,-1.9,0.6,1.2,,,,,,,,,,,,,,,,Util
Batter,Jacob Young,WSN,89.0,337,4.0,35.0,29.0,18.0,7.00%,18.50%,0.09,0.305,0.253,0.314,0.343,0.292,86.0,1.7,-4.1,4.8,1.2,,,,,,,,,,,,,,,,Util
Batter,Ryan McMahon,NYY,101.0,408,14.0,45.0,45.0,3.0,11.30%,32.20%,0.162,0.286,0.211,0.304,0.373,0.298,91.0,-0.4,-4.8,2.7,1.2,,,,,,,,,,,,,,,,Util
Batter,Ryan O'Hearn,PIT,106.0,447,13.0,52.0,55.0,3.0,9.00%,18.40%,0.157,0.307,0.269,0.34,0.426,0.333,112.0,-1.2,5.0,-8.1,1.2,,,,,,,,,,,,,,,,Util
Batter,Eugenio Suárez,CIN,135.0,563,32.0,72.0,83.0,3.0,8.50%,29.50%,0.237,0.277,0.234,0.31,0.471,0.335,110.0,-2.1,4.6,-11.6,1.2,,,,,,,,,,,,,,,,Util
Batter,Luis Torrens,NYM,51.0,202,6.0,22.0,22.0,1.0,6.70%,22.50%,0.147,0.285,0.239,0.296,0.387,0.298,93.0,-0.3,-1.9,5.9,1.2,,,,,,,,,,,,,,,,Util
Batter,Samuel Basallo,BAL,89.0,364,16.0,43.0,47.0,2.0,8.30%,24.30%,0.197,0.279,0.241,0.309,0.438,0.322,108.0,-0.4,2.9,-2.8,1.2,,,,,,,,,,,,,,,,Util
Batter,Jared Triolo,PIT,102.0,415,8.0,43.0,39.0,11.0,10.80%,23.20%,0.119,0.305,0.241,0.328,0.36,0.307,94.0,0.1,-3.0,0.9,1.2,,,,,,,,,,,,,,,,Util
Batter,Kyle Stowers,MIA,92.0,389,16.0,47.0,50.0,3.0,9.50%,28.40%,0.199,0.303,0.241,0.32,0.44,0.328,109.0,-0.2,3.9,-5.3,1.2,,,,,,,,,,,,,,,,Util
Batter,Spencer Torkelson,DET,135.0,570,23.0,67.0,72.0,2.0,11.00%,26.30%,0.197,0.275,0.228,0.32,0.425,0.323,106.0,-0.6,3.7,-12.0,1.2,,,,,,,,,,,,,,,,Util
Batter,Sean Murphy,ATL,78.0,316,12.0,36.0,38.0,1.0,9.90%,27.10%,0.182,0.267,0.219,0.31,0.401,0.311,98.0,-0.5,-1.1,0.9,1.2,,,,,,,,,,,,,,,,Util
Batter,Mark Vientos,NYM,103.0,432,20.0,53.0,60.0,1.0,7.50%,26.00%,0.208,0.294,0.248,0.31,0.456,0.33,115.0,-1.2,6.4,-9.5,1.2,,,,,,,,,,,,,,,,Util
Batter,Parker Meadows,DET,104.0,412,10.0,45.0,42.0,10.0,9.50%,25.20%,0.149,0.287,0.228,0.304,0.377,0.299,90.0,0.6,-4.3,1.3,1.1,,,,,,,,,,,,,,,,Util
Batter,Josh Bell,MIN,110.0,487,18.0,61.0,59.0,2.0,10.40%,19.00%,0.177,0.28,0.252,0.335,0.429,0.333,113.0,-1.8,5.6,-11.2,1.1,,,,,,,,,,,,,,,,Util
Batter,Ke'Bryan Hayes,CIN,109.0,425,9.0,45.0,42.0,9.0,6.90%,20.20%,0.119,0.296,0.249,0.305,0.368,0.295,83.0,0.4,-8.4,5.3,1.1,,,,,,,,,,,,,,,,Util
Batter,Connor Norby,MIA,114.0,442,13.0,49.0,49.0,8.0,7.40%,27.10%,0.155,0.308,0.241,0.303,0.397,0.305,93.0,-0.3,-3.8,0.1,1.1,,,,,,,,,,,,,,,,Util
Batter,Victor Scott II,STL,111.0,420,7.0,45.0,37.0,26.0,8.00%,21.90%,0.101,0.281,0.227,0.298,0.328,0.28,79.0,2.6,-7.6,4.5,1.1,,,,,,,,,,,,,,,,Util
Batter,Tommy Edman,LAD,80.0,324,9.0,37.0,38.0,6.0,6.50%,17.70%,0.151,0.279,0.25,0.305,0.401,0.308,97.0,0.3,-0.9,0.9,1.1,,,,,,,,,,,,,,,,Util
Batter,Luis Rengifo,MIL,89.0,360,9.0,38.0,39.0,10.0,6.50%,18.60%,0.136,0.29,0.252,0.307,0.389,0.304,95.0,0.5,-1.9,0.7,1.1,,,,,,,,,,,,,,,,Util
Batter,Danny Jansen,TEX,80.0,307,12.0,37.0,36.0,1.0,10.60%,22.90%,0.181,0.253,0.221,0.314,0.403,0.314,102.0,-0.8,0.1,4.6,1.1,,,,,,,,,,,,,,,,Util
Batter,Jesús Sánchez,TOR,88.0,369,13.0,44.0,45.0,8.0,8.60%,23.80%,0.179,0.298,0.249,0.317,0.428,0.322,107.0,0.0,3.1,-5.1,1.1,,,,,,,,,,,,,,,,Util
Batter,Ramón Laureano,SDP,103.0,420,16.0,48.0,52.0,7.0,7.10%,27.10%,0.183,0.302,0.243,0.307,0.426,0.317,107.0,-0.7,2.7,-6.0,1.1,,,,,,,,,,,,,,,,Util
Batter,Christian Walker,HOU,124.0,511,23.0,60.0,68.0,3.0,8.50%,26.20%,0.2,0.27,0.23,0.305,0.43,0.317,104.0,-1.2,1.0,-7.9,1.1,,,,,,,,,,,,,,,,Util
Batter,Jose Trevino,CIN,51.0,200,6.0,21.0,22.0,1.0,6.00%,15.40%,0.142,0.269,0.249,0.298,0.391,0.3,86.0,-0.4,-3.7,3.6,1.1,,,,,,,,,,,,,,,,Util
Batter,Kyle Isbel,KCR,101.0,382,8.0,42.0,39.0,8.0,6.40%,19.70%,0.134,0.295,0.25,0.303,0.384,0.3,88.0,0.7,-4.7,2.0,1.1,,,,,,,,,,,,,,,,Util
Batter,Jake Rogers,DET,51.0,198,6.0,21.0,21.0,1.0,8.10%,28.80%,0.16,0.269,0.211,0.281,0.371,0.285,81.0,-0.2,-4.7,4.5,1.1,,,,,,,,,,,,,,,,Util
Batter,Brett Baty,NYM,88.0,357,14.0,41.0,44.0,4.0,8.50%,24.50%,0.173,0.297,0.248,0.315,0.421,0.32,108.0,-0.4,2.9,-4.4,1.1,,,,,,,,,,,,,,,,Util
Batter,Cedric Mullins,TBR,97.0,412,12.0,46.0,45.0,17.0,9.00%,23.50%,0.155,0.272,0.227,0.301,0.382,0.3,90.0,0.5,-4.3,0.4,1.0,,,,,,,,,,,,,,,,Util
Batter,Luisangel Acuña,CHW,93.0,355,5.0,38.0,34.0,19.0,6.10%,17.40%,0.106,0.301,0.259,0.307,0.364,0.295,88.0,1.6,-3.6,1.6,1.0,,,,,,,,,,,,,,,,Util
Batter,Garrett Mitchell,MIL,78.0,304,9.0,34.0,34.0,9.0,9.60%,29.00%,0.159,0.318,0.239,0.317,0.398,0.313,101.0,0.3,0.6,-0.5,1.0,,,,,,,,,,,,,,,,Util
Batter,Jordan Lawlar,ARI,96.0,364,8.0,43.0,38.0,13.0,8.80%,25.50%,0.145,0.313,0.242,0.317,0.387,0.308,96.0,1.0,-0.8,-1.1,1.0,,,,,,,,,,,,,,,,Util
Batter,Nolan Gorman,STL,106.0,442,20.0,50.0,56.0,3.0,10.30%,32.20%,0.194,0.282,0.218,0.301,0.412,0.309,100.0,-1.5,-1.7,-2.9,1.0,,,,,,,,,,,,,,,,Util
Batter,Marcelo Mayer,BOS,89.0,355,10.0,38.0,41.0,4.0,7.30%,22.80%,0.164,0.303,0.251,0.31,0.415,0.314,96.0,-0.1,-1.5,-0.7,1.0,,,,,,,,,,,,,,,,Util
Batter,Isaac Collins,KCR,89.0,352,7.0,41.0,36.0,11.0,12.30%,21.40%,0.142,0.301,0.245,0.346,0.387,0.325,105.0,0.3,2.4,-4.8,1.0,,,,,,,,,,,,,,,,Util
Batter,Dylan Beavers,BAL,69.0,282,8.0,34.0,31.0,7.0,12.10%,23.10%,0.156,0.297,0.243,0.339,0.399,0.325,110.0,0.0,3.4,-3.3,1.0,,,,,,,,,,,,,,,,Util
Batter,Nick Fortes,TBR,71.0,282,7.0,28.0,30.0,2.0,5.90%,18.20%,0.136,0.263,0.234,0.29,0.37,0.289,83.0,-0.2,-5.9,3.0,1.0,,,,,,,,,,,,,,,,Util
Batter,Tyler O'Neill,BAL,90.0,380,17.0,47.0,50.0,4.0,10.30%,28.70%,0.198,0.289,0.233,0.318,0.431,0.324,109.0,-0.2,3.8,-7.2,1.0,,,,,,,,,,,,,,,,Util
Batter,Gavin Lux,TBR,80.0,334,5.0,34.0,31.0,2.0,10.30%,22.10%,0.114,0.315,0.25,0.33,0.364,0.308,96.0,-0.4,-1.9,0.0,1.0,,,,,,,,,,,,,,,,Util
Batter,Victor Caratini,MIN,77.0,318,9.0,35.0,37.0,1.0,7.70%,18.00%,0.145,0.289,0.257,0.325,0.402,0.319,103.0,-1.2,0.1,-1.5,1.0,,,,,,,,,,,,,,,,Util
Batter,Nasim Nuñez,WSN,77.0,343,5.0,40.0,28.0,25.0,10.10%,22.80%,0.096,0.294,0.233,0.314,0.329,0.289,83.0,1.5,-5.2,3.2,1.0,,,,,,,,,,,,,,,,Util
Batter,Dylan Crews,WSN,88.0,360,12.0,41.0,41.0,16.0,7.20%,21.40%,0.166,0.282,0.243,0.307,0.409,0.311,99.0,0.8,0.4,-3.1,0.9,,,,,,,,,,,,,,,,Util
Batter,Davis Schneider,TOR,74.0,307,11.0,37.0,34.0,4.0,12.80%,28.50%,0.176,0.278,0.217,0.325,0.394,0.317,104.0,-0.4,1.0,-2.5,0.9,,,,,,,,,,,,,,,,Util
Batter,Joc Pederson,TEX,81.0,332,15.0,41.0,43.0,3.0,11.20%,23.10%,0.202,0.274,0.24,0.338,0.442,0.339,120.0,-0.7,7.0,-9.3,0.9,,,,,,,,,,,,,,,,Util
Batter,Marcell Ozuna,PIT,105.0,451,19.0,55.0,60.0,1.0,12.20%,24.20%,0.192,0.288,0.244,0.339,0.436,0.337,115.0,-1.6,6.3,-12.2,0.9,,,,,,,,,,,,,,,,Util
Batter,Yoán Moncada,LAA,85.0,357,10.0,38.0,40.0,1.0,8.80%,27.80%,0.157,0.312,0.24,0.314,0.397,0.31,97.0,-0.8,-2.0,-1.4,0.9,,,,,,,,,,,,,,,,Util
Batter,Tyler Stephenson,CIN,97.0,399,13.0,42.0,44.0,1.0,9.60%,27.80%,0.157,0.301,0.234,0.313,0.39,0.308,92.0,-0.8,-4.7,3.3,0.9,,,,,,,,,,,,,,,,Util
Batter,Adolis García,PHI,120.0,500,22.0,59.0,67.0,10.0,7.00%,26.10%,0.196,0.28,0.237,0.296,0.433,0.314,99.0,0.1,-0.4,-7.5,0.9,,,,,,,,,,,,,,,,Util
Batter,José Caballero,NYY,75.0,302,5.0,33.0,28.0,29.0,10.00%,25.70%,0.114,0.293,0.224,0.314,0.338,0.292,87.0,1.9,-2.7,1.0,0.9,,,,,,,,,,,,,,,,Util
Batter,Chandler Simpson,TBR,88.0,353,2.0,38.0,30.0,32.0,6.00%,11.40%,0.073,0.316,0.283,0.327,0.356,0.301,91.0,2.8,-0.8,-2.8,0.9,,,,,,,,,,,,,,,,Util
Batter,Cam Smith,HOU,100.0,407,10.0,44.0,43.0,6.0,8.60%,25.80%,0.147,0.31,0.243,0.316,0.389,0.309,98.0,0.1,-0.9,-4.7,0.9,,,,,,,,,,,,,,,,Util
Batter,Brady House,WSN,108.0,430,13.0,42.0,48.0,5.0,4.60%,26.60%,0.145,0.308,0.244,0.283,0.39,0.291,85.0,-0.2,-7.9,1.9,0.9,,,,,,,,,,,,,,,,Util
Batter,Austin Martin,MIN,70.0,291,3.0,33.0,25.0,10.0,11.20%,17.60%,0.099,0.309,0.257,0.348,0.356,0.315,101.0,0.4,0.7,-2.4,0.9,,,,,,,,,,,,,,,,Util
Batter,Gabriel Arias,CLE,90.0,360,10.0,35.0,38.0,7.0,6.30%,31.00%,0.146,0.311,0.228,0.284,0.374,0.286,83.0,0.3,-7.0,2.9,0.8,,,,,,,,,,,,,,,,Util
Batter,Henry Davis,PIT,59.0,232,7.0,24.0,25.0,3.0,8.50%,26.20%,0.146,0.279,0.222,0.299,0.369,0.294,85.0,-0.3,-4.4,5.3,0.8,,,,,,,,,,,,,,,,Util
Batter,Mike Yastrzemski,ATL,89.0,379,14.0,46.0,44.0,4.0,10.80%,23.70%,0.18,0.272,0.23,0.319,0.41,0.317,102.0,-0.3,0.8,-5.1,0.8,,,,,,,,,,,,,,,,Util
Batter,Miguel Amaya,CHC,68.0,261,8.0,29.0,29.0,2.0,7.20%,20.40%,0.151,0.278,0.24,0.306,0.391,0.305,96.0,-0.6,-1.8,2.7,0.8,,,,,,,,,,,,,,,,Util
Batter,Nathan Lukes,TOR,61.0,253,5.0,30.0,26.0,3.0,8.30%,15.80%,0.134,0.309,0.273,0.336,0.406,0.324,108.0,-0.3,2.2,-2.7,0.8,,,,,,,,,,,,,,,,Util
Batter,Joey Bart,PIT,62.0,242,6.0,26.0,25.0,2.0,9.60%,27.70%,0.135,0.316,0.239,0.323,0.374,0.309,95.0,-0.6,-2.0,3.2,0.8,,,,,,,,,,,,,,,,Util
Batter,Kyle Higashioka,TEX,48.0,188,8.0,21.0,23.0,2.0,5.90%,24.50%,0.18,0.264,0.228,0.277,0.408,0.295,89.0,-0.6,-3.0,2.0,0.8,,,,,,,,,,,,,,,,Util
Batter,Alek Thomas,ARI,86.0,334,8.0,36.0,38.0,6.0,5.60%,23.50%,0.145,0.301,0.246,0.293,0.392,0.298,88.0,1.0,-3.6,0.6,0.8,,,,,,,,,,,,,,,,Util
Batter,Trevor Larnach,MIN,90.0,382,13.0,44.0,44.0,4.0,10.20%,23.90%,0.168,0.3,0.248,0.329,0.416,0.325,107.0,-0.7,2.7,-7.7,0.8,,,,,,,,,,,,,,,,Util
Batter,Logan O'Hoppe,LAA,96.0,381,16.0,42.0,47.0,2.0,6.90%,28.20%,0.179,0.281,0.23,0.289,0.409,0.302,92.0,-1.3,-5.1,5.4,0.8,,,,,,,,,,,,,,,,Util
Batter,Brooks Baldwin,CHW,67.0,264,9.0,29.0,31.0,5.0,6.80%,23.00%,0.164,0.299,0.252,0.307,0.416,0.313,100.0,0.2,0.2,-1.4,0.8,,,,,,,,,,,,,,,,Util
Batter,J.C. Escarra,NYY,36.0,143,3.0,15.0,15.0,1.0,9.20%,19.30%,0.136,0.273,0.236,0.313,0.372,0.302,94.0,-0.2,-1.2,1.2,0.8,,,,,,,,,,,,,,,,Util
Batter,Ramón Urías,STL,67.0,269,7.0,29.0,29.0,2.0,7.00%,21.60%,0.14,0.301,0.252,0.311,0.393,0.308,99.0,-0.5,-1.0,-0.2,0.8,,,,,,,,,,,,,,,,Util
Batter,Jordan Walker,STL,109.0,442,13.0,47.0,49.0,8.0,7.70%,26.00%,0.156,0.309,0.245,0.309,0.401,0.31,100.0,0.0,-0.1,-6.9,0.8,,,,,,,,,,,,,,,,Util
Batter,Max Muncy,ATH,75.0,300,9.0,32.0,34.0,3.0,6.20%,26.70%,0.153,0.304,0.239,0.296,0.392,0.3,88.0,-0.2,-4.3,1.6,0.8,,,,,,,,,,,,,,,,Util
Batter,Lourdes Gurriel Jr.,ARI,91.0,386,12.0,45.0,50.0,6.0,5.80%,16.40%,0.166,0.293,0.268,0.316,0.434,0.324,107.0,-0.4,2.6,-7.9,0.8,,,,,,,,,,,,,,,,Util
Batter,JJ Bleday,CIN,62.0,263,11.0,32.0,33.0,2.0,11.40%,22.40%,0.198,0.264,0.232,0.322,0.43,0.326,104.0,-0.5,0.9,-2.1,0.8,,,,,,,,,,,,,,,,Util
Batter,Amed Rosario,NYY,54.0,228,4.0,24.0,24.0,4.0,4.30%,18.50%,0.12,0.314,0.268,0.305,0.388,0.302,93.0,0.7,-1.1,0.8,0.8,,,,,,,,,,,,,,,,Util
Batter,Christopher Morel,MIA,78.0,319,13.0,36.0,40.0,6.0,9.60%,29.10%,0.193,0.286,0.227,0.308,0.42,0.316,100.0,0.3,0.5,-3.7,0.8,,,,,,,,,,,,,,,,Util
Batter,Dalton Rushing,LAD,43.0,172,6.0,21.0,20.0,1.0,10.20%,28.00%,0.168,0.285,0.225,0.314,0.393,0.311,99.0,-0.2,-0.5,3.2,0.8,,,,,,,,,,,,,,,,Util
Batter,Hunter Feduccia,TBR,55.0,218,4.0,21.0,19.0,1.0,11.50%,27.10%,0.115,0.285,0.213,0.307,0.328,0.285,80.0,-0.4,-5.5,4.3,0.7,,,,,,,,,,,,,,,,Util
Batter,Josh Lowe,LAA,104.0,424,13.0,47.0,48.0,17.0,8.00%,26.90%,0.164,0.311,0.244,0.307,0.408,0.31,97.0,1.1,-0.5,-7.1,0.7,,,,,,,,,,,,,,,,Util
Batter,Noelvi Marte,CIN,95.0,376,13.0,44.0,46.0,10.0,6.50%,22.00%,0.17,0.297,0.254,0.308,0.424,0.316,97.0,0.3,-0.9,-4.7,0.7,,,,,,,,,,,,,,,,Util
Batter,Luis Campusano,SDP,53.0,208,7.0,24.0,24.0,1.0,9.40%,20.10%,0.16,0.281,0.246,0.322,0.406,0.318,107.0,-0.2,1.6,1.5,0.7,,,,,,,,,,,,,,,,Util
Batter,Lane Thomas,KCR,95.0,414,13.0,50.0,46.0,15.0,8.10%,25.50%,0.163,0.294,0.237,0.307,0.4,0.308,94.0,0.4,-2.5,-4.9,0.7,,,,,,,,,,,,,,,,Util
Batter,Romy Gonzalez,BOS,46.0,194,6.0,23.0,24.0,5.0,5.50%,24.60%,0.168,0.336,0.271,0.316,0.439,0.325,104.0,-0.1,0.8,-0.7,0.7,,,,,,,,,,,,,,,,Util
Batter,Edouard Julien,COL,74.0,288,8.0,34.0,29.0,4.0,13.00%,28.70%,0.149,0.328,0.241,0.345,0.39,0.325,95.0,-0.4,-2.2,-0.7,0.7,,,,,,,,,,,,,,,,Util
Batter,Spencer Steer,CIN,92.0,388,13.0,45.0,46.0,7.0,10.00%,21.30%,0.174,0.274,0.237,0.321,0.411,0.32,100.0,-0.3,-0.2,-6.0,0.7,,,,,,,,,,,,,,,,Util
Batter,Colt Emerson,SEA,53.0,214,4.0,22.0,20.0,3.0,9.20%,22.10%,0.117,0.289,0.234,0.313,0.351,0.294,94.0,-0.2,-1.8,1.0,0.7,,,,,,,,,,,,,,,,Util
Batter,Graham Pauley,MIA,66.0,259,8.0,29.0,28.0,3.0,8.80%,19.90%,0.157,0.273,0.238,0.311,0.395,0.309,96.0,-0.3,-1.6,-0.5,0.7,,,,,,,,,,,,,,,,Util
Batter,Thomas Saggese,STL,59.0,242,5.0,24.0,25.0,3.0,6.10%,24.50%,0.129,0.315,0.25,0.302,0.379,0.298,92.0,-0.1,-2.5,1.0,0.7,,,,,,,,,,,,,,,,Util
Batter,Zach McKinstry,DET,79.0,320,6.0,34.0,31.0,10.0,8.80%,21.70%,0.138,0.286,0.234,0.308,0.372,0.299,90.0,0.9,-2.8,-1.7,0.7,,,,,,,,,,,,,,,,Util
Batter,Sung-Mun Song,SDP,66.0,269,6.0,28.0,27.0,6.0,7.20%,16.00%,0.12,0.277,0.247,0.304,0.367,0.293,90.0,0.0,-3.2,0.7,0.7,,,,,,,,,,,,,,,,Util
Batter,Jorge Soler,LAA,102.0,440,19.0,52.0,57.0,1.0,10.30%,27.10%,0.199,0.274,0.228,0.314,0.427,0.322,105.0,-1.6,1.2,-9.8,0.7,,,,,,,,,,,,,,,,Util
Batter,Giancarlo Stanton,NYY,82.0,347,21.0,45.0,53.0,1.0,9.30%,30.60%,0.242,0.271,0.23,0.304,0.471,0.33,113.0,-1.3,4.0,-9.6,0.7,,,,,,,,,,,,,,,,Util
Batter,Carson Williams,TBR,94.0,357,12.0,38.0,38.0,11.0,8.30%,35.20%,0.162,0.276,0.198,0.27,0.36,0.276,74.0,0.3,-10.6,4.7,0.7,,,,,,,,,,,,,,,,Util
Batter,Andrew Vaughn,MIL,118.0,495,18.0,55.0,61.0,1.0,7.30%,20.40%,0.173,0.281,0.248,0.309,0.422,0.317,104.0,-1.7,0.5,-10.6,0.6,,,,,,,,,,,,,,,,Util
Batter,Christian Moore,LAA,63.0,250,7.0,26.0,26.0,4.0,9.00%,29.90%,0.147,0.309,0.23,0.304,0.377,0.298,89.0,-0.1,-3.3,1.0,0.6,,,,,,,,,,,,,,,,Util
Batter,Reese McGuire,CHW,36.0,141,4.0,14.0,15.0,1.0,6.20%,23.00%,0.134,0.279,0.233,0.285,0.367,0.285,81.0,-0.3,-3.5,3.2,0.6,,,,,,,,,,,,,,,,Util
Batter,Owen Caissie,MIA,81.0,313,10.0,35.0,36.0,3.0,9.80%,30.20%,0.172,0.32,0.239,0.318,0.411,0.317,102.0,-0.3,0.3,-4.5,0.6,,,,,,,,,,,,,,,,Util
Batter,Keibert Ruiz,WSN,77.0,324,9.0,34.0,38.0,2.0,5.00%,11.60%,0.145,0.263,0.255,0.298,0.4,0.303,93.0,-0.9,-3.6,5.1,0.6,,,,,,,,,,,,,,,,Util
Batter,Drew Millas,WSN,38.0,150,3.0,15.0,14.0,3.0,8.10%,16.90%,0.12,0.281,0.245,0.31,0.365,0.296,88.0,0.1,-2.0,2.8,0.6,,,,,,,,,,,,,,,,Util
Batter,Harry Ford,WSN,46.0,189,4.0,21.0,18.0,3.0,11.70%,23.00%,0.13,0.284,0.229,0.33,0.359,0.308,97.0,-0.1,-0.8,0.7,0.6,,,,,,,,,,,,,,,,Util
Batter,Liam Hicks,MIA,64.0,269,4.0,28.0,26.0,1.0,11.20%,16.20%,0.109,0.285,0.247,0.344,0.356,0.314,100.0,-0.6,-0.7,-2.4,0.6,,,,,,,,,,,,,,,,Util
Batter,Denzel Clarke,ATH,93.0,350,7.0,39.0,34.0,11.0,7.60%,32.60%,0.136,0.326,0.226,0.295,0.362,0.289,81.0,0.8,-7.0,1.1,0.6,,,,,,,,,,,,,,,,Util
Batter,Matt Shaw,CHC,58.0,222,7.0,27.0,26.0,8.0,9.40%,19.40%,0.164,0.277,0.244,0.321,0.408,0.319,106.0,0.5,1.9,-3.3,0.6,,,,,,,,,,,,,,,,Util
Batter,Javier Sanoja,MIA,55.0,215,4.0,23.0,22.0,5.0,6.20%,11.00%,0.131,0.281,0.263,0.313,0.394,0.308,95.0,0.1,-1.1,-0.1,0.6,,,,,,,,,,,,,,,,Util
Batter,Dominic Canzone,SEA,83.0,329,13.0,37.0,42.0,3.0,7.70%,23.20%,0.18,0.287,0.247,0.308,0.427,0.317,109.0,-0.6,3.0,-8.4,0.6,,,,,,,,,,,,,,,,Util
Batter,José Fermín,STL,42.0,169,3.0,19.0,16.0,6.0,11.50%,13.00%,0.124,0.27,0.247,0.345,0.372,0.32,107.0,0.1,1.4,-1.2,0.6,,,,,,,,,,,,,,,,Util
Batter,Victor Robles,SEA,62.0,263,4.0,30.0,23.0,13.0,6.70%,21.80%,0.112,0.304,0.245,0.309,0.357,0.295,94.0,0.8,-1.0,-2.4,0.6,,,,,,,,,,,,,,,,Util
Batter,George Valera,CLE,73.0,308,12.0,36.0,36.0,2.0,10.30%,27.70%,0.178,0.283,0.227,0.31,0.405,0.312,101.0,-0.4,-0.1,-4.8,0.6,,,,,,,,,,,,,,,,Util
Batter,Jake Fraley,TBR,80.0,333,9.0,37.0,37.0,10.0,9.20%,20.70%,0.142,0.293,0.248,0.323,0.391,0.313,99.0,-0.1,-0.3,-5.5,0.6,,,,,,,,,,,,,,,,Util
Batter,Austin Hedges,CLE,29.0,110,3.0,10.0,10.0,2.0,7.60%,27.10%,0.119,0.247,0.195,0.264,0.314,0.257,63.0,-0.1,-4.9,2.6,0.6,,,,,,,,,,,,,,,,Util
Batter,Jake McCarthy,COL,72.0,319,6.0,40.0,30.0,12.0,7.00%,16.70%,0.137,0.311,0.271,0.332,0.408,0.323,93.0,1.2,-1.4,-3.5,0.6,,,,,,,,,,,,,,,,Util
Batter,Joe Mack,MIA,49.0,197,6.0,20.0,21.0,2.0,7.40%,27.60%,0.148,0.275,0.217,0.282,0.366,0.284,79.0,-0.1,-5.1,4.1,0.6,,,,,,,,,,,,,,,,Util
Batter,Wenceel Pérez,DET,67.0,284,7.0,31.0,30.0,6.0,8.20%,22.20%,0.153,0.288,0.24,0.306,0.393,0.305,95.0,0.4,-1.3,-3.0,0.6,,,,,,,,,,,,,,,,Util
Batter,Yohel Pozo,STL,42.0,166,5.0,18.0,20.0,1.0,3.50%,12.90%,0.156,0.28,0.267,0.295,0.423,0.309,99.0,-0.3,-0.5,0.0,0.6,,,,,,,,,,,,,,,,Util
Batter,Andrew Benintendi,CHW,106.0,444,14.0,48.0,50.0,3.0,8.70%,17.60%,0.155,0.282,0.254,0.322,0.409,0.318,103.0,-0.9,0.8,-10.7,0.5,,,,,,,,,,,,,,,,Util
Batter,CJ Kayfus,CLE,64.0,258,8.0,28.0,29.0,3.0,9.10%,27.10%,0.169,0.305,0.238,0.315,0.407,0.315,103.0,-0.1,0.8,-4.3,0.5,,,,,,,,,,,,,,,,Util
Batter,David Hamilton,MIL,47.0,188,5.0,21.0,19.0,16.0,8.70%,25.40%,0.141,0.27,0.217,0.29,0.359,0.286,82.0,1.5,-2.5,1.4,0.5,,,,,,,,,,,,,,,,Util
Batter,Carson Benge,NYM,80.0,308,7.0,33.0,32.0,5.0,9.40%,22.30%,0.135,0.287,0.235,0.314,0.371,0.301,95.0,-0.2,-1.8,-3.3,0.5,,,,,,,,,,,,,,,,Util
Batter,Rafael Marchán,PHI,37.0,146,3.0,16.0,15.0,1.0,8.70%,17.80%,0.126,0.269,0.235,0.309,0.36,0.296,87.0,-0.3,-2.5,3.3,0.5,,,,,,,,,,,,,,,,Util
Batter,Edgar Quero,CHW,94.0,372,9.0,40.0,39.0,1.0,9.10%,18.10%,0.13,0.299,0.259,0.333,0.389,0.318,104.0,-1.1,0.5,-3.1,0.5,,,,,,,,,,,,,,,,Util
Batter,Javier Báez,DET,77.0,293,8.0,30.0,31.0,5.0,3.90%,23.30%,0.138,0.287,0.238,0.276,0.376,0.282,79.0,0.4,-6.9,2.0,0.5,,,,,,,,,,,,,,,,Util
Batter,Gavin Sheets,SDP,95.0,396,13.0,43.0,46.0,2.0,8.20%,20.60%,0.161,0.28,0.244,0.31,0.405,0.311,102.0,-1.1,0.0,-8.1,0.5,,,,,,,,,,,,,,,,Util
Batter,Leo Rivas,SEA,39.0,151,2.0,16.0,12.0,5.0,14.40%,25.70%,0.091,0.289,0.214,0.334,0.305,0.294,94.0,0.1,-1.0,0.8,0.5,,,,,,,,,,,,,,,,Util
Batter,Darell Hernaiz,ATH,36.0,144,2.0,15.0,14.0,3.0,7.90%,14.40%,0.109,0.298,0.264,0.326,0.374,0.308,94.0,-0.1,-1.1,1.2,0.5,,,,,,,,,,,,,,,,Util
Batter,Luke Raley,SEA,73.0,299,11.0,33.0,34.0,4.0,7.30%,30.40%,0.169,0.293,0.224,0.304,0.393,0.306,102.0,-0.4,0.3,-5.5,0.5,,,,,,,,,,,,,,,,Util
Batter,Nathan Church,STL,48.0,193,4.0,19.0,20.0,4.0,6.60%,14.70%,0.118,0.289,0.259,0.315,0.377,0.304,96.0,0.0,-1.0,-0.4,0.5,,,,,,,,,,,,,,,,Util
Batter,Blaze Alexander,BAL,55.0,212,5.0,23.0,21.0,4.0,8.50%,30.30%,0.135,0.313,0.227,0.306,0.362,0.296,90.0,0.1,-2.5,0.2,0.5,,,,,,,,,,,,,,,,Util
Batter,Casey Schmitt,SFG,52.0,213,6.0,22.0,24.0,1.0,6.80%,23.00%,0.151,0.287,0.24,0.299,0.391,0.3,94.0,-0.3,-1.9,-0.3,0.5,,,,,,,,,,,,,,,,Util
Batter,Cody Freeman,TEX,40.0,164,4.0,18.0,18.0,2.0,6.00%,14.90%,0.143,0.272,0.252,0.3,0.395,0.302,94.0,-0.1,-1.3,0.6,0.5,,,,,,,,,,,,,,,,Util
Batter,Mauricio Dubón,ATL,89.0,343,6.0,36.0,35.0,3.0,5.10%,12.70%,0.112,0.287,0.263,0.303,0.375,0.296,88.0,-0.3,-5.1,-1.4,0.5,,,,,,,,,,,,,,,,Util
Batter,Michael Massey,KCR,53.0,220,6.0,24.0,26.0,2.0,4.90%,17.80%,0.151,0.285,0.255,0.296,0.405,0.303,90.0,-0.2,-2.6,-0.1,0.5,,,,,,,,,,,,,,,,Util
Batter,Kyle Karros,COL,49.0,195,4.0,21.0,20.0,2.0,8.70%,22.60%,0.131,0.33,0.263,0.334,0.394,0.319,91.0,-0.3,-2.4,0.8,0.5,,,,,,,,,,,,,,,,Util
Batter,Edmundo Sosa,PHI,55.0,222,6.0,24.0,25.0,2.0,4.20%,22.70%,0.152,0.299,0.25,0.292,0.402,0.3,90.0,0.2,-2.5,-0.1,0.5,,,,,,,,,,,,,,,,Util
Batter,Miguel Andujar,SDP,67.0,269,7.0,30.0,32.0,1.0,5.80%,15.50%,0.144,0.304,0.276,0.321,0.42,0.321,109.0,-0.5,2.3,-6.5,0.5,,,,,,,,,,,,,,,,Util
Batter,Paul Goldschmidt,NYY,82.0,356,11.0,42.0,41.0,4.0,8.50%,22.60%,0.155,0.307,0.255,0.322,0.409,0.317,104.0,-0.9,0.7,-8.2,0.5,,,,,,,,,,,,,,,,Util
Batter,Coby Mayo,BAL,43.0,170,6.0,19.0,21.0,1.0,9.20%,27.10%,0.187,0.286,0.232,0.309,0.419,0.316,104.0,-0.1,0.7,-1.8,0.5,,,,,,,,,,,,,,,,Util
Batter,Tyler Freeman,COL,60.0,259,4.0,32.0,24.0,10.0,7.80%,13.20%,0.119,0.308,0.277,0.351,0.397,0.33,98.0,0.4,-0.2,-3.8,0.5,,,,,,,,,,,,,,,,Util
Batter,Jeremiah Jackson,BAL,44.0,188,6.0,22.0,22.0,3.0,4.90%,22.60%,0.16,0.29,0.246,0.287,0.406,0.299,92.0,-0.1,-1.8,0.0,0.5,,,,,,,,,,,,,,,,Util
Batter,Ryan Ritter,COL,54.0,207,5.0,23.0,22.0,3.0,7.40%,25.50%,0.147,0.316,0.247,0.313,0.394,0.309,84.0,0.0,-4.0,1.6,0.5,,,,,,,,,,,,,,,,Util
Batter,Ezequiel Duran,TEX,55.0,222,5.0,24.0,23.0,6.0,5.00%,23.70%,0.136,0.306,0.248,0.292,0.383,0.294,88.0,-0.1,-3.1,0.1,0.5,,,,,,,,,,,,,,,,Util
Batter,Moisés Ballesteros,CHC,71.0,283,7.0,30.0,32.0,2.0,8.20%,17.30%,0.142,0.303,0.266,0.33,0.408,0.322,108.0,-0.5,2.1,-7.0,0.5,,,,,,,,,,,,,,,,Util
Batter,Matt Vierling,DET,69.0,301,7.0,33.0,30.0,3.0,8.00%,23.50%,0.13,0.302,0.242,0.309,0.373,0.3,91.0,0.0,-3.3,-2.5,0.5,,,,,,,,,,,,,,,,Util
Batter,Pavin Smith,ARI,87.0,361,10.0,40.0,39.0,3.0,12.50%,25.60%,0.154,0.302,0.237,0.335,0.391,0.32,104.0,-1.0,0.6,-8.2,0.4,,,,,,,,,,,,,,,,Util
Batter,Alan Roden,MIN,45.0,180,4.0,20.0,19.0,3.0,9.00%,18.80%,0.137,0.299,0.255,0.335,0.392,0.32,104.0,-0.1,0.8,-2.6,0.4,,,,,,,,,,,,,,,,Util
Batter,Jesse Winker,,50.0,210,6.0,25.0,23.0,3.0,13.40%,22.10%,0.154,0.297,0.244,0.355,0.398,0.333,113.0,-0.9,2.4,-5.2,0.4,,,,,,,,,,,,,,,,Util
Batter,Angel Martínez,CLE,55.0,240,6.0,27.0,24.0,4.0,6.30%,20.70%,0.139,0.281,0.239,0.293,0.377,0.293,88.0,0.2,-3.3,-0.6,0.4,,,,,,,,,,,,,,,,Util
Batter,Tyler Heineman,TOR,25.0,99,2.0,10.0,9.0,1.0,8.70%,22.00%,0.105,0.279,0.225,0.305,0.331,0.285,81.0,-0.2,-2.4,2.1,0.4,,,,,,,,,,,,,,,,Util
Batter,Rob Refsnyder,SEA,46.0,198,6.0,23.0,22.0,2.0,10.30%,27.20%,0.161,0.308,0.24,0.326,0.4,0.318,110.0,-0.3,2.0,-4.5,0.4,,,,,,,,,,,,,,,,Util
Batter,Juan Brito,CLE,33.0,135,3.0,15.0,13.0,2.0,10.60%,20.00%,0.136,0.271,0.23,0.318,0.366,0.302,94.0,-0.1,-1.0,0.6,0.4,,,,,,,,,,,,,,,,Util
Batter,Christian Vázquez,HOU,31.0,120,3.0,12.0,12.0,1.0,6.20%,20.80%,0.114,0.268,0.226,0.28,0.34,0.273,73.0,-0.4,-4.2,2.6,0.4,,,,,,,,,,,,,,,,Util
Batter,Endy Rodríguez,PIT,27.0,109,3.0,12.0,12.0,1.0,8.60%,20.80%,0.145,0.292,0.245,0.314,0.39,0.309,95.0,-0.1,-0.7,0.9,0.4,,,,,,,,,,,,,,,,Util
Batter,Alex Call,LAD,36.0,152,4.0,18.0,16.0,2.0,11.80%,19.70%,0.141,0.277,0.237,0.336,0.378,0.317,103.0,-0.2,0.4,-1.4,0.4,,,,,,,,,,,,,,,,Util
Batter,James McCann,ARI,46.0,181,5.0,19.0,20.0,1.0,5.50%,25.40%,0.146,0.301,0.242,0.291,0.388,0.295,87.0,-0.5,-3.3,2.9,0.4,,,,,,,,,,,,,,,,Util
Batter,Leo Jiménez,TOR,30.0,120,3.0,13.0,12.0,1.0,8.30%,21.80%,0.124,0.286,0.235,0.318,0.359,0.302,93.0,-0.2,-1.2,1.1,0.4,,,,,,,,,,,,,,,,Util
Batter,Miguel Rojas,LAD,32.0,127,3.0,14.0,14.0,2.0,6.30%,13.80%,0.119,0.282,0.257,0.31,0.376,0.3,92.0,-0.1,-1.3,1.1,0.4,,,,,,,,,,,,,,,,Util
Batter,Sam Haggerty,TEX,47.0,203,3.0,24.0,19.0,9.0,8.30%,21.90%,0.122,0.311,0.251,0.319,0.373,0.304,96.0,0.6,-0.4,-2.6,0.4,,,,,,,,,,,,,,,,Util
Batter,Vaughn Grissom,LAA,32.0,130,3.0,13.0,13.0,2.0,7.90%,20.20%,0.12,0.297,0.248,0.315,0.368,0.302,91.0,0.0,-1.3,0.8,0.4,,,,,,,,,,,,,,,,Util
Batter,Jake Mangum,PIT,61.0,252,3.0,25.0,24.0,10.0,4.90%,17.30%,0.098,0.329,0.278,0.318,0.377,0.304,92.0,0.3,-2.0,-2.5,0.4,,,,,,,,,,,,,,,,Util
Batter,Ben Williamson,TBR,54.0,210,2.0,21.0,19.0,4.0,7.10%,20.80%,0.098,0.322,0.259,0.317,0.357,0.298,89.0,-0.1,-2.9,-0.5,0.4,,,,,,,,,,,,,,,,Util
Batter,Travis Bazzana,CLE,45.0,181,4.0,18.0,16.0,3.0,11.00%,28.10%,0.123,0.29,0.215,0.308,0.338,0.29,85.0,-0.1,-3.2,0.7,0.4,,,,,,,,,,,,,,,,Util
Batter,Jordan Beck,COL,105.0,439,13.0,50.0,49.0,14.0,8.00%,27.60%,0.166,0.323,0.249,0.313,0.415,0.316,89.0,0.5,-5.5,-5.4,0.4,,,,,,,,,,,,,,,,Util
Batter,Lenyn Sosa,CHW,85.0,346,13.0,36.0,42.0,2.0,4.20%,22.20%,0.163,0.293,0.253,0.288,0.416,0.303,93.0,-0.4,-3.1,-5.0,0.4,,,,,,,,,,,,,,,,Util
Batter,Richie Palacios,TBR,52.0,216,4.0,22.0,19.0,6.0,11.10%,20.10%,0.118,0.283,0.235,0.327,0.353,0.303,93.0,0.2,-1.7,-2.0,0.4,,,,,,,,,,,,,,,,Util
Batter,Connor Wong,BOS,57.0,230,5.0,24.0,24.0,4.0,6.90%,24.80%,0.132,0.305,0.241,0.301,0.373,0.295,84.0,-0.3,-4.7,3.4,0.4,,,,,,,,,,,,,,,,Util
Batter,José Tena,WSN,49.0,199,4.0,20.0,19.0,6.0,7.10%,24.80%,0.122,0.317,0.247,0.304,0.369,0.296,88.0,0.0,-2.8,-0.2,0.4,,,,,,,,,,,,,,,,Util
Batter,Alex Freeland,LAD,36.0,135,3.0,16.0,14.0,3.0,11.30%,26.10%,0.14,0.284,0.222,0.316,0.362,0.301,93.0,0.1,-1.1,0.2,0.4,,,,,,,,,,,,,,,,Util
Batter,Gary Sánchez,MIL,37.0,153,7.0,17.0,19.0,0.0,8.20%,27.50%,0.191,0.26,0.218,0.295,0.409,0.307,96.0,-0.4,-1.1,0.8,0.4,,,,,,,,,,,,,,,,Util
Batter,Mickey Moniak,COL,93.0,394,17.0,48.0,55.0,7.0,5.00%,24.80%,0.206,0.306,0.258,0.3,0.464,0.326,95.0,-0.3,-2.6,-7.0,0.4,,,,,,,,,,,,,,,,Util
Batter,Leody Taveras,BAL,30.0,119,3.0,14.0,13.0,5.0,7.30%,20.90%,0.142,0.289,0.245,0.302,0.387,0.3,93.0,0.3,-0.7,0.1,0.4,,,,,,,,,,,,,,,,Util
Batter,Austin Hays,CHW,88.0,368,11.0,39.0,43.0,4.0,6.70%,25.10%,0.163,0.297,0.241,0.298,0.404,0.304,94.0,-0.3,-3.1,-6.1,0.4,,,,,,,,,,,,,,,,Util
Batter,Rhys Hoskins,CLE,77.0,323,13.0,37.0,39.0,2.0,10.70%,27.50%,0.186,0.276,0.224,0.316,0.411,0.317,104.0,-1.1,0.4,-8.1,0.4,,,,,,,,,,,,,,,,Util
Batter,Jonny DeLuca,TBR,66.0,271,8.0,29.0,29.0,8.0,7.30%,21.60%,0.156,0.268,0.229,0.293,0.385,0.295,87.0,0.4,-3.8,-2.1,0.4,,,,,,,,,,,,,,,,Util
Batter,Austin Wynns,ATH,27.0,107,3.0,11.0,11.0,1.0,6.80%,28.10%,0.14,0.3,0.231,0.29,0.371,0.289,81.0,-0.2,-2.6,2.8,0.4,,,,,,,,,,,,,,,,Util
Batter,Triston Casas,BOS,35.0,145,6.0,18.0,19.0,1.0,12.40%,25.50%,0.202,0.29,0.241,0.34,0.443,0.337,113.0,-0.4,1.8,-3.3,0.4,,,,,,,,,,,,,,,,Util
Batter,Mitch Garver,SEA,27.0,110,4.0,12.0,12.0,1.0,10.80%,28.60%,0.168,0.26,0.207,0.301,0.375,0.298,96.0,-0.4,-0.9,1.6,0.3,,,,,,,,,,,,,,,,Util
Batter,James Outman,MIN,45.0,178,6.0,20.0,19.0,3.0,10.10%,33.90%,0.168,0.3,0.213,0.302,0.38,0.299,90.0,0.1,-2.0,-0.8,0.3,,,,,,,,,,,,,,,,Util
Batter,Zack Gelof,ATH,41.0,164,6.0,18.0,18.0,5.0,8.40%,32.20%,0.165,0.3,0.222,0.291,0.387,0.296,86.0,0.3,-2.4,0.1,0.3,,,,,,,,,,,,,,,,Util
Batter,Jimmy Crooks,STL,29.0,118,3.0,12.0,12.0,0.0,6.90%,26.20%,0.131,0.302,0.236,0.294,0.366,0.289,86.0,-0.2,-2.1,1.9,0.3,,,,,,,,,,,,,,,,Util
Batter,Kody Clemens,MIN,51.0,209,8.0,24.0,26.0,2.0,7.10%,24.10%,0.191,0.269,0.232,0.293,0.423,0.309,96.0,0.0,-0.9,-3.0,0.3,,,,,,,,,,,,,,,,Util
Batter,Blake Perkins,MIL,40.0,161,3.0,17.0,15.0,5.0,10.50%,26.90%,0.121,0.297,0.224,0.309,0.346,0.292,86.0,0.3,-2.4,0.3,0.3,,,,,,,,,,,,,,,,Util
Batter,Oswald Peraza,LAA,56.0,223,6.0,24.0,23.0,7.0,7.50%,26.10%,0.139,0.28,0.224,0.291,0.363,0.288,82.0,0.3,-4.5,0.0,0.3,,,,,,,,,,,,,,,,Util
Batter,Jasson Domínguez,NYY,26.0,105,3.0,13.0,12.0,5.0,9.70%,25.00%,0.158,0.312,0.251,0.327,0.408,0.321,107.0,0.2,1.1,-1.5,0.3,,,,,,,,,,,,,,,,Util
Batter,Will Benson,CIN,71.0,282,10.0,32.0,33.0,7.0,10.80%,31.10%,0.183,0.294,0.221,0.309,0.404,0.311,94.0,-0.4,-2.4,-3.9,0.3,,,,,,,,,,,,,,,,Util
Batter,Nick Loftin,KCR,31.0,124,3.0,14.0,13.0,2.0,10.10%,15.90%,0.131,0.278,0.248,0.331,0.379,0.314,98.0,-0.1,-0.4,-0.7,0.3,,,,,,,,,,,,,,,,Util
Batter,Travis d'Arnaud,LAA,43.0,173,6.0,17.0,19.0,1.0,6.30%,28.50%,0.156,0.274,0.216,0.274,0.372,0.282,78.0,-0.5,-5.0,2.6,0.3,,,,,,,,,,,,,,,,Util
Batter,Esteury Ruiz,MIA,26.0,107,2.0,13.0,11.0,8.0,8.20%,22.70%,0.135,0.302,0.244,0.318,0.378,0.307,95.0,0.6,-0.1,-0.5,0.3,,,,,,,,,,,,,,,,Util
Batter,Nathaniel Lowe,CIN,58.0,247,8.0,28.0,29.0,1.0,11.10%,24.50%,0.163,0.299,0.245,0.332,0.408,0.324,102.0,-0.8,-0.1,-5.2,0.3,,,,,,,,,,,,,,,,Util
Batter,Masataka Yoshida,BOS,40.0,169,5.0,20.0,20.0,1.0,6.70%,13.90%,0.151,0.302,0.279,0.337,0.43,0.334,111.0,-0.4,1.7,-4.6,0.3,,,,,,,,,,,,,,,,Util
Batter,Nick Yorke,PIT,36.0,143,3.0,15.0,14.0,3.0,7.10%,21.70%,0.117,0.314,0.255,0.312,0.372,0.3,89.0,0.0,-1.8,0.0,0.3,,,,,,,,,,,,,,,,Util
Batter,Nick Allen,HOU,34.0,129,1.0,13.0,11.0,3.0,8.00%,19.80%,0.087,0.287,0.235,0.3,0.322,0.278,77.0,0.1,-3.5,1.9,0.3,,,,,,,,,,,,,,,,Util
Batter,Colby Thomas,ATH,36.0,151,6.0,17.0,19.0,2.0,5.60%,30.00%,0.183,0.309,0.239,0.29,0.421,0.307,93.0,-0.1,-1.3,-1.1,0.3,,,,,,,,,,,,,,,,Util
Batter,Jake Bauers,MIL,60.0,244,9.0,28.0,28.0,6.0,12.10%,30.30%,0.176,0.28,0.214,0.315,0.391,0.31,99.0,-0.4,-0.7,-4.6,0.3,,,,,,,,,,,,,,,,Util
Batter,Dane Myers,CIN,50.0,201,5.0,22.0,21.0,7.0,7.20%,25.70%,0.131,0.31,0.244,0.306,0.375,0.299,86.0,0.2,-3.2,-0.7,0.3,,,,,,,,,,,,,,,,Util
Batter,Orlando Arcia,MIN,30.0,119,3.0,12.0,13.0,1.0,7.10%,20.90%,0.138,0.272,0.233,0.291,0.371,0.289,83.0,-0.1,-2.5,1.1,0.3,,,,,,,,,,,,,,,,Util
Batter,Ryan Waldschmidt,ARI,26.0,104,2.0,12.0,10.0,2.0,11.30%,22.30%,0.131,0.307,0.247,0.341,0.378,0.32,103.0,0.0,0.4,-1.2,0.3,,,,,,,,,,,,,,,,Util
Batter,Starling Marte,KCR,46.0,195,5.0,22.0,21.0,5.0,6.30%,21.00%,0.135,0.326,0.271,0.327,0.405,0.32,102.0,0.0,0.4,-4.5,0.3,,,,,,,,,,,,,,,,Util
Batter,Ryan Bliss,SEA,28.0,112,3.0,12.0,11.0,6.0,8.40%,26.30%,0.135,0.282,0.22,0.293,0.355,0.286,88.0,0.2,-1.3,0.1,0.3,,,,,,,,,,,,,,,,Util
Batter,Jonah Heim,ATL,26.0,105,3.0,11.0,12.0,1.0,7.40%,19.80%,0.141,0.261,0.23,0.29,0.371,0.289,83.0,-0.3,-2.4,1.7,0.3,,,,,,,,,,,,,,,,Util
Batter,Zach Cole,HOU,61.0,246,8.0,27.0,27.0,6.0,8.30%,37.70%,0.17,0.32,0.213,0.286,0.383,0.291,86.0,0.1,-4.1,-1.8,0.3,,,,,,,,,,,,,,,,Util
Batter,Tyrone Taylor,NYM,53.0,211,5.0,23.0,22.0,5.0,5.40%,22.60%,0.143,0.281,0.233,0.286,0.376,0.288,86.0,0.6,-2.9,-1.6,0.3,,,,,,,,,,,,,,,,Util
Batter,Daniel Susac,SFG,21.0,85,2.0,8.0,9.0,1.0,5.60%,27.50%,0.13,0.3,0.231,0.281,0.361,0.281,80.0,-0.1,-2.0,1.7,0.3,,,,,,,,,,,,,,,,Util
Batter,Daniel Schneemann,CLE,43.0,177,4.0,18.0,17.0,3.0,9.90%,27.50%,0.134,0.282,0.216,0.298,0.35,0.287,84.0,-0.2,-3.6,0.0,0.3,,,,,,,,,,,,,,,,Util
Batter,Kristian Campbell,BOS,22.0,89,2.0,10.0,9.0,1.0,9.90%,25.60%,0.139,0.322,0.249,0.334,0.388,0.319,100.0,-0.1,0.0,-0.5,0.3,,,,,,,,,,,,,,,,Util
Batter,Santiago Espinal,LAD,35.0,143,2.0,15.0,14.0,2.0,6.60%,13.70%,0.099,0.287,0.258,0.311,0.356,0.294,88.0,0.0,-2.1,-0.2,0.3,,,,,,,,,,,,,,,,Util
Batter,Robert Hassell III,WSN,46.0,179,4.0,18.0,17.0,4.0,7.30%,23.50%,0.114,0.304,0.243,0.302,0.357,0.29,84.0,0.1,-3.3,-0.2,0.3,,,,,,,,,,,,,,,,Util
Batter,Johan Rojas,PHI,28.0,108,2.0,12.0,10.0,6.0,5.70%,21.10%,0.11,0.302,0.247,0.295,0.357,0.286,80.0,0.6,-2.0,0.9,0.3,,,,,,,,,,,,,,,,Util
Batter,Everson Pereira,CHW,44.0,177,7.0,19.0,20.0,3.0,8.00%,32.10%,0.168,0.293,0.22,0.29,0.387,0.296,88.0,-0.1,-2.5,-1.1,0.3,,,,,,,,,,,,,,,,Util
Batter,Andrés Chaparro,WSN,55.0,235,8.0,26.0,29.0,1.0,8.50%,24.00%,0.175,0.28,0.236,0.307,0.411,0.312,99.0,-0.4,-0.6,-4.7,0.3,,,,,,,,,,,,,,,,Util
Batter,Oswaldo Cabrera,NYY,34.0,132,4.0,15.0,15.0,2.0,8.00%,20.20%,0.147,0.281,0.243,0.309,0.39,0.306,97.0,-0.1,-0.6,-1.5,0.3,,,,,,,,,,,,,,,,Util
Batter,Jett Williams,MIL,29.0,117,2.0,12.0,11.0,3.0,10.20%,26.50%,0.13,0.284,0.216,0.303,0.347,0.289,84.0,0.1,-2.1,0.7,0.3,,,,,,,,,,,,,,,,Util
Batter,Taylor Walls,TBR,51.0,199,3.0,20.0,17.0,9.0,10.30%,24.20%,0.112,0.27,0.211,0.295,0.323,0.277,75.0,0.6,-5.4,1.0,0.3,,,,,,,,,,,,,,,,Util
Batter,Jesus Rodriguez,SFG,13.0,52,1.0,5.0,5.0,1.0,8.80%,17.00%,0.105,0.302,0.258,0.329,0.364,0.306,98.0,0.0,-0.2,0.9,0.2,,,,,,,,,,,,,,,,Util
Batter,Randal Grichuk,NYY,28.0,116,5.0,14.0,15.0,1.0,6.10%,21.20%,0.185,0.278,0.247,0.3,0.432,0.315,103.0,-0.1,0.3,-1.8,0.2,,,,,,,,,,,,,,,,Util
Batter,Isiah Kiner-Falefa,BOS,39.0,153,2.0,16.0,14.0,4.0,4.80%,16.60%,0.09,0.303,0.259,0.302,0.349,0.287,78.0,0.4,-3.6,0.8,0.2,,,,,,,,,,,,,,,,Util
Batter,Ronny Mauricio,NYM,29.0,118,4.0,14.0,14.0,3.0,6.80%,24.20%,0.164,0.294,0.245,0.301,0.41,0.306,98.0,0.0,-0.2,-1.4,0.2,,,,,,,,,,,,,,,,Util
Batter,Andy Ibáñez,ATH,44.0,188,4.0,21.0,19.0,3.0,6.90%,20.10%,0.129,0.293,0.247,0.306,0.376,0.299,88.0,-0.4,-3.2,-1.1,0.2,,,,,,,,,,,,,,,,Util
Batter,Alex Jackson,MIN,14.0,54,2.0,6.0,6.0,0.0,7.10%,31.20%,0.169,0.27,0.207,0.272,0.376,0.282,78.0,0.0,-1.4,1.1,0.2,,,,,,,,,,,,,,,,Util
Batter,Thairo Estrada,,31.0,128,3.0,13.0,14.0,2.0,4.40%,20.30%,0.132,0.286,0.245,0.287,0.377,0.289,83.0,0.0,-2.6,0.5,0.2,,,,,,,,,,,,,,,,Util
Batter,Andruw Monasterio,BOS,27.0,107,2.0,11.0,10.0,3.0,9.30%,22.70%,0.111,0.309,0.245,0.322,0.356,0.302,88.0,0.0,-1.5,-0.1,0.2,,,,,,,,,,,,,,,,Util
Batter,Ryan Mountcastle,BAL,37.0,156,5.0,18.0,20.0,1.0,6.20%,25.00%,0.167,0.308,0.253,0.304,0.42,0.313,102.0,-0.1,0.2,-3.4,0.2,,,,,,,,,,,,,,,,Util
Batter,Curtis Mead,CHW,21.0,87,2.0,9.0,9.0,1.0,6.70%,21.10%,0.133,0.3,0.249,0.311,0.382,0.304,94.0,0.0,-0.7,-0.2,0.2,,,,,,,,,,,,,,,,Util
Batter,Jahmai Jones,DET,31.0,134,4.0,16.0,14.0,3.0,10.70%,25.80%,0.164,0.301,0.237,0.329,0.401,0.321,105.0,0.0,0.8,-3.3,0.2,,,,,,,,,,,,,,,,Util
Batter,Luis Matos,SFG,18.0,73,3.0,8.0,9.0,1.0,6.20%,14.10%,0.172,0.262,0.252,0.304,0.423,0.314,103.0,0.0,0.3,-0.6,0.2,,,,,,,,,,,,,,,,Util
Batter,Justyn-Henry Malloy,TBR,29.0,123,3.0,14.0,12.0,1.0,13.30%,29.10%,0.138,0.311,0.226,0.339,0.365,0.316,101.0,-0.2,0.0,-2.2,0.2,,,,,,,,,,,,,,,,Util
Batter,Jon Berti,,26.0,102,2.0,11.0,9.0,5.0,7.10%,20.20%,0.101,0.309,0.254,0.313,0.355,0.295,87.0,0.4,-1.1,-0.3,0.2,,,,,,,,,,,,,,,,Util
Batter,Jorbit Vivas,WSN,41.0,157,2.0,16.0,14.0,3.0,10.30%,15.40%,0.105,0.268,0.235,0.328,0.34,0.3,91.0,-0.1,-1.8,-1.4,0.2,,,,,,,,,,,,,,,,Util
Batter,Anthony Santander,TOR,33.0,141,6.0,17.0,19.0,0.0,9.40%,23.10%,0.202,0.255,0.229,0.306,0.431,0.318,104.0,-0.4,0.3,-3.3,0.2,,,,,,,,,,,,,,,,Util
Batter,Hyeseong Kim,LAD,19.0,76,1.0,8.0,7.0,3.0,6.00%,19.90%,0.097,0.317,0.262,0.31,0.359,0.294,88.0,0.2,-0.9,0.3,0.2,,,,,,,,,,,,,,,,Util
Batter,Ty France,SDP,40.0,167,4.0,17.0,18.0,0.0,6.00%,18.90%,0.128,0.297,0.255,0.32,0.383,0.31,101.0,-0.4,-0.1,-3.6,0.2,,,,,,,,,,,,,,,,Util
Batter,Carlos Cortes,ATH,28.0,111,4.0,13.0,13.0,1.0,8.90%,21.70%,0.17,0.278,0.24,0.311,0.41,0.314,98.0,-0.2,-0.4,-1.6,0.2,,,,,,,,,,,,,,,,Util
Batter,Brett Harris,ATH,25.0,100,2.0,11.0,10.0,1.0,9.20%,21.70%,0.132,0.28,0.233,0.314,0.366,0.301,89.0,-0.1,-1.4,-0.2,0.2,,,,,,,,,,,,,,,,Util
Batter,Max Kepler,,29.0,120,4.0,13.0,14.0,1.0,8.90%,20.70%,0.163,0.272,0.238,0.312,0.4,0.31,98.0,-0.3,-0.6,-1.6,0.2,,,,,,,,,,,,,,,,Util
Batter,Carlos Santana,ARI,72.0,292,8.0,32.0,33.0,3.0,10.20%,19.10%,0.144,0.267,0.235,0.317,0.379,0.306,94.0,-1.0,-2.9,-5.0,0.2,,,,,,,,,,,,,,,,Util
Batter,Adael Amador,COL,20.0,78,2.0,9.0,8.0,3.0,9.80%,17.10%,0.135,0.285,0.25,0.33,0.385,0.316,88.0,0.0,-1.1,0.3,0.2,,,,,,,,,,,,,,,,Util
Batter,Nelson Velázquez,STL,32.0,132,5.0,15.0,16.0,2.0,8.60%,26.40%,0.183,0.267,0.223,0.295,0.406,0.305,96.0,0.1,-0.5,-2.2,0.2,,,,,,,,,,,,,,,,Util
Batter,Jacob Melton,TBR,32.0,127,4.0,14.0,13.0,6.0,7.70%,26.80%,0.147,0.283,0.223,0.287,0.37,0.288,82.0,0.4,-2.3,-0.4,0.2,,,,,,,,,,,,,,,,Util
Batter,Dylan Carlson,CHC,26.0,103,2.0,11.0,10.0,2.0,10.00%,23.90%,0.135,0.288,0.231,0.317,0.366,0.303,95.0,0.0,-0.7,-1.1,0.2,,,,,,,,,,,,,,,,Util
Batter,Sam Antonacci,CHW,13.0,54,1.0,6.0,5.0,2.0,9.90%,18.90%,0.095,0.295,0.242,0.336,0.337,0.302,93.0,0.1,-0.4,0.2,0.2,,,,,,,,,,,,,,,,Util
Batter,Ildemaro Vargas,ARI,22.0,88,1.0,9.0,9.0,1.0,5.80%,12.20%,0.115,0.284,0.261,0.308,0.376,0.299,90.0,-0.1,-1.2,-0.1,0.2,,,,,,,,,,,,,,,,Util
Batter,Jose Iglesias,,26.0,105,1.0,10.0,10.0,1.0,5.30%,16.80%,0.097,0.3,0.258,0.306,0.355,0.291,85.0,-0.2,-2.1,0.2,0.2,,,,,,,,,,,,,,,,Util
Batter,Wander Franco,TBR,6.0,23,1.0,3.0,3.0,1.0,8.30%,14.80%,0.179,0.291,0.27,0.336,0.449,0.339,117.0,0.1,0.5,0.3,0.2,,,,,,,,,,,,,,,,Util
Batter,Luis Urías,ARI,15.0,58,1.0,6.0,6.0,0.0,9.90%,18.70%,0.134,0.274,0.237,0.326,0.371,0.31,97.0,-0.1,-0.3,0.0,0.2,,,,,,,,,,,,,,,,Util
Batter,Joey Loperfido,HOU,82.0,342,9.0,36.0,37.0,6.0,6.80%,28.50%,0.145,0.305,0.232,0.293,0.377,0.292,86.0,-0.2,-5.7,-4.5,0.2,,,,,,,,,,,,,,,,Util
Batter,Dom Keegan,TBR,19.0,76,2.0,7.0,7.0,0.0,7.80%,28.80%,0.126,0.285,0.214,0.281,0.34,0.274,73.0,-0.1,-2.5,1.6,0.2,,,,,,,,,,,,,,,,Util
Batter,Tim Tawa,ARI,28.0,110,3.0,12.0,12.0,2.0,8.00%,25.20%,0.152,0.283,0.229,0.296,0.382,0.297,88.0,0.0,-1.6,-0.5,0.2,,,,,,,,,,,,,,,,Util
Batter,Enrique Hernández,LAD,34.0,135,4.0,14.0,15.0,1.0,6.80%,23.00%,0.148,0.274,0.231,0.286,0.379,0.29,85.0,0.0,-2.5,-0.4,0.2,,,,,,,,,,,,,,,,Util
Batter,Jurickson Profar,ATL,12.0,56,2.0,7.0,6.0,1.0,11.20%,16.90%,0.155,0.282,0.253,0.347,0.408,0.332,113.0,-0.1,0.8,-1.1,0.2,,,,,,,,,,,,,,,,Util
Batter,Will Wagner,SDP,15.0,61,1.0,6.0,6.0,1.0,10.00%,17.50%,0.115,0.302,0.258,0.336,0.373,0.315,105.0,-0.1,0.2,-0.7,0.2,,,,,,,,,,,,,,,,Util
Batter,Bryan Torres,STL,13.0,51,1.0,5.0,4.0,2.0,11.00%,18.20%,0.087,0.317,0.262,0.345,0.348,0.311,101.0,0.0,0.0,-0.2,0.2,,,,,,,,,,,,,,,,Util
Batter,Alejandro Osuna,TEX,14.0,57,1.0,6.0,6.0,2.0,9.40%,21.30%,0.136,0.301,0.249,0.33,0.386,0.315,103.0,0.0,0.2,-0.7,0.2,,,,,,,,,,,,,,,,Util
Batter,Johnathan Rodríguez,CLE,17.0,71,2.0,8.0,8.0,0.0,8.70%,28.80%,0.168,0.32,0.246,0.316,0.414,0.317,104.0,-0.1,0.2,-1.3,0.1,,,,,,,,,,,,,,,,Util
Batter,Emmanuel Rodriguez,MIN,14.0,57,1.0,6.0,5.0,1.0,14.50%,34.10%,0.142,0.317,0.211,0.332,0.352,0.308,96.0,0.0,-0.3,-0.2,0.1,,,,,,,,,,,,,,,,Util
Batter,Tyler Austin,CHC,31.0,125,5.0,15.0,16.0,1.0,7.90%,22.60%,0.188,0.284,0.247,0.309,0.435,0.318,105.0,-0.3,0.5,-3.2,0.1,,,,,,,,,,,,,,,,Util
Batter,Derek Hill,CHW,26.0,103,3.0,10.0,11.0,3.0,6.20%,28.30%,0.135,0.313,0.238,0.292,0.373,0.291,85.0,0.1,-1.8,-0.4,0.1,,,,,,,,,,,,,,,,Util
Batter,Mike Tauchman,NYM,21.0,92,2.0,11.0,8.0,1.0,12.00%,23.80%,0.129,0.294,0.234,0.333,0.362,0.311,102.0,-0.3,-0.1,-1.6,0.1,,,,,,,,,,,,,,,,Util
Batter,Jace Jung,DET,15.0,63,2.0,7.0,6.0,0.0,11.80%,27.40%,0.138,0.284,0.216,0.313,0.354,0.298,89.0,-0.1,-0.9,0.1,0.1,,,,,,,,,,,,,,,,Util
Batter,Tommy Pham,NYM,36.0,156,4.0,18.0,16.0,2.0,9.00%,23.10%,0.138,0.301,0.245,0.316,0.383,0.306,95.0,-0.4,-1.3,-2.6,0.1,,,,,,,,,,,,,,,,Util
Batter,Enmanuel Valdez,PIT,12.0,48,2.0,5.0,6.0,0.0,9.30%,22.80%,0.177,0.273,0.234,0.31,0.412,0.314,99.0,-0.1,-0.1,-0.1,0.1,,,,,,,,,,,,,,,,Util
Batter,Tommy Troy,ARI,12.0,50,1.0,5.0,5.0,1.0,8.30%,20.60%,0.118,0.3,0.246,0.315,0.364,0.3,90.0,0.0,-0.6,0.2,0.1,,,,,,,,,,,,,,,,Util
Batter,Braxton Fulford,COL,20.0,81,2.0,9.0,9.0,1.0,7.40%,27.10%,0.16,0.308,0.24,0.308,0.4,0.309,84.0,0.0,-1.6,1.4,0.1,,,,,,,,,,,,,,,,Util
Batter,Tristan Gray,MIN,35.0,140,4.0,14.0,15.0,1.0,6.60%,28.90%,0.157,0.279,0.218,0.275,0.375,0.282,78.0,-0.2,-3.8,0.2,0.1,,,,,,,,,,,,,,,,Util
Batter,Brice Matthews,HOU,15.0,59,2.0,7.0,6.0,2.0,9.30%,32.10%,0.155,0.299,0.217,0.298,0.372,0.295,88.0,0.1,-0.7,-0.1,0.1,,,,,,,,,,,,,,,,Util
Batter,Gio Urshela,,18.0,70,1.0,7.0,7.0,0.0,6.00%,19.00%,0.118,0.303,0.258,0.305,0.376,0.297,89.0,-0.1,-1.1,-0.1,0.1,,,,,,,,,,,,,,,,Util
Batter,Otto Kemp,PHI,44.0,176,5.0,19.0,19.0,3.0,7.20%,29.00%,0.155,0.302,0.229,0.304,0.385,0.302,91.0,-0.2,-2.1,-2.5,0.1,,,,,,,,,,,,,,,,Util
Batter,Jonah Bride,TEX,15.0,62,1.0,7.0,6.0,0.0,11.90%,24.30%,0.127,0.278,0.221,0.322,0.347,0.3,92.0,-0.1,-0.7,-0.2,0.1,,,,,,,,,,,,,,,,Util
Batter,Andrew Knizner,,11.0,41,1.0,4.0,4.0,0.0,7.40%,22.80%,0.115,0.268,0.219,0.289,0.334,0.277,82.0,-0.1,-0.9,0.7,0.1,,,,,,,,,,,,,,,,Util
Batter,Zach Dezenzo,HOU,26.0,103,3.0,11.0,12.0,1.0,7.70%,29.50%,0.155,0.311,0.236,0.3,0.391,0.302,93.0,-0.1,-0.9,-1.5,0.1,,,,,,,,,,,,,,,,Util
Batter,Jorge Mateo,ATL,34.0,136,3.0,15.0,14.0,10.0,5.70%,25.40%,0.129,0.286,0.226,0.274,0.355,0.275,73.0,1.0,-3.2,-0.1,0.1,,,,,,,,,,,,,,,,Util
Batter,Aidan Miller,PHI,12.0,47,1.0,5.0,4.0,2.0,10.30%,26.40%,0.123,0.29,0.221,0.309,0.344,0.292,84.0,0.1,-0.8,0.4,0.1,,,,,,,,,,,,,,,,Util
Batter,Michael Conforto,CHC,31.0,123,4.0,14.0,13.0,1.0,10.10%,25.10%,0.157,0.28,0.228,0.314,0.384,0.308,98.0,-0.2,-0.5,-2.5,0.1,,,,,,,,,,,,,,,,Util
Batter,Walker Jenkins,MIN,11.0,46,1.0,5.0,5.0,1.0,9.70%,23.40%,0.127,0.302,0.24,0.321,0.366,0.305,94.0,0.0,-0.3,-0.1,0.1,,,,,,,,,,,,,,,,Util
Batter,Max Schuemann,NYY,15.0,58,1.0,6.0,5.0,1.0,10.20%,23.80%,0.105,0.282,0.221,0.311,0.325,0.286,83.0,0.0,-1.1,0.3,0.1,,,,,,,,,,,,,,,,Util
Batter,Leo De Vries,ATH,11.0,43,1.0,5.0,4.0,1.0,8.80%,24.00%,0.137,0.282,0.226,0.301,0.363,0.292,83.0,0.0,-0.9,0.5,0.1,,,,,,,,,,,,,,,,Util
Batter,Nick Castellanos,SDP,90.0,376,12.0,40.0,46.0,3.0,5.70%,23.80%,0.16,0.296,0.247,0.295,0.407,0.304,97.0,-1.0,-2.2,-9.2,0.1,,,,,,,,,,,,,,,,Util
Batter,Drew Gilbert,SFG,18.0,71,2.0,8.0,7.0,1.0,8.30%,20.50%,0.149,0.268,0.23,0.304,0.379,0.3,93.0,0.0,-0.6,-0.7,0.1,,,,,,,,,,,,,,,,Util
Batter,Tyler Locklear,ARI,36.0,144,4.0,16.0,16.0,3.0,8.60%,27.40%,0.154,0.311,0.24,0.317,0.393,0.311,98.0,0.0,-0.4,-3.3,0.1,,,,,,,,,,,,,,,,Util
Batter,Jack Suwinski,LAD,11.0,43,2.0,5.0,5.0,1.0,11.00%,31.90%,0.193,0.268,0.208,0.303,0.401,0.307,96.0,0.0,-0.2,-0.2,0.1,,,,,,,,,,,,,,,,Util
Batter,Brandon Lockridge,MIL,33.0,133,2.0,14.0,12.0,6.0,8.30%,26.50%,0.098,0.318,0.236,0.305,0.334,0.284,81.0,0.4,-2.6,-0.8,0.1,,,,,,,,,,,,,,,,Util
Batter,Brock Wilken,MIL,13.0,54,2.0,6.0,6.0,0.0,11.90%,31.60%,0.157,0.263,0.196,0.298,0.353,0.29,85.0,-0.1,-1.0,0.2,0.1,,,,,,,,,,,,,,,,Util
Batter,César Salazar,HOU,11.0,43,1.0,4.0,4.0,0.0,9.10%,22.00%,0.113,0.249,0.204,0.295,0.317,0.276,75.0,-0.1,-1.3,0.6,0.1,,,,,,,,,,,,,,,,Util
Batter,Gabriel Gonzalez,MIN,12.0,48,1.0,5.0,5.0,0.0,6.70%,18.50%,0.137,0.304,0.261,0.319,0.399,0.314,100.0,0.0,-0.1,-0.6,0.1,,,,,,,,,,,,,,,,Util
Batter,Eric Wagaman,MIN,29.0,119,3.0,13.0,13.0,1.0,6.50%,20.40%,0.148,0.298,0.253,0.305,0.401,0.307,95.0,-0.2,-0.9,-2.2,0.1,,,,,,,,,,,,,,,,Util
Batter,Miles Mastrobuoni,SEA,10.0,39,0.0,4.0,3.0,1.0,10.00%,20.20%,0.092,0.297,0.241,0.319,0.333,0.292,92.0,0.0,-0.3,0.0,0.1,,,,,,,,,,,,,,,,Util
Batter,Christian Koss,SFG,21.0,83,1.0,8.0,8.0,2.0,4.90%,23.00%,0.117,0.302,0.243,0.289,0.36,0.284,82.0,0.0,-1.7,-0.1,0.1,,,,,,,,,,,,,,,,Util
Batter,Ben Rortvedt,NYM,12.0,48,1.0,5.0,4.0,0.0,9.50%,26.40%,0.107,0.267,0.205,0.289,0.312,0.271,75.0,-0.1,-1.5,0.8,0.1,,,,,,,,,,,,,,,,Util
Batter,David Fry,CLE,44.0,184,6.0,20.0,21.0,2.0,8.40%,26.80%,0.162,0.279,0.224,0.3,0.386,0.299,92.0,-0.3,-2.1,-3.2,0.1,,,,,,,,,,,,,,,,Util
Batter,Samad Taylor,SDP,11.0,46,1.0,5.0,4.0,2.0,8.90%,25.10%,0.113,0.3,0.233,0.306,0.345,0.289,87.0,0.1,-0.6,0.0,0.1,,,,,,,,,,,,,,,,Util
Batter,Austin Slater,MIA,27.0,113,3.0,12.0,11.0,1.0,10.00%,29.00%,0.129,0.316,0.232,0.315,0.361,0.3,90.0,-0.1,-1.4,-1.4,0.1,,,,,,,,,,,,,,,,Util
Batter,Rafael Flores Jr.,PIT,13.0,50,1.0,5.0,5.0,0.0,8.10%,27.70%,0.137,0.307,0.235,0.302,0.372,0.296,86.0,-0.1,-0.9,0.1,0.1,,,,,,,,,,,,,,,,Util
Batter,Josh Rojas,KCR,14.0,57,1.0,6.0,5.0,1.0,9.00%,21.40%,0.114,0.299,0.243,0.314,0.357,0.297,86.0,-0.1,-1.0,0.0,0.1,,,,,,,,,,,,,,,,Util
Batter,Mickey Gasper,BOS,6.0,25,1.0,3.0,3.0,0.0,10.50%,19.40%,0.137,0.282,0.24,0.331,0.378,0.314,97.0,0.0,-0.1,0.4,0.1,,,,,,,,,,,,,,,,Util
Batter,Tom Murphy,,14.0,56,2.0,6.0,6.0,1.0,8.00%,27.80%,0.152,0.281,0.221,0.289,0.373,0.29,84.0,-0.1,-1.1,0.7,0.1,,,,,,,,,,,,,,,,Util
Batter,Tyler Fitzgerald,SFG,14.0,56,1.0,6.0,6.0,2.0,6.30%,29.20%,0.142,0.298,0.226,0.282,0.368,0.284,83.0,0.1,-1.0,0.0,0.1,,,,,,,,,,,,,,,,Util
Batter,Jhonkensy Noel,BAL,15.0,61,3.0,7.0,8.0,0.0,5.90%,27.10%,0.208,0.271,0.232,0.286,0.44,0.312,101.0,-0.1,0.0,-1.2,0.1,,,,,,,,,,,,,,,,Util
Batter,Maximo Acosta,MIA,17.0,68,1.0,7.0,7.0,3.0,7.20%,24.90%,0.125,0.286,0.227,0.289,0.353,0.283,78.0,0.1,-1.7,0.3,0.1,,,,,,,,,,,,,,,,Util
Batter,LaMonte Wade Jr.,,21.0,90,2.0,10.0,9.0,1.0,12.90%,22.70%,0.144,0.279,0.23,0.336,0.374,0.315,101.0,-0.4,-0.3,-2.0,0.1,,,,,,,,,,,,,,,,Util
Batter,Will Brennan,SFG,30.0,125,2.0,13.0,12.0,2.0,5.30%,14.50%,0.114,0.295,0.263,0.308,0.377,0.299,93.0,-0.1,-1.2,-2.1,0.1,,,,,,,,,,,,,,,,Util
Batter,Andrew McCutchen,TEX,42.0,187,5.0,22.0,19.0,1.0,11.30%,24.40%,0.145,0.286,0.231,0.324,0.376,0.308,98.0,-0.8,-1.2,-4.5,0.1,,,,,,,,,,,,,,,,Util
Batter,Dylan Moore,PHI,24.0,99,3.0,11.0,10.0,5.0,10.10%,29.00%,0.153,0.271,0.207,0.299,0.361,0.292,84.0,0.3,-1.6,-0.9,0.1,,,,,,,,,,,,,,,,Util
Batter,Abimelec Ortiz,WSN,41.0,167,6.0,19.0,19.0,1.0,8.30%,24.70%,0.171,0.274,0.23,0.3,0.401,0.305,95.0,-0.2,-1.3,-3.5,0.1,,,,,,,,,,,,,,,,Util
Batter,Jose Miranda,SDP,15.0,61,2.0,6.0,7.0,0.0,5.70%,19.10%,0.14,0.276,0.242,0.291,0.382,0.293,90.0,0.0,-0.7,-0.5,0.1,,,,,,,,,,,,,,,,Util
Batter,Jose Siri,LAA,17.0,68,3.0,7.0,8.0,2.0,6.60%,36.30%,0.169,0.285,0.203,0.263,0.372,0.277,74.0,0.1,-1.9,0.4,0.1,,,,,,,,,,,,,,,,Util
Batter,Weston Wilson,BAL,9.0,35,1.0,4.0,4.0,1.0,9.50%,27.60%,0.154,0.28,0.221,0.299,0.375,0.296,90.0,0.0,-0.4,0.0,0.1,,,,,,,,,,,,,,,,Util
Batter,Michael Stefanic,ATH,6.0,23,0.0,3.0,2.0,0.0,10.30%,13.90%,0.086,0.303,0.265,0.353,0.351,0.316,100.0,0.0,0.0,0.0,0.1,,,,,,,,,,,,,,,,Util
Batter,Denzer Guzman,LAA,11.0,44,1.0,4.0,4.0,1.0,7.50%,29.80%,0.123,0.289,0.213,0.277,0.336,0.271,70.0,0.0,-1.6,0.8,0.1,,,,,,,,,,,,,,,,Util
Batter,César Prieto,STL,11.0,47,1.0,5.0,4.0,1.0,4.60%,15.40%,0.107,0.287,0.253,0.295,0.361,0.287,84.0,-0.1,-0.9,0.1,0.1,,,,,,,,,,,,,,,,Util
Batter,Heston Kjerstad,BAL,18.0,73,2.0,8.0,8.0,0.0,6.80%,26.30%,0.16,0.29,0.233,0.297,0.393,0.3,93.0,-0.1,-0.7,-1.1,0.1,,,,,,,,,,,,,,,,Util
Batter,Michael Helman,TEX,15.0,58,2.0,6.0,6.0,1.0,6.40%,23.10%,0.142,0.265,0.221,0.279,0.364,0.281,80.0,0.0,-1.4,0.1,0.1,,,,,,,,,,,,,,,,Util
Batter,Nick Madrigal,LAA,12.0,48,0.0,5.0,4.0,1.0,5.50%,12.30%,0.09,0.295,0.264,0.317,0.354,0.297,88.0,-0.1,-0.8,-0.2,0.1,,,,,,,,,,,,,,,,Util
Batter,Jeferson Quero,MIL,5.0,20,1.0,2.0,2.0,0.0,7.70%,19.70%,0.14,0.263,0.23,0.296,0.37,0.293,87.0,0.0,-0.3,0.4,0.1,,,,,,,,,,,,,,,,Util
Batter,Trey Sweeney,DET,11.0,44,1.0,4.0,4.0,1.0,8.30%,27.00%,0.127,0.285,0.22,0.289,0.347,0.281,78.0,0.0,-1.2,0.4,0.1,,,,,,,,,,,,,,,,Util
Batter,Vidal Bruján,NYM,16.0,62,1.0,6.0,6.0,2.0,8.40%,21.00%,0.113,0.278,0.229,0.301,0.342,0.284,84.0,0.0,-1.2,-0.2,0.1,,,,,,,,,,,,,,,,Util
Batter,Adrian Del Castillo,ARI,33.0,134,4.0,15.0,15.0,1.0,8.70%,27.80%,0.161,0.305,0.236,0.306,0.396,0.306,94.0,-0.2,-1.1,-2.6,0.1,,,,,,,,,,,,,,,,Util
Batter,Kyren Paris,LAA,11.0,42,1.0,4.0,4.0,2.0,9.40%,32.80%,0.146,0.286,0.205,0.288,0.351,0.283,78.0,0.1,-1.0,0.2,0.1,,,,,,,,,,,,,,,,Util
Batter,Trei Cruz,DET,10.0,41,1.0,4.0,3.0,1.0,11.80%,26.40%,0.111,0.282,0.211,0.308,0.322,0.283,79.0,0.0,-1.0,0.3,0.1,,,,,,,,,,,,,,,,Util
Batter,Luis Vázquez,BAL,9.0,38,1.0,4.0,4.0,1.0,6.30%,24.50%,0.125,0.288,0.231,0.289,0.356,0.284,81.0,0.0,-0.9,0.2,0.1,,,,,,,,,,,,,,,,Util
Batter,Matt Thaiss,BOS,8.0,30,1.0,3.0,3.0,0.0,12.40%,25.90%,0.119,0.294,0.222,0.326,0.341,0.301,87.0,-0.1,-0.5,0.4,0.1,,,,,,,,,,,,,,,,Util
Batter,Elias Díaz,KCR,9.0,35,1.0,4.0,4.0,0.0,6.70%,23.80%,0.136,0.279,0.229,0.286,0.366,0.285,78.0,-0.1,-1.0,0.7,0.1,,,,,,,,,,,,,,,,Util
Batter,Bryce Eldridge,SFG,60.0,248,9.0,28.0,30.0,1.0,8.50%,29.90%,0.178,0.298,0.231,0.301,0.408,0.306,98.0,-0.3,-1.0,-6.5,0.1,,,,,,,,,,,,,,,,Util
Batter,Griffin Conine,MIA,74.0,303,11.0,31.0,34.0,2.0,9.30%,32.50%,0.169,0.302,0.222,0.3,0.391,0.303,92.0,-0.6,-3.6,-5.8,0.1,,,,,,,,,,,,,,,,Util
Batter,Brett Wisely,ATL,16.0,64,1.0,7.0,6.0,1.0,8.10%,23.70%,0.119,0.288,0.229,0.297,0.348,0.285,80.0,-0.1,-1.6,0.1,0.1,,,,,,,,,,,,,,,,Util
Batter,Cameron Cauley,TEX,9.0,38,1.0,4.0,4.0,1.0,6.60%,27.50%,0.131,0.284,0.218,0.273,0.348,0.272,74.0,0.0,-1.1,0.5,0.1,,,,,,,,,,,,,,,,Util
Batter,Bryan Ramos,BAL,12.0,50,1.0,5.0,5.0,1.0,7.00%,24.10%,0.142,0.257,0.214,0.278,0.357,0.279,78.0,0.0,-1.3,0.2,0.1,,,,,,,,,,,,,,,,Util
Batter,Eduardo Valencia,DET,4.0,17,0.0,2.0,2.0,0.0,7.20%,23.30%,0.147,0.278,0.232,0.293,0.38,0.293,86.0,0.0,-0.3,0.3,0.1,,,,,,,,,,,,,,,,Util
Batter,Austin Barnes,,14.0,53,1.0,5.0,5.0,1.0,8.30%,24.00%,0.099,0.274,0.216,0.286,0.315,0.269,70.0,-0.1,-2.0,0.5,0.1,,,,,,,,,,,,,,,,Util
Batter,Rodolfo Durán,SDP,5.0,21,1.0,2.0,2.0,0.0,5.50%,23.40%,0.143,0.267,0.224,0.271,0.367,0.278,80.0,0.0,-0.5,0.4,0.1,,,,,,,,,,,,,,,,Util
Batter,Hao-Yu Lee,DET,8.0,31,1.0,3.0,3.0,1.0,8.10%,23.00%,0.131,0.279,0.227,0.298,0.358,0.289,84.0,0.0,-0.6,0.1,0.1,,,,,,,,,,,,,,,,Util
Batter,Alex Verdugo,SDP,11.0,47,1.0,5.0,5.0,0.0,7.70%,16.30%,0.126,0.283,0.251,0.313,0.378,0.303,97.0,-0.1,-0.2,-0.7,0.1,,,,,,,,,,,,,,,,Util
Batter,Jhonny Pereda,SEA,5.0,19,0.0,2.0,2.0,0.0,10.10%,26.30%,0.099,0.308,0.23,0.313,0.329,0.288,90.0,0.0,-0.3,0.3,0.1,,,,,,,,,,,,,,,,Util
Batter,Joshua Báez,STL,9.0,36,1.0,4.0,4.0,2.0,8.10%,26.80%,0.148,0.296,0.233,0.303,0.381,0.301,94.0,0.1,-0.2,-0.4,0.1,,,,,,,,,,,,,,,,Util
Batter,Taylor Trammell,HOU,12.0,49,2.0,6.0,5.0,1.0,11.00%,31.10%,0.164,0.278,0.208,0.301,0.372,0.297,90.0,0.0,-0.6,-0.5,0.1,,,,,,,,,,,,,,,,Util
Batter,Cooper Ingle,CLE,3.0,11,0.0,1.0,1.0,0.0,12.70%,20.30%,0.122,0.28,0.231,0.334,0.354,0.308,98.0,0.0,0.0,0.2,0.1,,,,,,,,,,,,,,,,Util
Batter,Myles Straw,TOR,40.0,159,1.0,15.0,13.0,5.0,7.80%,20.30%,0.079,0.286,0.231,0.294,0.31,0.27,71.0,0.5,-4.9,0.0,0.1,,,,,,,,,,,,,,,,Util
Batter,Josh Kasevich,TOR,11.0,43,0.0,4.0,4.0,0.0,6.90%,16.00%,0.079,0.275,0.236,0.293,0.315,0.271,72.0,0.0,-1.5,0.5,0.1,,,,,,,,,,,,,,,,Util
Batter,Jared Young,NYM,6.0,25,1.0,3.0,3.0,0.0,9.50%,24.80%,0.169,0.282,0.232,0.315,0.401,0.314,104.0,0.0,0.1,-0.4,0.1,,,,,,,,,,,,,,,,Util
Batter,Paul DeJong,NYY,15.0,60,2.0,6.0,7.0,1.0,5.90%,31.60%,0.16,0.265,0.206,0.261,0.365,0.273,74.0,-0.1,-2.0,0.4,0.1,,,,,,,,,,,,,,,,Util
Batter,Shane McGuire,ATH,7.0,28,0.0,3.0,2.0,0.0,10.90%,25.10%,0.089,0.275,0.209,0.302,0.298,0.273,70.0,0.0,-1.0,0.6,0.1,,,,,,,,,,,,,,,,Util
Batter,Bryce Johnson,SDP,31.0,125,2.0,12.0,11.0,4.0,8.20%,27.20%,0.098,0.313,0.231,0.303,0.329,0.282,83.0,0.1,-2.5,-1.2,0.1,,,,,,,,,,,,,,,,Util
Batter,Drew Waters,KCR,12.0,49,1.0,5.0,5.0,1.0,7.60%,28.60%,0.136,0.315,0.234,0.298,0.37,0.294,84.0,0.0,-0.9,-0.3,0.1,,,,,,,,,,,,,,,,Util
Batter,Grant McCray,SFG,24.0,97,2.0,10.0,9.0,3.0,7.60%,30.60%,0.132,0.296,0.215,0.279,0.347,0.275,77.0,0.1,-2.6,-0.2,0.1,,,,,,,,,,,,,,,,Util
Batter,Nolan Jones,CLE,8.0,32,1.0,3.0,3.0,1.0,11.00%,30.00%,0.147,0.314,0.229,0.32,0.376,0.306,97.0,0.0,-0.1,-0.5,0.0,,,,,,,,,,,,,,,,Util
Batter,Liover Peguero,PHI,8.0,33,1.0,4.0,3.0,1.0,6.40%,24.30%,0.132,0.279,0.227,0.28,0.358,0.28,76.0,0.0,-0.9,0.3,0.0,,,,,,,,,,,,,,,,Util
Batter,Eric Haase,,9.0,35,1.0,3.0,3.0,0.0,6.70%,32.10%,0.132,0.288,0.211,0.269,0.343,0.269,72.0,0.0,-1.2,0.7,0.0,,,,,,,,,,,,,,,,Util
Batter,Anthony Seigler,BOS,5.0,20,0.0,2.0,2.0,1.0,12.50%,22.60%,0.129,0.276,0.221,0.324,0.35,0.302,88.0,0.0,-0.3,0.0,0.0,,,,,,,,,,,,,,,,Util
Batter,A.J. Vukovich,ARI,12.0,48,1.0,5.0,6.0,0.0,6.90%,29.10%,0.157,0.316,0.241,0.297,0.399,0.302,91.0,0.0,-0.5,-0.6,0.0,,,,,,,,,,,,,,,,Util
Batter,John Rave,KCR,26.0,103,3.0,11.0,11.0,3.0,9.20%,25.80%,0.143,0.288,0.228,0.302,0.37,0.296,85.0,0.0,-1.8,-1.3,0.0,,,,,,,,,,,,,,,,Util
Batter,Kahlil Watson,CLE,8.0,31,1.0,3.0,3.0,1.0,8.00%,30.90%,0.149,0.281,0.21,0.28,0.358,0.281,79.0,0.0,-0.7,0.1,0.0,,,,,,,,,,,,,,,,Util
Batter,Ronny Simon,PIT,5.0,21,0.0,2.0,2.0,1.0,8.10%,20.50%,0.119,0.295,0.244,0.31,0.363,0.297,87.0,0.0,-0.3,0.1,0.0,,,,,,,,,,,,,,,,Util
Batter,Christian Franklin,WSN,16.0,66,1.0,7.0,6.0,2.0,10.90%,25.50%,0.116,0.295,0.225,0.318,0.341,0.296,88.0,0.0,-0.9,-0.8,0.0,,,,,,,,,,,,,,,,Util
Batter,Willie MacIver,TEX,5.0,21,1.0,2.0,2.0,0.0,7.50%,26.90%,0.132,0.292,0.225,0.293,0.357,0.287,84.0,0.0,-0.4,0.4,0.0,,,,,,,,,,,,,,,,Util
Batter,Jonatan Clase,TOR,12.0,45,1.0,5.0,4.0,2.0,8.30%,26.80%,0.129,0.291,0.224,0.293,0.353,0.285,82.0,0.1,-0.8,-0.3,0.0,,,,,,,,,,,,,,,,Util
Batter,Spencer Jones,NYY,14.0,55,2.0,6.0,7.0,2.0,7.60%,37.20%,0.178,0.312,0.216,0.28,0.394,0.292,87.0,0.0,-0.8,-0.7,0.0,,,,,,,,,,,,,,,,Util
Batter,Gustavo Campero,LAA,8.0,31,1.0,3.0,3.0,1.0,7.30%,20.70%,0.144,0.284,0.241,0.311,0.385,0.306,94.0,0.0,-0.2,-0.5,0.0,,,,,,,,,,,,,,,,Util
Batter,Heriberto Hernández,MIA,62.0,257,9.0,28.0,29.0,2.0,10.10%,30.20%,0.168,0.294,0.222,0.307,0.391,0.306,94.0,-0.4,-2.3,-5.8,0.0,,,,,,,,,,,,,,,,Util
Batter,Nacho Alvarez Jr.,ATL,9.0,33,0.0,3.0,3.0,0.0,8.60%,21.50%,0.1,0.299,0.24,0.317,0.34,0.294,86.0,0.0,-0.6,-0.1,0.0,,,,,,,,,,,,,,,,Util
Batter,Chas McCormick,CHC,14.0,54,2.0,6.0,6.0,2.0,8.40%,26.50%,0.136,0.29,0.229,0.303,0.366,0.295,90.0,-0.1,-0.8,-0.6,0.0,,,,,,,,,,,,,,,,Util
Batter,Stuart Fairchild,CLE,14.0,56,1.0,6.0,6.0,2.0,7.90%,26.70%,0.138,0.29,0.225,0.296,0.363,0.291,86.0,0.0,-0.9,-0.6,0.0,,,,,,,,,,,,,,,,Util
Batter,Nelson Rada,LAA,21.0,84,1.0,8.0,6.0,4.0,9.70%,24.20%,0.072,0.311,0.233,0.315,0.306,0.282,77.0,0.1,-2.1,-0.3,0.0,,,,,,,,,,,,,,,,Util
Batter,Max Anderson,DET,6.0,25,0.0,2.0,2.0,0.0,5.20%,17.10%,0.121,0.282,0.248,0.292,0.369,0.287,82.0,0.0,-0.5,0.1,0.0,,,,,,,,,,,,,,,,Util
Batter,Tristan Peters,CHW,12.0,48,1.0,5.0,4.0,1.0,8.80%,22.80%,0.122,0.276,0.224,0.298,0.346,0.286,81.0,0.0,-1.1,-0.1,0.0,,,,,,,,,,,,,,,,Util
Batter,Shay Whitcomb,HOU,10.0,39,1.0,4.0,4.0,1.0,7.00%,28.50%,0.159,0.273,0.217,0.279,0.377,0.286,82.0,0.0,-0.8,-0.1,0.0,,,,,,,,,,,,,,,,Util
Batter,Brandon Valenzuela,TOR,8.0,32,1.0,3.0,3.0,0.0,8.30%,26.70%,0.114,0.259,0.201,0.272,0.315,0.261,65.0,0.0,-1.3,0.7,0.0,,,,,,,,,,,,,,,,Util
Batter,James Triantos,CHC,9.0,35,0.0,4.0,3.0,1.0,5.50%,16.20%,0.095,0.278,0.242,0.289,0.336,0.276,76.0,0.1,-0.9,0.1,0.0,,,,,,,,,,,,,,,,Util
Batter,Drew Romo,CHW,4.0,17,0.0,2.0,2.0,0.0,5.30%,24.20%,0.13,0.275,0.225,0.272,0.355,0.274,73.0,0.0,-0.6,0.3,0.0,,,,,,,,,,,,,,,,Util
Batter,Jonathon Long,CHC,6.0,26,1.0,3.0,3.0,0.0,9.90%,23.10%,0.142,0.299,0.245,0.327,0.387,0.315,103.0,0.0,0.1,-0.5,0.0,,,,,,,,,,,,,,,,Util
Batter,Jorge Barrosa,ARI,20.0,81,1.0,8.0,8.0,1.0,8.70%,23.20%,0.113,0.292,0.231,0.302,0.344,0.286,81.0,-0.1,-1.9,-0.4,0.0,,,,,,,,,,,,,,,,Util
Batter,RJ Schreck,TOR,6.0,26,1.0,3.0,3.0,0.0,11.40%,24.90%,0.15,0.269,0.217,0.318,0.367,0.304,95.0,0.0,-0.2,-0.3,0.0,,,,,,,,,,,,,,,,Util
Batter,Jordan Diaz,ATH,4.0,15,0.0,2.0,2.0,0.0,5.80%,21.00%,0.151,0.288,0.248,0.297,0.399,0.302,90.0,0.0,-0.2,0.0,0.0,,,,,,,,,,,,,,,,Util
Batter,Kevin Alcántara,CHC,12.0,47,1.0,5.0,5.0,1.0,7.50%,30.20%,0.135,0.308,0.228,0.289,0.363,0.287,84.0,0.0,-0.9,-0.3,0.0,,,,,,,,,,,,,,,,Util
Batter,Victor Mesa Jr.,TBR,6.0,22,1.0,2.0,2.0,0.0,7.20%,21.20%,0.144,0.28,0.238,0.297,0.382,0.297,88.0,0.0,-0.3,-0.1,0.0,,,,,,,,,,,,,,,,Util
Batter,Jose Herrera,TEX,8.0,30,0.0,3.0,3.0,0.0,9.80%,23.60%,0.097,0.274,0.216,0.297,0.313,0.275,75.0,-0.1,-1.0,0.5,0.0,,,,,,,,,,,,,,,,Util
Batter,Edwin Arroyo,CIN,9.0,38,1.0,4.0,3.0,1.0,6.20%,19.90%,0.104,0.3,0.247,0.3,0.351,0.287,77.0,0.0,-1.0,0.2,0.0,,,,,,,,,,,,,,,,Util
Batter,Brendan Rodgers,,8.0,31,1.0,3.0,3.0,0.0,7.00%,26.30%,0.129,0.308,0.238,0.298,0.367,0.291,81.0,0.0,-0.7,0.0,0.0,,,,,,,,,,,,,,,,Util
Batter,Rhylan Thomas,SEA,6.0,25,0.0,3.0,2.0,1.0,6.50%,10.40%,0.089,0.284,0.264,0.316,0.353,0.295,95.0,0.0,-0.2,-0.4,0.0,,,,,,,,,,,,,,,,Util
Batter,Tyler Nevin,,6.0,24,1.0,3.0,3.0,0.0,8.10%,18.60%,0.148,0.278,0.246,0.316,0.394,0.309,97.0,0.0,-0.1,-0.3,0.0,,,,,,,,,,,,,,,,Util
Batter,Hayden Senger,NYM,4.0,17,0.0,2.0,2.0,0.0,5.90%,29.70%,0.103,0.281,0.206,0.262,0.308,0.253,62.0,0.0,-0.8,0.4,0.0,,,,,,,,,,,,,,,,Util
Batter,Tomás Nido,DET,8.0,32,1.0,3.0,3.0,0.0,4.50%,25.10%,0.104,0.281,0.222,0.263,0.326,0.258,62.0,-0.1,-1.5,0.6,0.0,,,,,,,,,,,,,,,,Util
Batter,Kevin Newman,KCR,9.0,35,0.0,3.0,3.0,1.0,5.30%,17.10%,0.097,0.293,0.25,0.294,0.347,0.282,75.0,0.0,-1.0,0.1,0.0,,,,,,,,,,,,,,,,Util
Batter,Kyle Farmer,ATL,15.0,60,1.0,6.0,6.0,1.0,6.20%,23.80%,0.125,0.28,0.227,0.285,0.352,0.28,77.0,-0.1,-1.7,0.1,0.0,,,,,,,,,,,,,,,,Util
Batter,Ali Sánchez,NYY,3.0,13,0.0,1.0,1.0,0.0,7.00%,25.30%,0.109,0.282,0.221,0.279,0.33,0.27,72.0,0.0,-0.5,0.3,0.0,,,,,,,,,,,,,,,,Util
Batter,Nick Sogard,BOS,10.0,41,0.0,4.0,4.0,1.0,10.50%,22.30%,0.097,0.307,0.241,0.325,0.338,0.297,85.0,-0.1,-0.8,-0.3,0.0,,,,,,,,,,,,,,,,Util
Batter,Tyler Black,MIL,12.0,47,1.0,5.0,5.0,2.0,11.80%,26.10%,0.134,0.285,0.219,0.321,0.353,0.301,93.0,0.0,-0.4,-0.9,0.0,,,,,,,,,,,,,,,,Util
Batter,Seby Zavala,LAD,7.0,28,1.0,3.0,3.0,0.0,8.30%,37.70%,0.133,0.267,0.179,0.254,0.312,0.252,59.0,-0.1,-1.4,0.4,0.0,,,,,,,,,,,,,,,,Util
Batter,Mark Canha,TEX,17.0,72,2.0,8.0,7.0,1.0,8.80%,21.50%,0.121,0.289,0.237,0.319,0.358,0.301,93.0,-0.2,-0.8,-1.4,0.0,,,,,,,,,,,,,,,,Util
Batter,Luke Maile,KCR,3.0,12,0.0,1.0,1.0,0.0,9.20%,28.20%,0.118,0.299,0.221,0.302,0.34,0.286,79.0,0.0,-0.3,0.3,0.0,,,,,,,,,,,,,,,,Util
Batter,Maverick Handley,BAL,4.0,17,0.0,2.0,1.0,0.0,9.50%,27.70%,0.096,0.269,0.199,0.286,0.295,0.264,68.0,0.0,-0.7,0.3,0.0,,,,,,,,,,,,,,,,Util
Batter,Akil Baddoo,MIL,15.0,59,2.0,6.0,6.0,2.0,10.70%,29.70%,0.147,0.287,0.214,0.3,0.361,0.292,86.0,0.1,-0.8,-0.8,0.0,,,,,,,,,,,,,,,,Util
Batter,Logan Driscoll,TBR,3.0,12,0.0,1.0,1.0,0.0,6.80%,26.20%,0.12,0.282,0.218,0.279,0.338,0.272,71.0,0.0,-0.4,0.3,0.0,,,,,,,,,,,,,,,,Util
Batter,Jesús Bastidas,MIA,6.0,22,0.0,2.0,2.0,0.0,6.90%,26.90%,0.127,0.276,0.214,0.283,0.34,0.275,73.0,0.0,-0.7,0.3,0.0,,,,,,,,,,,,,,,,Util
Batter,Buddy Kennedy,SFG,3.0,11,0.0,1.0,1.0,0.0,9.90%,20.40%,0.113,0.288,0.236,0.322,0.349,0.3,93.0,0.0,-0.1,0.0,0.0,,,,,,,,,,,,,,,,Util
Batter,Kameron Misner,KCR,13.0,54,1.0,6.0,5.0,2.0,10.60%,32.30%,0.139,0.297,0.209,0.297,0.348,0.286,79.0,0.0,-1.3,-0.2,0.0,,,,,,,,,,,,,,,,Util
Batter,Emmanuel Rivera,,6.0,24,0.0,2.0,2.0,0.0,7.00%,22.10%,0.116,0.295,0.241,0.3,0.357,0.29,84.0,0.0,-0.5,0.0,0.0,,,,,,,,,,,,,,,,Util
Batter,Brett Sullivan,COL,31.0,124,2.0,13.0,12.0,1.0,7.00%,17.40%,0.13,0.265,0.232,0.291,0.362,0.286,68.0,-0.1,-4.9,2.2,0.0,,,,,,,,,,,,,,,,Util
Batter,Korey Lee,CHW,13.0,50,1.0,5.0,5.0,1.0,5.70%,27.10%,0.142,0.272,0.218,0.266,0.359,0.273,72.0,0.0,-1.7,0.9,0.0,,,,,,,,,,,,,,,,Util
Batter,Ji Hwan Bae,NYM,4.0,16,0.0,2.0,1.0,1.0,9.20%,25.40%,0.095,0.314,0.235,0.31,0.33,0.286,85.0,0.0,-0.3,0.0,0.0,,,,,,,,,,,,,,,,Util
Batter,Nicky Lopez,COL,12.0,50,0.0,5.0,4.0,1.0,8.30%,15.20%,0.07,0.3,0.255,0.323,0.325,0.291,71.0,0.1,-1.7,0.2,0.0,,,,,,,,,,,,,,,,Util
Batter,Sterlin Thompson,COL,9.0,36,1.0,4.0,4.0,1.0,7.10%,23.30%,0.155,0.312,0.254,0.318,0.41,0.317,89.0,0.0,-0.5,-0.4,0.0,,,,,,,,,,,,,,,,Util
Batter,Carlos Pérez,HOU,2.0,9,0.0,1.0,1.0,0.0,7.80%,22.20%,0.17,0.243,0.215,0.284,0.385,0.292,87.0,0.0,-0.2,0.2,0.0,,,,,,,,,,,,,,,,Util
Batter,Seth Brown,NYY,5.0,19,1.0,2.0,2.0,0.0,7.60%,26.60%,0.189,0.276,0.232,0.295,0.421,0.31,99.0,-0.1,-0.1,-0.3,0.0,,,,,,,,,,,,,,,,Util
Batter,Tre' Morgan,TBR,9.0,37,1.0,4.0,4.0,1.0,10.60%,21.80%,0.127,0.293,0.238,0.326,0.365,0.306,95.0,0.0,-0.3,-0.8,0.0,,,,,,,,,,,,,,,,Util
Batter,Cavan Biggio,HOU,8.0,33,1.0,3.0,3.0,0.0,10.90%,28.90%,0.113,0.29,0.211,0.31,0.324,0.287,83.0,-0.1,-0.7,-0.1,0.0,,,,,,,,,,,,,,,,Util
Batter,Diego Castillo,,4.0,15,0.0,2.0,1.0,0.0,9.70%,20.80%,0.112,0.273,0.226,0.304,0.337,0.286,81.0,0.0,-0.3,0.1,0.0,,,,,,,,,,,,,,,,Util
Batter,Yasmani Grandal,,2.0,10,0.0,1.0,1.0,0.0,9.40%,22.00%,0.121,0.264,0.22,0.299,0.341,0.285,80.0,0.0,-0.3,0.0,0.0,,,,,,,,,,,,,,,,Util
Batter,Carlos Mendoza,TOR,3.0,10,0.0,1.0,1.0,0.0,10.80%,18.30%,0.088,0.287,0.237,0.33,0.325,0.296,89.0,0.0,-0.1,0.0,0.0,,,,,,,,,,,,,,,,Util
Batter,Yunior Severino,,4.0,18,0.0,2.0,2.0,0.0,8.90%,32.40%,0.14,0.302,0.216,0.29,0.356,0.285,80.0,0.0,-0.4,0.1,0.0,,,,,,,,,,,,,,,,Util
Batter,Justin Foscue,TEX,9.0,35,1.0,4.0,4.0,0.0,9.20%,19.90%,0.157,0.255,0.224,0.305,0.382,0.302,94.0,0.0,-0.3,-0.7,0.0,,,,,,,,,,,,,,,,Util
Batter,Andrew Pinckney,WSN,7.0,30,1.0,3.0,3.0,1.0,6.10%,30.80%,0.12,0.309,0.225,0.282,0.345,0.276,75.0,0.0,-0.9,0.1,0.0,,,,,,,,,,,,,,,,Util
Batter,Tyler Tolbert,KCR,31.0,128,2.0,13.0,11.0,10.0,5.90%,25.00%,0.097,0.295,0.226,0.282,0.324,0.268,66.0,0.8,-4.2,0.1,0.0,,,,,,,,,,,,,,,,Util
Batter,Marco Luciano,NYY,4.0,18,0.0,2.0,2.0,0.0,10.90%,32.10%,0.131,0.27,0.195,0.286,0.326,0.275,75.0,0.0,-0.5,0.2,0.0,,,,,,,,,,,,,,,,Util
Batter,Tucupita Marcano,SDP,2.0,9,0.0,1.0,1.0,0.0,6.90%,17.80%,0.116,0.276,0.239,0.298,0.355,0.288,87.0,0.0,-0.1,0.1,0.0,,,,,,,,,,,,,,,,Util
Batter,Nate Furman,SFG,1.0,6,0.0,1.0,1.0,0.0,9.80%,17.50%,0.112,0.295,0.252,0.334,0.364,0.311,101.0,0.0,0.0,0.0,0.0,,,,,,,,,,,,,,,,Util
Batter,Rece Hinds,CIN,8.0,33,1.0,4.0,4.0,1.0,6.00%,32.60%,0.192,0.301,0.229,0.28,0.42,0.301,87.0,0.0,-0.5,-0.4,0.0,,,,,,,,,,,,,,,,Util
Batter,Zac Veen,COL,27.0,112,3.0,13.0,12.0,3.0,7.30%,22.80%,0.15,0.303,0.249,0.31,0.399,0.309,83.0,0.1,-2.2,-1.4,0.0,,,,,,,,,,,,,,,,Util
Batter,Eli White,ATL,30.0,123,3.0,13.0,13.0,4.0,6.90%,27.30%,0.138,0.3,0.233,0.293,0.371,0.29,84.0,0.1,-2.3,-1.6,0.0,,,,,,,,,,,,,,,,Util
Batter,Austin Gauthier,LAD,2.0,10,0.0,1.0,1.0,0.0,13.10%,23.10%,0.091,0.292,0.224,0.33,0.315,0.294,88.0,0.0,-0.2,0.0,0.0,,,,,,,,,,,,,,,,Util
Batter,Nelson Quiroz,LAD,1.0,5,0.0,1.0,1.0,0.0,7.00%,14.30%,0.109,0.279,0.25,0.308,0.36,0.294,88.0,0.0,-0.1,0.1,0.0,,,,,,,,,,,,,,,,Util
Batter,Tyler Callihan,PIT,11.0,44,1.0,4.0,4.0,1.0,7.40%,26.80%,0.117,0.302,0.228,0.29,0.345,0.281,76.0,0.0,-1.2,0.0,0.0,,,,,,,,,,,,,,,,Util
Batter,Eguy Rosario,,4.0,16,0.0,2.0,2.0,0.0,7.80%,28.70%,0.152,0.278,0.215,0.281,0.367,0.284,80.0,0.0,-0.4,0.0,0.0,,,,,,,,,,,,,,,,Util
Batter,Tirso Ornelas,SDP,4.0,14,0.0,2.0,2.0,0.0,8.40%,21.60%,0.135,0.288,0.241,0.309,0.375,0.301,95.0,0.0,-0.1,-0.2,0.0,,,,,,,,,,,,,,,,Util
Batter,Ryan Ward,LAD,8.0,32,1.0,4.0,4.0,0.0,7.70%,26.50%,0.18,0.264,0.22,0.283,0.4,0.295,88.0,0.0,-0.5,-0.4,0.0,,,,,,,,,,,,,,,,Util
Batter,LuJames Groover,ARI,1.0,5,0.0,1.0,1.0,0.0,8.70%,18.10%,0.124,0.305,0.261,0.332,0.385,0.316,101.0,0.0,0.0,0.0,0.0,,,,,,,,,,,,,,,,Util
Batter,Wilmer Flores,,30.0,128,5.0,14.0,15.0,0.0,8.20%,18.50%,0.164,0.257,0.236,0.306,0.4,0.308,97.0,-0.6,-1.1,-3.0,0.0,,,,,,,,,,,,,,,,Util
Batter,Andre Lipcius,,5.0,18,0.0,2.0,2.0,0.0,8.60%,23.40%,0.131,0.271,0.222,0.295,0.353,0.286,82.0,0.0,-0.4,0.0,0.0,,,,,,,,,,,,,,,,Util
Batter,Sam Huff,BAL,2.0,8,0.0,1.0,1.0,0.0,7.20%,34.00%,0.143,0.292,0.208,0.269,0.351,0.272,73.0,0.0,-0.3,0.2,0.0,,,,,,,,,,,,,,,,Util
Batter,Gabriel Rincones Jr.,PHI,11.0,44,1.0,5.0,5.0,1.0,10.30%,27.40%,0.15,0.274,0.215,0.303,0.365,0.294,86.0,0.0,-0.7,-0.5,0.0,,,,,,,,,,,,,,,,Util
Batter,Vinny Capra,BOS,3.0,11,0.0,1.0,1.0,0.0,8.40%,23.00%,0.112,0.293,0.234,0.304,0.346,0.288,79.0,0.0,-0.3,0.1,0.0,,,,,,,,,,,,,,,,Util
Batter,Chadwick Tromp,ATL,3.0,11,0.0,1.0,1.0,0.0,7.40%,26.40%,0.113,0.268,0.208,0.27,0.322,0.262,65.0,0.0,-0.5,0.2,0.0,,,,,,,,,,,,,,,,Util
Batter,Javi Vaz,KCR,2.0,9,0.0,1.0,1.0,0.0,10.10%,13.00%,0.087,0.27,0.24,0.324,0.327,0.293,83.0,0.0,-0.2,0.0,0.0,,,,,,,,,,,,,,,,Util
Batter,Ramón Rodríguez,MIL,1.0,5,0.0,0.0,0.0,0.0,8.50%,15.80%,0.119,0.257,0.231,0.304,0.349,0.29,85.0,0.0,-0.1,0.1,0.0,,,,,,,,,,,,,,,,Util
Batter,Dairon Blanco,TEX,6.0,25,1.0,3.0,2.0,2.0,6.70%,25.40%,0.122,0.298,0.233,0.295,0.355,0.287,84.0,0.2,-0.3,-0.4,0.0,,,,,,,,,,,,,,,,Util
Batter,Estevan Florial,,4.0,17,0.0,2.0,2.0,1.0,9.10%,30.10%,0.154,0.299,0.223,0.299,0.378,0.296,88.0,0.0,-0.2,-0.2,0.0,,,,,,,,,,,,,,,,Util
Batter,Jamie Westbrook,,4.0,15,0.0,2.0,1.0,0.0,8.60%,20.80%,0.113,0.274,0.227,0.302,0.34,0.286,81.0,0.0,-0.4,0.0,0.0,,,,,,,,,,,,,,,,Util
Batter,Juan Yepez,,5.0,22,1.0,2.0,3.0,0.0,7.80%,18.70%,0.157,0.268,0.24,0.303,0.397,0.305,94.0,0.0,-0.2,-0.4,0.0,,,,,,,,,,,,,,,,Util
Batter,Paul McIntosh,PHI,2.0,6,0.0,1.0,1.0,0.0,8.80%,23.90%,0.13,0.259,0.212,0.29,0.342,0.28,76.0,0.0,-0.2,0.1,0.0,,,,,,,,,,,,,,,,Util
Batter,Junior Perez,ATH,12.0,47,1.0,5.0,5.0,1.0,9.50%,32.00%,0.148,0.286,0.207,0.286,0.355,0.283,76.0,0.0,-1.3,-0.2,0.0,,,,,,,,,,,,,,,,Util
Batter,Anthony Rendon,LAA,2.0,10,0.0,1.0,1.0,0.0,9.70%,18.60%,0.109,0.27,0.229,0.314,0.338,0.292,85.0,0.0,-0.2,0.0,0.0,,,,,,,,,,,,,,,,Util
Batter,Clay Dungan,SDP,3.0,13,0.0,1.0,1.0,0.0,9.20%,27.40%,0.097,0.277,0.204,0.285,0.301,0.264,70.0,0.0,-0.5,0.2,0.0,,,,,,,,,,,,,,,,Util
Batter,Joshua Palacios,,4.0,16,0.0,2.0,2.0,0.0,8.00%,23.60%,0.142,0.29,0.238,0.307,0.38,0.302,92.0,0.0,-0.2,-0.2,0.0,,,,,,,,,,,,,,,,Util
Batter,Charles Leblanc,,2.0,8,0.0,1.0,1.0,0.0,10.80%,28.40%,0.127,0.305,0.226,0.315,0.352,0.297,89.0,0.0,-0.1,0.0,0.0,,,,,,,,,,,,,,,,Util
Batter,Abraham Toro,KCR,8.0,33,1.0,4.0,3.0,0.0,7.10%,19.50%,0.136,0.285,0.244,0.305,0.38,0.3,88.0,-0.1,-0.6,-0.5,0.0,,,,,,,,,,,,,,,,Util
Batter,DJ LeMahieu,,2.0,8,0.0,1.0,1.0,0.0,9.30%,21.20%,0.107,0.304,0.248,0.322,0.355,0.301,91.0,0.0,-0.1,0.0,0.0,,,,,,,,,,,,,,,,Util
Batter,MJ Melendez,NYM,16.0,65,2.0,7.0,8.0,1.0,8.60%,29.00%,0.176,0.265,0.212,0.284,0.388,0.293,90.0,-0.1,-0.9,-1.1,0.0,,,,,,,,,,,,,,,,Util
Batter,Rafael Lantigua,TOR,2.0,7,0.0,1.0,1.0,0.0,11.30%,21.10%,0.092,0.28,0.224,0.316,0.316,0.286,82.0,0.0,-0.2,0.0,0.0,,,,,,,,,,,,,,,,Util
Batter,Connor Joe,SEA,5.0,20,0.0,2.0,2.0,0.0,10.30%,24.60%,0.126,0.276,0.218,0.307,0.344,0.291,91.0,0.0,-0.2,-0.3,0.0,,,,,,,,,,,,,,,,Util
Batter,Chuckie Robinson,LAD,3.0,12,0.0,1.0,1.0,0.0,5.60%,26.90%,0.105,0.272,0.21,0.262,0.315,0.255,61.0,0.0,-0.6,0.2,0.0,,,,,,,,,,,,,,,,Util
Batter,Alika Williams,PIT,11.0,43,1.0,4.0,4.0,0.0,6.60%,20.90%,0.098,0.283,0.231,0.288,0.328,0.273,71.0,-0.1,-1.5,0.2,0.0,,,,,,,,,,,,,,,,Util
Batter,Dustin Harris,CHW,4.0,17,0.0,2.0,2.0,1.0,8.50%,23.80%,0.128,0.287,0.231,0.303,0.359,0.291,85.0,0.0,-0.3,-0.2,0.0,,,,,,,,,,,,,,,,Util
Batter,Héctor Rodríguez,CIN,6.0,25,1.0,3.0,3.0,0.0,5.20%,17.80%,0.15,0.28,0.251,0.294,0.401,0.301,87.0,0.0,-0.4,-0.3,0.0,,,,,,,,,,,,,,,,Util
Batter,Sam Hilliard,,3.0,11,0.0,1.0,1.0,0.0,9.30%,31.90%,0.176,0.301,0.222,0.297,0.398,0.301,92.0,0.0,-0.1,-0.1,0.0,,,,,,,,,,,,,,,,Util
Batter,Sebastián Rivero,LAA,4.0,17,0.0,2.0,2.0,0.0,4.90%,22.80%,0.114,0.264,0.217,0.262,0.331,0.26,63.0,0.0,-0.8,0.3,0.0,,,,,,,,,,,,,,,,Util
Batter,Malcom Nuñez,PIT,2.0,10,0.0,1.0,1.0,0.0,6.80%,21.30%,0.121,0.274,0.229,0.289,0.35,0.282,78.0,0.0,-0.3,0.0,0.0,,,,,,,,,,,,,,,,Util
Batter,Jud Fabian,BAL,6.0,23,1.0,2.0,2.0,0.0,10.10%,34.30%,0.14,0.265,0.188,0.276,0.328,0.27,72.0,0.0,-0.8,0.1,0.0,,,,,,,,,,,,,,,,Util
Batter,Joey Wiemer,WSN,33.0,134,4.0,13.0,13.0,2.0,8.80%,29.60%,0.14,0.273,0.207,0.285,0.347,0.279,77.0,-0.1,-3.7,-0.6,0.0,,,,,,,,,,,,,,,,Util
Batter,Garrett Stubbs,PHI,7.0,27,0.0,3.0,2.0,0.0,8.10%,24.90%,0.102,0.274,0.214,0.287,0.316,0.269,68.0,0.0,-1.1,0.5,0.0,,,,,,,,,,,,,,,,Util
Batter,René Pinto,PHI,4.0,14,0.0,1.0,2.0,0.0,5.30%,34.30%,0.158,0.282,0.206,0.253,0.364,0.268,68.0,0.0,-0.6,0.2,0.0,,,,,,,,,,,,,,,,Util
Batter,Brandon Drury,KCR,4.0,16,0.0,2.0,2.0,0.0,7.10%,23.60%,0.141,0.275,0.227,0.29,0.367,0.288,80.0,0.0,-0.4,0.0,0.0,,,,,,,,,,,,,,,,Util
Batter,Jakson Reetz,SEA,1.0,5,0.0,0.0,0.0,0.0,7.70%,31.20%,0.144,0.243,0.185,0.26,0.329,0.261,71.0,0.0,-0.2,0.1,0.0,,,,,,,,,,,,,,,,Util
Batter,Jason Delay,BOS,2.0,8,0.0,1.0,1.0,0.0,6.30%,21.60%,0.085,0.277,0.221,0.278,0.306,0.26,60.0,0.0,-0.4,0.1,0.0,,,,,,,,,,,,,,,,Util
Batter,Cal Stevenson,DET,2.0,8,0.0,1.0,1.0,0.0,13.10%,25.00%,0.105,0.284,0.216,0.322,0.321,0.29,84.0,0.0,-0.1,0.0,0.0,,,,,,,,,,,,,,,,Util
Batter,Blake Sabol,TBR,5.0,18,0.0,2.0,2.0,0.0,8.50%,32.20%,0.125,0.285,0.203,0.279,0.328,0.27,70.0,0.0,-0.7,0.1,0.0,,,,,,,,,,,,,,,,Util
Batter,Matt Rudick,NYM,2.0,8,0.0,1.0,1.0,0.0,10.60%,26.10%,0.11,0.271,0.206,0.299,0.316,0.278,79.0,0.0,-0.2,0.0,0.0,,,,,,,,,,,,,,,,Util
Batter,Brennen Davis,SEA,6.0,26,1.0,3.0,3.0,0.0,8.10%,31.50%,0.162,0.258,0.199,0.279,0.36,0.282,85.0,0.0,-0.5,-0.3,0.0,,,,,,,,,,,,,,,,Util
Batter,Edward Olivares,TBR,4.0,18,1.0,2.0,2.0,0.0,6.90%,20.60%,0.147,0.277,0.24,0.3,0.386,0.3,90.0,0.0,-0.2,-0.3,0.0,,,,,,,,,,,,,,,,Util
Batter,Daz Cameron,MIL,4.0,15,0.0,2.0,2.0,0.0,8.20%,28.00%,0.157,0.285,0.223,0.294,0.38,0.295,88.0,0.0,-0.2,-0.2,0.0,,,,,,,,,,,,,,,,Util
Batter,Nick Senzel,LAD,5.0,20,1.0,2.0,2.0,0.0,8.60%,23.40%,0.127,0.258,0.214,0.287,0.34,0.278,76.0,0.0,-0.6,0.0,0.0,,,,,,,,,,,,,,,,Util
Batter,Bryan Lavastida,ATH,1.0,4,0.0,0.0,0.0,0.0,8.40%,23.70%,0.121,0.269,0.217,0.291,0.337,0.279,74.0,0.0,-0.1,0.1,0.0,,,,,,,,,,,,,,,,Util
Batter,Gage Workman,DET,4.0,16,0.0,2.0,1.0,0.0,8.10%,36.30%,0.142,0.308,0.204,0.273,0.346,0.272,72.0,0.0,-0.5,0.1,0.0,,,,,,,,,,,,,,,,Util
Batter,Curt Casali,,2.0,6,0.0,1.0,1.0,0.0,9.80%,23.40%,0.109,0.274,0.218,0.304,0.327,0.284,80.0,0.0,-0.2,0.1,0.0,,,,,,,,,,,,,,,,Util
Batter,Patrick Wisdom,SEA,7.0,28,1.0,3.0,4.0,0.0,8.10%,34.80%,0.208,0.249,0.196,0.268,0.403,0.29,91.0,-0.1,-0.4,-0.5,0.0,,,,,,,,,,,,,,,,Util
Batter,Darrien Miller,MIL,1.0,4,0.0,0.0,0.0,0.0,12.00%,28.70%,0.105,0.252,0.184,0.301,0.289,0.272,73.0,0.0,-0.1,0.1,0.0,,,,,,,,,,,,,,,,Util
Batter,Luca Tresh,KCR,1.0,3,0.0,0.0,0.0,0.0,7.10%,24.40%,0.142,0.273,0.223,0.283,0.365,0.284,77.0,0.0,-0.1,0.1,0.0,,,,,,,,,,,,,,,,Util
Batter,Ryan Clifford,NYM,8.0,31,1.0,3.0,3.0,0.0,11.20%,30.30%,0.163,0.269,0.206,0.303,0.369,0.297,92.0,0.0,-0.3,-0.6,0.0,,,,,,,,,,,,,,,,Util
Batter,Kaelen Culpepper,MIN,1.0,2,0.0,0.0,0.0,0.0,7.10%,20.50%,0.13,0.289,0.244,0.306,0.374,0.299,90.0,0.0,0.0,0.0,0.0,,,,,,,,,,,,,,,,Util
Batter,Jacob Amaya,ARI,3.0,12,0.0,1.0,1.0,0.0,9.00%,26.50%,0.107,0.277,0.212,0.287,0.319,0.271,70.0,0.0,-0.4,0.1,0.0,,,,,,,,,,,,,,,,Util
Batter,David Bote,LAD,2.0,9,0.0,1.0,1.0,0.0,7.20%,24.00%,0.137,0.278,0.226,0.289,0.363,0.286,82.0,0.0,-0.2,0.0,0.0,,,,,,,,,,,,,,,,Util
Batter,Max Clark,DET,1.0,2,0.0,0.0,0.0,0.0,11.70%,22.00%,0.129,0.288,0.234,0.329,0.364,0.308,97.0,0.0,0.0,0.0,0.0,,,,,,,,,,,,,,,,Util
Batter,Dominic Fletcher,PIT,10.0,40,1.0,4.0,4.0,0.0,6.30%,21.60%,0.125,0.288,0.237,0.293,0.363,0.287,80.0,-0.1,-1.0,-0.3,0.0,,,,,,,,,,,,,,,,Util
Batter,Jared Serna,MIA,10.0,40,1.0,4.0,3.0,1.0,7.60%,18.50%,0.095,0.261,0.22,0.286,0.316,0.268,68.0,0.0,-1.5,0.3,0.0,,,,,,,,,,,,,,,,Util
Batter,Jake Cave,,6.0,23,1.0,2.0,2.0,0.0,6.40%,24.90%,0.14,0.307,0.244,0.296,0.384,0.296,88.0,0.0,-0.3,-0.4,0.0,,,,,,,,,,,,,,,,Util
Batter,Christian Cerda,ARI,0.0,2,0.0,0.0,0.0,0.0,11.20%,22.00%,0.13,0.263,0.218,0.311,0.348,0.294,86.0,0.0,0.0,0.0,0.0,,,,,,,,,,,,,,,,Util
Batter,Kevin Kiermaier,,3.0,12,0.0,1.0,1.0,0.0,6.10%,27.10%,0.125,0.294,0.225,0.278,0.351,0.276,74.0,0.0,-0.4,0.0,0.0,,,,,,,,,,,,,,,,Util
Batter,Keston Hiura,LAD,2.0,8,0.0,1.0,1.0,0.0,7.00%,31.50%,0.18,0.299,0.228,0.296,0.408,0.305,95.0,0.0,-0.1,-0.1,0.0,,,,,,,,,,,,,,,,Util
Batter,Onil Perez,SFG,1.0,2,0.0,0.0,0.0,0.0,9.20%,17.20%,0.088,0.271,0.229,0.307,0.318,0.281,80.0,0.0,-0.1,0.0,0.0,,,,,,,,,,,,,,,,Util
Batter,Kevin Parada,NYM,1.0,4,0.0,0.0,0.0,0.0,7.40%,30.50%,0.122,0.274,0.202,0.268,0.324,0.262,68.0,0.0,-0.2,0.1,0.0,,,,,,,,,,,,,,,,Util
Batter,Hunter Renfroe,,4.0,16,1.0,2.0,2.0,0.0,7.90%,22.10%,0.168,0.267,0.232,0.297,0.4,0.304,93.0,-0.1,-0.2,-0.3,0.0,,,,,,,,,,,,,,,,Util
Batter,Nick Solak,SDP,1.0,3,0.0,0.0,0.0,0.0,8.60%,19.70%,0.11,0.295,0.247,0.322,0.356,0.3,95.0,0.0,0.0,0.0,0.0,,,,,,,,,,,,,,,,Util
Batter,BJ Murray,CHC,1.0,4,0.0,0.0,0.0,0.0,10.90%,26.00%,0.127,0.267,0.21,0.301,0.336,0.285,83.0,0.0,-0.1,0.0,0.0,,,,,,,,,,,,,,,,Util
Batter,Ismael Munguia,TOR,1.0,3,0.0,0.0,0.0,0.0,6.90%,14.20%,0.108,0.268,0.241,0.306,0.349,0.29,85.0,0.0,-0.1,0.0,0.0,,,,,,,,,,,,,,,,Util
Batter,Danny Mendick,,2.0,8,0.0,1.0,1.0,0.0,6.70%,21.50%,0.117,0.278,0.231,0.288,0.348,0.28,77.0,0.0,-0.2,0.0,0.0,,,,,,,,,,,,,,,,Util
Batter,Jake Slaughter,,2.0,8,0.0,1.0,1.0,0.0,7.10%,29.20%,0.124,0.294,0.219,0.284,0.343,0.277,75.0,0.0,-0.2,0.0,0.0,,,,,,,,,,,,,,,,Util
Batter,Peyton Wilson,KCR,2.0,6,0.0,1.0,1.0,0.0,8.40%,25.50%,0.109,0.297,0.226,0.298,0.334,0.282,76.0,0.0,-0.2,0.0,0.0,,,,,,,,,,,,,,,,Util
Batter,Cooper Hummel,,2.0,6,0.0,1.0,1.0,0.0,12.50%,28.70%,0.142,0.29,0.214,0.322,0.356,0.304,93.0,0.0,-0.1,-0.1,0.0,,,,,,,,,,,,,,,,Util
Batter,Vimael Machín,COL,4.0,16,0.0,2.0,2.0,0.0,7.70%,19.80%,0.126,0.295,0.249,0.311,0.375,0.3,77.0,0.0,-0.4,0.0,0.0,,,,,,,,,,,,,,,,Util
Batter,Tanner Schobel,MIN,2.0,10,0.0,1.0,1.0,0.0,8.50%,23.80%,0.108,0.277,0.219,0.29,0.326,0.275,73.0,0.0,-0.3,0.0,0.0,,,,,,,,,,,,,,,,Util
Batter,Andrew Cossetti,MIN,1.0,3,0.0,0.0,0.0,0.0,10.00%,32.20%,0.127,0.273,0.193,0.285,0.32,0.272,71.0,0.0,-0.1,0.1,0.0,,,,,,,,,,,,,,,,Util
Pitcher,Tarik Skubal,DET,,,,,,,,,,,,,,,,,,,,14.0,9.0,0.0,32.0,32.0,199.2,10.95,1.96,0.91,0.288,77.20%,42.40%,2.79,2.78,5.9,P
Pitcher,Paul Skenes,PIT,,,,,,,,,,,,,,,,,,,,13.0,9.0,0.0,32.0,32.0,194.0,10.99,2.39,0.82,0.298,75.90%,44.40%,2.92,2.78,5.7,P
Pitcher,Garrett Crochet,BOS,,,,,,,,,,,,,,,,,,,,14.0,9.0,0.0,32.0,32.0,193.0,11.14,2.33,0.91,0.3,75.80%,45.50%,3.02,2.84,5.6,P
Pitcher,Cristopher Sánchez,PHI,,,,,,,,,,,,,,,,,,,,14.0,9.0,0.0,32.0,32.0,198.0,8.7,2.3,0.8,0.302,74.80%,54.50%,3.15,3.22,4.7,P
Pitcher,Chris Sale,ATL,,,,,,,,,,,,,,,,,,,,12.0,8.0,0.0,28.0,28.0,168.2,10.98,2.36,0.97,0.297,75.00%,41.70%,3.19,3.04,4.2,P
Pitcher,Logan Webb,SFG,,,,,,,,,,,,,,,,,,,,13.0,10.0,0.0,32.0,32.0,199.1,8.46,2.13,0.75,0.309,73.10%,54.70%,3.32,3.15,4.1,P
Pitcher,Cole Ragans,KCR,,,,,,,,,,,,,,,,,,,,12.0,9.0,0.0,29.0,29.0,172.0,11.02,3.26,0.99,0.293,76.00%,39.80%,3.31,3.3,4.1,P
Pitcher,Jacob deGrom,TEX,,,,,,,,,,,,,,,,,,,,11.0,9.0,0.0,29.0,29.0,174.2,10.44,2.05,1.22,0.29,74.50%,37.90%,3.52,3.34,4.0,P
Pitcher,Sonny Gray,BOS,,,,,,,,,,,,,,,,,,,,12.0,10.0,0.0,31.0,31.0,181.1,9.41,2.38,1.05,0.305,72.90%,45.10%,3.69,3.44,3.9,P
Pitcher,Dylan Cease,TOR,,,,,,,,,,,,,,,,,,,,12.0,9.0,0.0,31.0,31.0,177.2,10.57,3.29,1.07,0.288,75.10%,38.10%,3.54,3.52,3.8,P
Pitcher,Framber Valdez,DET,,,,,,,,,,,,,,,,,,,,12.0,10.0,0.0,31.0,31.0,190.1,8.33,2.93,0.73,0.308,73.30%,55.50%,3.43,3.44,3.7,P
Pitcher,Zack Wheeler,PHI,,,,,,,,,,,,,,,,,,,,11.0,7.0,0.0,26.0,26.0,154.2,10.33,2.27,1.04,0.288,75.60%,41.50%,3.2,3.22,3.7,P
Pitcher,Max Fried,NYY,,,,,,,,,,,,,,,,,,,,13.0,9.0,0.0,31.0,31.0,189.1,8.54,2.58,0.89,0.296,75.30%,50.50%,3.28,3.5,3.7,P
Pitcher,Hunter Brown,HOU,,,,,,,,,,,,,,,,,,,,12.0,10.0,0.0,31.0,31.0,184.1,9.79,2.97,1.02,0.299,73.70%,47.30%,3.63,3.54,3.6,P
Pitcher,Jesús Luzardo,PHI,,,,,,,,,,,,,,,,,,,,12.0,10.0,0.0,31.0,31.0,181.0,9.84,2.85,1.16,0.289,75.40%,40.40%,3.57,3.67,3.5,P
Pitcher,Yoshinobu Yamamoto,LAD,,,,,,,,,,,,,,,,,,,,11.0,7.0,0.0,26.0,26.0,154.1,9.48,2.75,0.98,0.3,74.50%,49.20%,3.45,3.46,3.4,P
Pitcher,Nathan Eovaldi,TEX,,,,,,,,,,,,,,,,,,,,11.0,9.0,0.0,29.0,29.0,174.2,8.85,2.3,1.06,0.3,73.20%,46.00%,3.65,3.58,3.4,P
Pitcher,Joe Ryan,MIN,,,,,,,,,,,,,,,,,,,,11.0,10.0,0.0,29.0,29.0,172.2,9.86,2.18,1.3,0.289,73.30%,33.60%,3.81,3.69,3.3,P
Pitcher,Bryan Woo,SEA,,,,,,,,,,,,,,,,,,,,12.0,10.0,0.0,32.0,32.0,195.0,9.02,2.04,1.2,0.284,74.00%,39.50%,3.6,3.66,3.3,P
Pitcher,Ranger Suarez,BOS,,,,,,,,,,,,,,,,,,,,11.0,10.0,0.0,29.0,29.0,171.2,8.04,2.59,0.96,0.306,72.90%,49.00%,3.74,3.69,3.3,P
Pitcher,Drew Rasmussen,TBR,,,,,,,,,,,,,,,,,,,,11.0,10.0,0.0,31.0,31.0,171.0,8.47,2.37,1.03,0.299,72.60%,45.70%,3.72,3.63,3.2,P
Pitcher,Shane McClanahan,TBR,,,,,,,,,,,,,,,,,,,,9.0,8.0,0.0,24.0,24.0,142.1,9.99,2.64,1.03,0.294,75.40%,44.50%,3.35,3.37,3.2,P
Pitcher,Logan Gilbert,SEA,,,,,,,,,,,,,,,,,,,,11.0,9.0,0.0,29.0,29.0,166.1,9.82,2.1,1.13,0.287,74.80%,39.80%,3.4,3.39,3.2,P
Pitcher,George Kirby,SEA,,,,,,,,,,,,,,,,,,,,12.0,10.0,0.0,31.0,31.0,178.1,8.77,1.71,1.11,0.29,73.50%,42.30%,3.51,3.49,3.2,P
Pitcher,Brandon Woodruff,MIL,,,,,,,,,,,,,,,,,,,,10.0,10.0,0.0,28.0,28.0,167.2,9.45,2.46,1.31,0.286,73.70%,36.40%,3.86,3.87,3.1,P
Pitcher,Kyle Bradish,BAL,,,,,,,,,,,,,,,,,,,,10.0,9.0,0.0,28.0,28.0,154.0,9.5,2.82,1.08,0.302,73.70%,45.20%,3.72,3.65,3.0,P
Pitcher,José Soriano,LAA,,,,,,,,,,,,,,,,,,,,11.0,11.0,0.0,31.0,31.0,177.1,8.37,3.83,0.75,0.312,73.50%,57.20%,3.68,3.79,3.0,P
Pitcher,Aaron Nola,PHI,,,,,,,,,,,,,,,,,,,,11.0,10.0,0.0,31.0,31.0,180.2,8.71,2.33,1.32,0.293,73.30%,42.30%,3.98,3.98,3.0,P
Pitcher,Kevin Gausman,TOR,,,,,,,,,,,,,,,,,,,,11.0,10.0,0.0,31.0,31.0,185.1,8.8,2.65,1.22,0.291,72.80%,37.90%,3.98,3.9,2.9,P
Pitcher,Michael King,SDP,,,,,,,,,,,,,,,,,,,,10.0,10.0,0.0,29.0,29.0,166.2,9.35,3.12,1.18,0.289,74.30%,40.20%,3.8,3.92,2.9,P
Pitcher,Tyler Glasnow,LAD,,,,,,,,,,,,,,,,,,,,10.0,7.0,0.0,24.0,24.0,141.1,10.49,3.31,1.06,0.296,74.30%,44.70%,3.61,3.53,2.9,P
Pitcher,Freddy Peralta,NYM,,,,,,,,,,,,,,,,,,,,11.0,9.0,0.0,29.0,29.0,168.1,9.9,3.34,1.2,0.282,74.30%,37.20%,3.8,3.92,2.7,P
Pitcher,MacKenzie Gore,TEX,,,,,,,,,,,,,,,,,,,,10.0,9.0,0.0,29.0,29.0,161.1,10.17,3.41,1.17,0.294,74.30%,39.00%,3.82,3.81,2.7,P
Pitcher,Nick Pivetta,SDP,,,,,,,,,,,,,,,,,,,,10.0,10.0,0.0,29.0,29.0,174.0,9.91,2.79,1.39,0.286,74.20%,33.80%,3.97,3.95,2.6,P
Pitcher,Eury Pérez,MIA,,,,,,,,,,,,,,,,,,,,9.0,10.0,0.0,28.0,28.0,154.0,10.02,3.14,1.28,0.285,73.20%,32.30%,4.0,3.91,2.6,P
Pitcher,Jack Flaherty,DET,,,,,,,,,,,,,,,,,,,,10.0,10.0,0.0,29.0,29.0,163.0,9.74,3.16,1.18,0.293,73.70%,39.80%,3.89,3.85,2.6,P
Pitcher,Yusei Kikuchi,LAA,,,,,,,,,,,,,,,,,,,,10.0,11.0,0.0,31.0,31.0,177.2,9.21,3.19,1.32,0.297,73.70%,40.70%,4.11,4.15,2.6,P
Pitcher,Shohei Ohtani,LAD,,,,,,,,,,,,,,,,,,,,9.0,6.0,0.0,23.0,23.0,117.0,10.5,2.79,1.14,0.29,75.40%,41.20%,3.46,3.49,2.6,Util
Pitcher,Blake Snell,LAD,,,,,,,,,,,,,,,,,,,,9.0,6.0,0.0,23.0,23.0,127.0,11.04,3.94,1.05,0.292,75.70%,42.90%,3.54,3.59,2.5,P
Pitcher,Sandy Alcantara,MIA,,,,,,,,,,,,,,,,,,,,10.0,12.0,0.0,31.0,31.0,186.2,7.64,2.7,1.07,0.304,70.90%,47.00%,4.16,4.01,2.5,P
Pitcher,Spencer Strider,ATL,,,,,,,,,,,,,,,,,,,,10.0,8.0,0.0,26.0,26.0,151.1,10.48,3.23,1.18,0.295,73.90%,37.20%,3.82,3.73,2.5,P
Pitcher,Emmet Sheehan,LAD,,,,,,,,,,,,,,,,,,,,10.0,8.0,0.0,44.0,24.0,157.0,10.14,3.14,1.34,0.286,74.50%,35.70%,3.94,4.0,2.5,P
Pitcher,Nick Lodolo,CIN,,,,,,,,,,,,,,,,,,,,9.0,10.0,0.0,28.0,28.0,157.0,9.19,2.5,1.3,0.297,72.60%,42.20%,4.03,4.05,2.5,P
Pitcher,Cody Ponce,TOR,,,,,,,,,,,,,,,,,,,,9.0,9.0,0.0,44.0,23.0,154.2,8.76,2.56,1.13,0.3,72.50%,44.00%,3.91,3.8,2.4,P
Pitcher,Luis Castillo,SEA,,,,,,,,,,,,,,,,,,,,11.0,10.0,0.0,31.0,31.0,181.1,8.51,2.54,1.23,0.286,73.60%,39.90%,3.86,3.98,2.4,P
Pitcher,Merrill Kelly,ARI,,,,,,,,,,,,,,,,,,,,10.0,10.0,0.0,29.0,29.0,172.2,8.24,2.76,1.15,0.303,72.00%,42.30%,4.12,3.96,2.4,P
Pitcher,Brady Singer,CIN,,,,,,,,,,,,,,,,,,,,10.0,11.0,0.0,31.0,31.0,178.1,8.41,2.87,1.36,0.3,72.00%,43.90%,4.37,4.36,2.3,P
Pitcher,Tanner Bibee,CLE,,,,,,,,,,,,,,,,,,,,10.0,11.0,0.0,31.0,31.0,182.0,8.5,2.75,1.28,0.292,72.70%,39.60%,4.1,4.14,2.3,P
Pitcher,Carlos Rodón,NYY,,,,,,,,,,,,,,,,,,,,10.0,9.0,0.0,28.0,28.0,161.2,9.76,3.26,1.27,0.284,73.80%,36.30%,3.96,4.03,2.3,P
Pitcher,Chase Burns,CIN,,,,,,,,,,,,,,,,,,,,7.0,7.0,0.0,27.0,19.0,114.1,10.24,2.83,1.23,0.293,74.70%,40.90%,3.71,3.67,2.3,P
Pitcher,Mitch Keller,PIT,,,,,,,,,,,,,,,,,,,,10.0,12.0,0.0,31.0,31.0,179.2,7.78,2.75,1.15,0.302,70.10%,42.70%,4.35,4.15,2.3,P
Pitcher,Ryan Pepiot,TBR,,,,,,,,,,,,,,,,,,,,9.0,10.0,0.0,28.0,28.0,156.1,9.49,3.25,1.28,0.287,73.60%,36.20%,4.02,4.09,2.3,P
Pitcher,Matthew Boyd,CHC,,,,,,,,,,,,,,,,,,,,11.0,10.0,0.0,29.0,29.0,173.2,8.09,2.71,1.25,0.285,73.80%,37.70%,3.93,4.18,2.2,P
Pitcher,Kris Bubic,KCR,,,,,,,,,,,,,,,,,,,,9.0,9.0,0.0,34.0,24.0,149.1,8.52,3.13,1.08,0.301,73.20%,45.00%,3.91,3.95,2.2,P
Pitcher,David Peterson,NYM,,,,,,,,,,,,,,,,,,,,11.0,9.0,0.0,29.0,29.0,169.2,7.96,3.47,0.92,0.298,74.60%,51.60%,3.65,3.98,2.2,P
Pitcher,Cade Cavalli,WSN,,,,,,,,,,,,,,,,,,,,9.0,10.0,0.0,26.0,26.0,156.0,7.56,3.07,1.0,0.3,72.10%,49.90%,3.99,4.09,2.2,P
Pitcher,Joe Musgrove,SDP,,,,,,,,,,,,,,,,,,,,9.0,9.0,0.0,26.0,26.0,149.2,8.52,2.31,1.22,0.294,72.80%,42.00%,3.91,3.96,2.2,P
Pitcher,Zac Gallen,ARI,,,,,,,,,,,,,,,,,,,,11.0,11.0,0.0,31.0,31.0,184.0,8.51,2.9,1.14,0.308,71.30%,43.00%,4.24,3.96,2.2,P
Pitcher,Casey Mize,DET,,,,,,,,,,,,,,,,,,,,9.0,10.0,0.0,28.0,28.0,150.2,7.96,2.49,1.2,0.295,72.20%,41.50%,4.06,4.02,2.2,P
Pitcher,Grayson Rodriguez,LAA,,,,,,,,,,,,,,,,,,,,7.0,7.0,0.0,21.0,21.0,119.2,9.48,3.05,1.16,0.296,74.00%,42.50%,3.82,3.83,2.1,P
Pitcher,Andrew Abbott,CIN,,,,,,,,,,,,,,,,,,,,9.0,11.0,0.0,29.0,29.0,170.1,8.32,2.9,1.59,0.286,72.90%,32.90%,4.54,4.64,2.0,P
Pitcher,Nolan McLean,NYM,,,,,,,,,,,,,,,,,,,,10.0,8.0,0.0,26.0,26.0,149.0,8.53,3.49,0.94,0.294,73.60%,49.90%,3.71,3.92,2.0,P
Pitcher,Trevor Rogers,BAL,,,,,,,,,,,,,,,,,,,,10.0,9.0,0.0,28.0,28.0,158.2,7.66,3.05,1.16,0.3,72.20%,43.40%,4.2,4.23,2.0,P
Pitcher,Foster Griffin,WSN,,,,,,,,,,,,,,,,,,,,8.0,9.0,0.0,35.0,23.0,141.1,7.73,2.61,1.08,0.3,72.60%,46.20%,3.93,3.98,2.0,P
Pitcher,Shane Bieber,TOR,,,,,,,,,,,,,,,,,,,,8.0,7.0,0.0,31.0,19.0,124.0,8.37,2.09,1.11,0.299,73.00%,45.80%,3.74,3.67,2.0,P
Pitcher,Bailey Ober,MIN,,,,,,,,,,,,,,,,,,,,9.0,10.0,0.0,28.0,28.0,159.2,8.15,2.17,1.54,0.289,72.20%,31.80%,4.4,4.39,2.0,P
Pitcher,Steven Matz,TBR,,,,,,,,,,,,,,,,,,,,8.0,9.0,0.0,35.0,23.0,137.2,7.62,2.57,1.19,0.294,72.20%,43.60%,4.06,4.13,2.0,P
Pitcher,Gerrit Cole,NYY,,,,,,,,,,,,,,,,,,,,8.0,8.0,0.0,23.0,23.0,134.1,9.2,2.63,1.33,0.285,73.70%,37.90%,3.94,4.0,2.0,P
Pitcher,Gavin Williams,CLE,,,,,,,,,,,,,,,,,,,,10.0,11.0,0.0,31.0,31.0,177.1,9.19,3.88,1.16,0.296,73.50%,42.00%,4.09,4.17,2.0,P
Pitcher,Reid Detmers,LAA,,,,,,,,,,,,,,,,,,,,8.0,9.0,0.0,36.0,24.0,150.2,9.52,3.44,1.22,0.295,73.40%,39.70%,4.03,4.06,2.0,P
Pitcher,Shota Imanaga,CHC,,,,,,,,,,,,,,,,,,,,9.0,9.0,0.0,26.0,26.0,155.0,8.16,1.96,1.55,0.284,74.20%,33.50%,4.11,4.29,2.0,P
Pitcher,Trey Yesavage,TOR,,,,,,,,,,,,,,,,,,,,8.0,7.0,0.0,35.0,21.0,132.2,10.03,3.64,1.08,0.29,74.40%,41.30%,3.72,3.78,2.0,P
Pitcher,Chris Bassitt,BAL,,,,,,,,,,,,,,,,,,,,10.0,11.0,0.0,37.0,29.0,179.1,8.14,3.04,1.22,0.301,71.50%,43.80%,4.3,4.28,1.9,P
Pitcher,Edward Cabrera,CHC,,,,,,,,,,,,,,,,,,,,9.0,9.0,0.0,26.0,26.0,142.1,9.57,3.64,1.06,0.297,72.40%,45.60%,3.96,3.91,1.9,P
Pitcher,Michael Wacha,KCR,,,,,,,,,,,,,,,,,,,,10.0,11.0,0.0,29.0,29.0,170.0,7.16,2.65,1.35,0.294,70.90%,37.70%,4.5,4.48,1.9,P
Pitcher,Max Meyer,MIA,,,,,,,,,,,,,,,,,,,,8.0,9.0,0.0,34.0,24.0,149.0,8.29,2.92,1.12,0.301,72.20%,46.20%,4.05,4.0,1.9,P
Pitcher,Clay Holmes,NYM,,,,,,,,,,,,,,,,,,,,10.0,9.0,0.0,28.0,28.0,154.0,7.52,3.62,0.84,0.302,72.50%,54.30%,3.88,4.05,1.9,P
Pitcher,Reynaldo López,ATL,,,,,,,,,,,,,,,,,,,,9.0,9.0,0.0,34.0,24.0,150.0,9.13,3.12,1.16,0.299,72.50%,40.10%,4.06,3.92,1.9,P
Pitcher,Braxton Garrett,MIA,,,,,,,,,,,,,,,,,,,,7.0,7.0,0.0,27.0,19.0,117.0,7.89,2.25,1.04,0.303,72.00%,47.30%,3.84,3.8,1.9,P
Pitcher,Bubba Chandler,PIT,,,,,,,,,,,,,,,,,,,,9.0,10.0,0.0,38.0,26.0,162.1,8.22,3.52,1.15,0.296,71.60%,41.50%,4.3,4.3,1.8,P
Pitcher,Taj Bradley,MIN,,,,,,,,,,,,,,,,,,,,8.0,9.0,0.0,36.0,24.0,145.1,8.8,3.19,1.25,0.298,72.40%,39.90%,4.23,4.15,1.8,P
Pitcher,Shane Baz,BAL,,,,,,,,,,,,,,,,,,,,9.0,10.0,0.0,28.0,28.0,159.0,8.84,3.29,1.28,0.298,72.20%,42.10%,4.29,4.26,1.8,P
Pitcher,Brayan Bello,BOS,,,,,,,,,,,,,,,,,,,,9.0,10.0,0.0,28.0,28.0,156.0,7.49,3.17,1.05,0.311,70.30%,49.60%,4.41,4.21,1.8,P
Pitcher,Brandon Pfaadt,ARI,,,,,,,,,,,,,,,,,,,,10.0,10.0,0.0,29.0,29.0,164.0,7.81,2.15,1.27,0.304,70.60%,41.20%,4.31,4.07,1.8,P
Pitcher,Shane Smith,CHW,,,,,,,,,,,,,,,,,,,,9.0,11.0,0.0,29.0,29.0,168.1,8.25,3.45,1.26,0.294,71.80%,41.60%,4.37,4.45,1.8,P
Pitcher,Luis Severino,ATH,,,,,,,,,,,,,,,,,,,,10.0,11.0,0.0,29.0,29.0,172.2,7.36,2.9,1.32,0.297,70.90%,42.30%,4.51,4.54,1.8,P
Pitcher,Jeffrey Springs,ATH,,,,,,,,,,,,,,,,,,,,9.0,11.0,0.0,29.0,29.0,166.0,7.72,2.88,1.5,0.291,71.70%,35.70%,4.62,4.64,1.8,P
Pitcher,Tatsuya Imai,HOU,,,,,,,,,,,,,,,,,,,,9.0,9.0,0.0,26.0,26.0,153.0,8.55,3.65,1.16,0.305,71.60%,45.60%,4.37,4.27,1.8,P
Pitcher,Seth Lugo,KCR,,,,,,,,,,,,,,,,,,,,9.0,10.0,0.0,28.0,28.0,161.1,7.73,2.94,1.3,0.301,71.20%,41.20%,4.49,4.4,1.7,P
Pitcher,Jared Jones,PIT,,,,,,,,,,,,,,,,,,,,7.0,6.0,0.0,24.0,18.0,107.0,9.51,3.02,1.13,0.294,73.40%,39.10%,3.83,3.79,1.7,P
Pitcher,Braxton Ashcraft,PIT,,,,,,,,,,,,,,,,,,,,8.0,9.0,0.0,45.0,23.0,145.1,7.64,2.94,1.03,0.302,71.60%,46.20%,4.08,4.03,1.7,P
Pitcher,Mike Burrows,HOU,,,,,,,,,,,,,,,,,,,,9.0,9.0,0.0,34.0,26.0,146.1,8.73,3.1,1.31,0.293,72.40%,41.00%,4.24,4.24,1.7,P
Pitcher,Justin Verlander,DET,,,,,,,,,,,,,,,,,,,,8.0,9.0,0.0,26.0,26.0,143.1,7.53,2.76,1.33,0.284,71.40%,33.20%,4.37,4.42,1.6,P
Pitcher,Robbie Ray,SFG,,,,,,,,,,,,,,,,,,,,10.0,11.0,0.0,31.0,31.0,179.2,9.39,3.45,1.28,0.291,73.00%,36.20%,4.2,4.17,1.6,P
Pitcher,Kodai Senga,NYM,,,,,,,,,,,,,,,,,,,,9.0,8.0,0.0,35.0,23.0,137.1,9.04,3.84,1.07,0.292,73.80%,43.70%,3.92,4.06,1.6,P
Pitcher,Hunter Greene,CIN,,,,,,,,,,,,,,,,,,,,5.0,5.0,0.0,15.0,15.0,82.2,10.79,3.01,1.38,0.284,74.30%,33.60%,3.91,3.9,1.6,P
Pitcher,Kumar Rocker,TEX,,,,,,,,,,,,,,,,,,,,8.0,9.0,0.0,39.0,23.0,138.0,7.9,2.85,1.17,0.302,71.30%,45.70%,4.23,4.13,1.6,P
Pitcher,Anthony Kay,CHW,,,,,,,,,,,,,,,,,,,,8.0,9.0,0.0,41.0,21.0,140.0,7.18,3.33,1.06,0.303,72.70%,49.60%,4.14,4.3,1.6,P
Pitcher,Cam Schlittler,NYY,,,,,,,,,,,,,,,,,,,,8.0,8.0,0.0,23.0,23.0,126.1,8.61,3.44,1.16,0.288,73.10%,44.00%,4.01,4.19,1.6,P
Pitcher,Zach Eflin,BAL,,,,,,,,,,,,,,,,,,,,9.0,9.0,0.0,36.0,26.0,156.0,7.06,1.7,1.41,0.3,71.60%,42.60%,4.32,4.27,1.6,P
Pitcher,Dustin May,STL,,,,,,,,,,,,,,,,,,,,9.0,10.0,0.0,36.0,26.0,161.1,8.27,3.35,1.14,0.297,71.70%,42.60%,4.22,4.22,1.6,P
Pitcher,Jack Leiter,TEX,,,,,,,,,,,,,,,,,,,,9.0,10.0,0.0,28.0,28.0,149.2,8.7,3.82,1.34,0.29,71.80%,37.30%,4.52,4.54,1.6,P
Pitcher,Noah Cameron,KCR,,,,,,,,,,,,,,,,,,,,9.0,9.0,0.0,26.0,26.0,148.1,7.4,3.02,1.23,0.298,72.10%,43.00%,4.31,4.39,1.6,P
Pitcher,Ryne Nelson,ARI,,,,,,,,,,,,,,,,,,,,10.0,10.0,0.0,38.0,28.0,163.2,7.49,2.56,1.22,0.302,71.20%,39.60%,4.32,4.19,1.6,P
Pitcher,Eduardo Rodriguez,ARI,,,,,,,,,,,,,,,,,,,,8.0,8.0,0.0,31.0,23.0,133.2,8.0,3.13,1.2,0.3,72.10%,39.90%,4.28,4.22,1.5,P
Pitcher,Jacob Misiorowski,MIL,,,,,,,,,,,,,,,,,,,,8.0,9.0,0.0,32.0,24.0,143.0,9.8,4.28,1.18,0.288,73.50%,39.50%,4.11,4.27,1.5,P
Pitcher,Mason Miller,SDP,,,,,,,,,,,,,,,,,,,,4.0,2.0,32.0,66.0,0.0,66.0,14.27,3.46,0.75,0.282,80.40%,36.80%,2.39,2.31,1.5,P
Pitcher,Kyle Freeland,COL,,,,,,,,,,,,,,,,,,,,8.0,12.0,0.0,29.0,29.0,167.2,6.71,2.37,1.51,0.317,68.80%,40.70%,5.15,4.74,1.5,P
Pitcher,Roki Sasaki,LAD,,,,,,,,,,,,,,,,,,,,7.0,7.0,0.0,40.0,18.0,119.1,8.58,3.32,1.17,0.301,72.00%,46.40%,4.2,4.18,1.5,P
Pitcher,Sean Manaea,NYM,,,,,,,,,,,,,,,,,,,,8.0,7.0,0.0,48.0,18.0,126.2,9.35,2.92,1.24,0.286,74.20%,38.70%,3.82,3.97,1.5,P
Pitcher,Zack Littell,WSN,,,,,,,,,,,,,,,,,,,,8.0,10.0,0.0,26.0,26.0,151.2,6.68,1.94,1.5,0.293,70.70%,38.50%,4.56,4.58,1.5,P
Pitcher,Zebby Matthews,MIN,,,,,,,,,,,,,,,,,,,,6.0,6.0,0.0,34.0,16.0,105.1,8.47,2.24,1.25,0.297,72.40%,39.70%,4.01,3.9,1.5,P
Pitcher,Simeon Woods Richardson,MIN,,,,,,,,,,,,,,,,,,,,8.0,10.0,0.0,36.0,26.0,149.2,8.07,3.42,1.35,0.295,71.40%,36.20%,4.59,4.53,1.5,P
Pitcher,Jameson Taillon,CHC,,,,,,,,,,,,,,,,,,,,8.0,10.0,0.0,26.0,26.0,147.0,7.01,2.18,1.47,0.292,70.90%,37.70%,4.53,4.52,1.5,P
Pitcher,Jacob Lopez,ATH,,,,,,,,,,,,,,,,,,,,8.0,8.0,0.0,23.0,23.0,124.0,9.01,3.67,1.35,0.289,72.70%,36.30%,4.35,4.46,1.5,P
Pitcher,Parker Messick,CLE,,,,,,,,,,,,,,,,,,,,8.0,9.0,0.0,24.0,24.0,138.1,8.01,3.1,1.15,0.296,72.70%,44.70%,4.08,4.19,1.4,P
Pitcher,Will Warren,NYY,,,,,,,,,,,,,,,,,,,,8.0,8.0,0.0,43.0,21.0,134.0,8.78,3.13,1.22,0.292,73.50%,43.70%,4.02,4.12,1.4,P
Pitcher,Grant Holmes,ATL,,,,,,,,,,,,,,,,,,,,9.0,9.0,0.0,36.0,24.0,147.1,8.74,3.44,1.17,0.304,72.20%,43.30%,4.26,4.16,1.4,P
Pitcher,Joey Cantillo,CLE,,,,,,,,,,,,,,,,,,,,8.0,9.0,0.0,54.0,21.0,148.2,9.19,3.91,1.12,0.292,74.20%,42.20%,3.95,4.11,1.4,P
Pitcher,Tyler Mahle,SFG,,,,,,,,,,,,,,,,,,,,8.0,9.0,0.0,26.0,26.0,148.0,7.68,2.7,1.19,0.295,71.90%,40.50%,4.17,4.14,1.4,P
Pitcher,Ryan Weathers,NYY,,,,,,,,,,,,,,,,,,,,8.0,7.0,0.0,37.0,19.0,124.1,8.87,3.05,1.23,0.289,74.90%,41.70%,3.84,4.08,1.4,P
Pitcher,Bryce Miller,SEA,,,,,,,,,,,,,,,,,,,,9.0,9.0,0.0,26.0,26.0,143.1,7.99,2.71,1.35,0.286,72.70%,37.60%,4.2,4.32,1.4,P
Pitcher,Spencer Schwellenbach,ATL,,,,,,,,,,,,,,,,,,,,5.0,4.0,0.0,13.0,13.0,77.0,8.79,2.07,1.09,0.301,73.20%,45.30%,3.65,3.56,1.4,P
Pitcher,Nick Martinez,TBR,,,,,,,,,,,,,,,,,,,,8.0,9.0,0.0,47.0,21.0,144.1,7.09,2.45,1.3,0.296,71.00%,41.00%,4.39,4.36,1.4,P
Pitcher,Chad Patrick,MIL,,,,,,,,,,,,,,,,,,,,8.0,10.0,0.0,26.0,26.0,148.0,8.12,2.94,1.5,0.283,72.30%,35.10%,4.47,4.61,1.3,P
Pitcher,Michael McGreevy,STL,,,,,,,,,,,,,,,,,,,,8.0,9.0,0.0,31.0,23.0,137.1,6.1,2.21,1.06,0.301,71.50%,49.70%,4.05,4.14,1.3,P
Pitcher,Davis Martin,CHW,,,,,,,,,,,,,,,,,,,,8.0,11.0,0.0,28.0,28.0,159.0,7.03,3.15,1.34,0.298,71.10%,43.00%,4.63,4.69,1.3,P
Pitcher,Max Scherzer,TOR,,,,,,,,,,,,,,,,,,,,7.0,7.0,0.0,38.0,18.0,117.1,9.0,2.38,1.51,0.283,73.00%,31.00%,4.21,4.23,1.3,P
Pitcher,Justin Steele,CHC,,,,,,,,,,,,,,,,,,,,5.0,5.0,0.0,15.0,15.0,83.0,8.53,2.54,1.06,0.296,73.90%,45.30%,3.63,3.72,1.3,P
Pitcher,Matthew Liberatore,STL,,,,,,,,,,,,,,,,,,,,9.0,10.0,0.0,28.0,28.0,157.1,7.42,3.0,1.21,0.296,71.60%,40.30%,4.33,4.35,1.3,P
Pitcher,Andre Pallante,STL,,,,,,,,,,,,,,,,,,,,8.0,9.0,0.0,24.0,24.0,136.1,6.27,3.49,0.85,0.31,71.10%,56.50%,4.21,4.23,1.3,P
Pitcher,Aaron Civale,ATH,,,,,,,,,,,,,,,,,,,,8.0,9.0,0.0,24.0,24.0,133.2,7.76,2.85,1.51,0.294,71.20%,37.30%,4.7,4.68,1.3,P
Pitcher,Quinn Priester,MIL,,,,,,,,,,,,,,,,,,,,7.0,8.0,0.0,21.0,21.0,117.1,7.31,3.11,1.07,0.303,71.90%,51.00%,4.16,4.22,1.3,P
Pitcher,Connelly Early,BOS,,,,,,,,,,,,,,,,,,,,5.0,4.0,0.0,32.0,10.0,76.2,9.05,3.3,0.93,0.301,73.70%,48.20%,3.65,3.72,1.3,P
Pitcher,Grant Taylor,CHW,,,,,,,,,,,,,,,,,,,,5.0,5.0,5.0,79.0,3.0,93.2,10.39,3.49,0.92,0.295,75.50%,45.10%,3.35,3.41,1.3,P
Pitcher,Robby Snelling,MIA,,,,,,,,,,,,,,,,,,,,6.0,7.0,0.0,18.0,18.0,101.2,7.45,3.2,1.06,0.297,72.70%,46.80%,4.03,4.18,1.3,P
Pitcher,Cade Horton,CHC,,,,,,,,,,,,,,,,,,,,8.0,9.0,0.0,24.0,24.0,134.0,7.88,3.05,1.29,0.292,71.90%,39.90%,4.33,4.4,1.2,P
Pitcher,Jhoan Duran,PHI,,,,,,,,,,,,,,,,,,,,4.0,3.0,29.0,70.0,0.0,70.0,10.73,2.97,0.66,0.301,76.50%,54.70%,2.78,2.84,1.2,P
Pitcher,Lance McCullers Jr.,HOU,,,,,,,,,,,,,,,,,,,,7.0,8.0,0.0,37.0,19.0,120.1,8.48,4.01,1.15,0.3,72.00%,45.90%,4.35,4.39,1.2,P
Pitcher,Logan Henderson,MIL,,,,,,,,,,,,,,,,,,,,6.0,6.0,0.0,31.0,15.0,98.0,8.87,2.73,1.43,0.282,73.20%,34.90%,4.17,4.25,1.2,P
Pitcher,Griffin Jax,TBR,,,,,,,,,,,,,,,,,,,,4.0,3.0,12.0,68.0,0.0,68.0,11.34,2.73,0.85,0.295,76.60%,44.30%,2.94,2.86,1.2,P
Pitcher,Chris Paddack,MIA,,,,,,,,,,,,,,,,,,,,7.0,10.0,0.0,37.0,23.0,137.2,6.95,2.29,1.45,0.296,70.80%,38.20%,4.58,4.54,1.2,P
Pitcher,Rhett Lowder,CIN,,,,,,,,,,,,,,,,,,,,7.0,9.0,0.0,31.0,21.0,129.1,7.09,3.0,1.35,0.299,71.00%,45.60%,4.59,4.64,1.2,P
Pitcher,Slade Cecconi,CLE,,,,,,,,,,,,,,,,,,,,8.0,11.0,0.0,28.0,28.0,157.1,7.55,2.39,1.48,0.296,71.50%,39.50%,4.52,4.5,1.2,P
Pitcher,Miles Mikolas,WSN,,,,,,,,,,,,,,,,,,,,7.0,10.0,0.0,26.0,26.0,143.0,6.11,2.03,1.47,0.296,70.10%,40.20%,4.68,4.67,1.1,P
Pitcher,Edwin Díaz,LAD,,,,,,,,,,,,,,,,,,,,4.0,3.0,36.0,66.0,0.0,66.0,12.38,3.28,0.9,0.288,76.30%,41.60%,3.03,2.92,1.1,P
Pitcher,Johan Oviedo,BOS,,,,,,,,,,,,,,,,,,,,6.0,6.0,0.0,51.0,11.0,102.1,8.9,3.62,1.11,0.301,72.10%,41.60%,4.19,4.12,1.1,P
Pitcher,Landen Roupp,SFG,,,,,,,,,,,,,,,,,,,,8.0,8.0,0.0,33.0,23.0,132.0,8.33,3.54,1.02,0.3,72.20%,45.90%,4.09,4.05,1.1,P
Pitcher,J.T. Ginn,ATH,,,,,,,,,,,,,,,,,,,,5.0,5.0,0.0,44.0,10.0,86.1,8.38,2.97,1.03,0.302,72.60%,49.00%,3.89,3.9,1.1,P
Pitcher,Patrick Sandoval,BOS,,,,,,,,,,,,,,,,,,,,5.0,5.0,0.0,42.0,10.0,85.2,8.65,3.41,0.95,0.303,73.50%,46.40%,3.79,3.83,1.1,P
Pitcher,Adrian Houser,SFG,,,,,,,,,,,,,,,,,,,,8.0,10.0,0.0,26.0,26.0,147.1,6.54,2.99,1.01,0.305,70.50%,49.40%,4.33,4.28,1.1,P
Pitcher,Michael Lorenzen,COL,,,,,,,,,,,,,,,,,,,,7.0,11.0,0.0,26.0,26.0,149.0,7.32,3.33,1.51,0.313,69.10%,41.50%,5.27,4.93,1.1,P
Pitcher,Ian Seymour,TBR,,,,,,,,,,,,,,,,,,,,6.0,7.0,0.0,45.0,15.0,112.1,8.56,2.74,1.31,0.285,73.30%,36.90%,4.03,4.19,1.1,P
Pitcher,José Berríos,TOR,,,,,,,,,,,,,,,,,,,,7.0,7.0,0.0,51.0,15.0,119.0,7.98,2.58,1.31,0.294,72.30%,41.20%,4.22,4.26,1.1,P
Pitcher,Carmen Mlodzinski,PIT,,,,,,,,,,,,,,,,,,,,6.0,6.0,0.0,61.0,11.0,108.2,7.89,3.23,0.99,0.303,72.00%,46.20%,4.05,4.0,1.1,P
Pitcher,Joe Boyle,TBR,,,,,,,,,,,,,,,,,,,,5.0,6.0,0.0,35.0,13.0,91.0,10.11,4.72,0.97,0.293,73.60%,43.20%,3.92,4.01,1.1,P
Pitcher,Cade Smith,CLE,,,,,,,,,,,,,,,,,,,,4.0,3.0,30.0,70.0,0.0,70.0,11.35,2.84,0.88,0.292,76.70%,41.30%,2.99,2.96,1.1,P
Pitcher,Jose Quintana,COL,,,,,,,,,,,,,,,,,,,,7.0,11.0,0.0,26.0,26.0,147.2,6.33,3.45,1.38,0.319,68.60%,44.80%,5.39,4.99,1.0,P
Pitcher,Jeremiah Estrada,SDP,,,,,,,,,,,,,,,,,,,,4.0,3.0,0.0,70.0,0.0,70.0,11.89,3.68,1.02,0.283,77.30%,35.70%,3.21,3.29,1.0,P
Pitcher,Aroldis Chapman,BOS,,,,,,,,,,,,,,,,,,,,3.0,3.0,31.0,62.0,0.0,62.0,12.55,4.09,0.84,0.294,77.80%,41.10%,3.01,3.02,1.0,P
Pitcher,Drew Anderson,DET,,,,,,,,,,,,,,,,,,,,5.0,4.0,0.0,63.0,5.0,85.2,9.83,3.32,0.99,0.298,73.50%,41.60%,3.72,3.62,1.0,P
Pitcher,Luis Morales,ATH,,,,,,,,,,,,,,,,,,,,7.0,8.0,0.0,33.0,19.0,123.0,7.8,3.66,1.35,0.293,71.40%,40.00%,4.61,4.69,1.0,P
Pitcher,Kyle Harrison,MIL,,,,,,,,,,,,,,,,,,,,6.0,7.0,0.0,32.0,18.0,111.1,9.1,3.54,1.33,0.288,73.40%,36.80%,4.22,4.35,1.0,P
Pitcher,Michael Soroka,ARI,,,,,,,,,,,,,,,,,,,,6.0,6.0,5.0,52.0,11.0,102.1,9.16,3.16,1.06,0.303,71.70%,42.20%,4.04,3.89,1.0,P
Pitcher,Hunter Barco,PIT,,,,,,,,,,,,,,,,,,,,5.0,6.0,0.0,41.0,11.0,94.2,8.05,3.69,1.05,0.297,72.70%,44.00%,4.11,4.25,1.0,P
Pitcher,Bryce Elder,ATL,,,,,,,,,,,,,,,,,,,,7.0,7.0,0.0,25.0,19.0,115.0,7.33,3.0,1.15,0.31,70.60%,48.20%,4.49,4.29,1.0,P
Pitcher,Bryan Abreu,HOU,,,,,,,,,,,,,,,,,,,,4.0,3.0,5.0,68.0,0.0,68.0,11.7,3.66,0.93,0.29,76.10%,39.70%,3.23,3.24,1.0,P
Pitcher,Lucas Giolito,,,,,,,,,,,,,,,,,,,,,7.0,8.0,0.0,21.0,21.0,125.2,8.01,3.46,1.45,0.292,71.50%,37.00%,4.69,4.69,0.9,P
Pitcher,Brandon Sproat,MIL,,,,,,,,,,,,,,,,,,,,5.0,6.0,0.0,33.0,15.0,100.1,7.43,3.38,1.12,0.295,71.70%,47.20%,4.24,4.38,0.9,P
Pitcher,Ryan Feltner,COL,,,,,,,,,,,,,,,,,,,,6.0,9.0,0.0,33.0,19.0,121.1,7.44,3.47,1.38,0.315,68.70%,43.10%,5.16,4.75,0.9,P
Pitcher,Sean Burke,CHW,,,,,,,,,,,,,,,,,,,,7.0,10.0,0.0,26.0,26.0,142.0,8.11,4.01,1.48,0.289,71.80%,36.60%,4.81,4.93,0.9,P
Pitcher,Ben Brown,CHC,,,,,,,,,,,,,,,,,,,,4.0,3.0,0.0,55.0,3.0,69.2,10.17,2.81,1.04,0.292,74.90%,41.50%,3.43,3.41,0.9,P
Pitcher,Dean Kremer,BAL,,,,,,,,,,,,,,,,,,,,6.0,7.0,0.0,40.0,16.0,115.0,7.84,2.66,1.41,0.297,72.10%,38.70%,4.43,4.4,0.9,P
Pitcher,Cristian Javier,HOU,,,,,,,,,,,,,,,,,,,,8.0,11.0,0.0,28.0,28.0,157.1,8.26,3.66,1.64,0.283,71.20%,28.50%,4.95,5.0,0.9,P
Pitcher,Andrew Alvarez,WSN,,,,,,,,,,,,,,,,,,,,5.0,6.0,0.0,37.0,13.0,96.1,6.44,3.51,1.0,0.299,72.10%,50.00%,4.18,4.45,0.9,P
Pitcher,Josh Hader,HOU,,,,,,,,,,,,,,,,,,,,3.0,3.0,29.0,61.0,0.0,61.0,12.31,3.45,1.15,0.278,77.40%,31.40%,3.29,3.32,0.9,P
Pitcher,Abner Uribe,MIL,,,,,,,,,,,,,,,,,,,,4.0,3.0,19.0,72.0,0.0,72.0,10.82,4.11,0.76,0.296,76.30%,48.60%,3.16,3.34,0.9,P
Pitcher,Ryan Johnson,LAA,,,,,,,,,,,,,,,,,,,,4.0,5.0,0.0,26.0,10.0,71.1,7.7,2.94,1.26,0.299,71.90%,44.10%,4.31,4.33,0.8,P
Pitcher,Logan Allen,CLE,,,,,,,,,,,,,,,,,,,,6.0,8.0,0.0,27.0,19.0,114.0,7.31,3.49,1.29,0.297,72.50%,42.40%,4.47,4.65,0.8,P
Pitcher,Garrett Cleavinger,TBR,,,,,,,,,,,,,,,,,,,,3.0,3.0,10.0,65.0,0.0,65.0,11.43,3.48,0.95,0.29,76.40%,40.60%,3.22,3.29,0.8,P
Pitcher,Mick Abel,MIN,,,,,,,,,,,,,,,,,,,,7.0,9.0,0.0,37.0,23.0,137.2,7.92,4.1,1.2,0.3,71.20%,42.60%,4.62,4.59,0.8,P
Pitcher,Tomoyuki Sugano,COL,,,,,,,,,,,,,,,,,,,,5.0,9.0,0.0,21.0,21.0,115.2,5.65,2.12,1.59,0.319,67.40%,44.60%,5.46,5.02,0.8,P
Pitcher,David Bednar,NYY,,,,,,,,,,,,,,,,,,,,4.0,3.0,33.0,65.0,0.0,65.0,10.95,3.07,1.03,0.282,76.30%,38.00%,3.25,3.31,0.8,P
Pitcher,Garrett Whitlock,BOS,,,,,,,,,,,,,,,,,,,,4.0,3.0,3.0,70.0,0.0,70.0,9.94,2.65,0.96,0.302,74.10%,43.40%,3.47,3.32,0.8,P
Pitcher,Jake Irvin,WSN,,,,,,,,,,,,,,,,,,,,7.0,9.0,0.0,38.0,21.0,134.1,6.95,2.85,1.38,0.297,70.90%,42.10%,4.61,4.65,0.8,P
Pitcher,José Alvarado,PHI,,,,,,,,,,,,,,,,,,,,3.0,3.0,3.0,64.0,0.0,64.0,10.4,3.68,0.88,0.295,76.30%,47.30%,3.26,3.43,0.8,P
Pitcher,David Festa,MIN,,,,,,,,,,,,,,,,,,,,3.0,3.0,0.0,28.0,6.0,57.1,9.29,3.04,1.13,0.297,73.00%,40.40%,3.92,3.83,0.8,P
Pitcher,Robert Gasser,MIL,,,,,,,,,,,,,,,,,,,,4.0,5.0,0.0,36.0,10.0,80.0,8.12,2.79,1.3,0.288,72.80%,39.20%,4.13,4.31,0.8,P
Pitcher,Jeff Hoffman,TOR,,,,,,,,,,,,,,,,,,,,3.0,3.0,26.0,63.0,0.0,63.0,10.93,3.22,1.05,0.286,75.70%,37.10%,3.4,3.44,0.8,P
Pitcher,Will Vest,DET,,,,,,,,,,,,,,,,,,,,4.0,3.0,5.0,68.0,0.0,68.0,9.21,2.81,0.8,0.299,74.70%,48.10%,3.25,3.29,0.8,P
Pitcher,Trevor Megill,MIL,,,,,,,,,,,,,,,,,,,,3.0,3.0,11.0,66.0,0.0,66.0,11.12,3.26,1.03,0.289,75.30%,37.10%,3.43,3.35,0.8,P
Pitcher,Andrés Muñoz,SEA,,,,,,,,,,,,,,,,,,,,4.0,3.0,28.0,64.0,0.0,64.0,11.36,3.63,0.76,0.29,77.00%,46.90%,2.93,3.06,0.8,P
Pitcher,Louis Varland,TOR,,,,,,,,,,,,,,,,,,,,4.0,3.0,2.0,67.0,0.0,67.0,9.23,2.38,1.0,0.297,74.90%,46.40%,3.38,3.44,0.8,P
Pitcher,Devin Williams,NYM,,,,,,,,,,,,,,,,,,,,4.0,3.0,32.0,64.0,0.0,64.0,11.45,3.92,0.83,0.286,76.60%,42.70%,3.11,3.23,0.7,P
Pitcher,Hunter Harvey,CHC,,,,,,,,,,,,,,,,,,,,3.0,2.0,4.0,52.0,0.0,52.0,10.08,2.76,0.95,0.293,74.50%,43.00%,3.35,3.31,0.7,P
Pitcher,Griffin Canning,SDP,,,,,,,,,,,,,,,,,,,,6.0,7.0,0.0,32.0,18.0,110.2,7.96,3.25,1.32,0.295,72.90%,41.70%,4.32,4.45,0.7,P
Pitcher,Fernando Cruz,NYY,,,,,,,,,,,,,,,,,,,,3.0,3.0,1.0,61.0,0.0,61.0,11.92,3.96,1.01,0.282,76.90%,36.90%,3.3,3.38,0.7,P
Pitcher,Chris Martin,TEX,,,,,,,,,,,,,,,,,,,,3.0,2.0,8.0,55.0,0.0,55.0,9.16,2.05,1.02,0.299,74.10%,45.00%,3.44,3.36,0.7,P
Pitcher,Andrew Painter,PHI,,,,,,,,,,,,,,,,,,,,7.0,8.0,0.0,35.0,19.0,126.2,6.98,3.31,1.39,0.292,71.20%,42.50%,4.66,4.79,0.7,P
Pitcher,Tanner Scott,LAD,,˙,,,,,,,,,,,,,,,,,,4.0,3.0,4.0,63.0,0.0,63.0,10.48,3.74,1.01,0.292,76.20%,44.40%,3.44,3.64,0.7,P
Pitcher,Robert Suarez,ATL,,,,,,,,,,,,,,,,,,,,4.0,3.0,8.0,67.0,0.0,67.0,9.84,2.85,1.02,0.298,74.80%,41.80%,3.51,3.48,0.7,P
Pitcher,Luis Gil,NYY,,,,,,,,,,,,,,,,,,,,5.0,5.0,0.0,41.0,11.0,92.1,9.34,4.11,1.34,0.281,74.00%,34.60%,4.25,4.49,0.7,P
Pitcher,Pete Fairbanks,MIA,,,,,,,,,,,,,,,,,,,,3.0,3.0,26.0,62.0,0.0,62.0,9.52,3.21,0.96,0.294,74.00%,42.90%,3.57,3.58,0.7,P
Pitcher,Janson Junk,MIA,,,,,,,,,,,,,,,,,,,,5.0,6.0,0.0,48.0,10.0,92.2,6.53,1.92,1.28,0.297,70.50%,42.50%,4.33,4.28,0.7,P
Pitcher,Adrian Morejon,SDP,,,,,,,,,,,,,,,,,,,,4.0,3.0,3.0,68.0,0.0,68.0,9.28,3.01,0.92,0.294,75.30%,45.20%,3.36,3.49,0.7,P
Pitcher,Ryan Weiss,HOU,,,,,,,,,,,,,,,,,,,,5.0,5.0,0.0,48.0,8.0,86.1,8.56,3.37,1.14,0.303,71.80%,45.00%,4.24,4.17,0.7,P
Pitcher,Matt Brash,SEA,,,,,,,,,,,,,,,,,,,,3.0,3.0,3.0,63.0,0.0,63.0,10.74,3.53,0.8,0.291,76.60%,46.20%,3.05,3.21,0.7,P
Pitcher,Ryan Helsley,BAL,,,,,,,,,,,,,,,,,,,,3.0,3.0,26.0,64.0,0.0,64.0,10.66,3.47,1.03,0.294,75.60%,40.10%,3.48,3.5,0.7,P
Pitcher,Matt Strahm,KCR,,,,,,,,,,,,,,,,,,,,3.0,3.0,2.0,66.0,0.0,66.0,9.85,2.83,1.2,0.288,74.40%,31.20%,3.76,3.76,0.7,P
Pitcher,Germán Márquez,SDP,,,,,,,,,,,,,,,,,,,,6.0,8.0,0.0,27.0,19.0,112.0,7.0,2.96,1.43,0.296,71.00%,40.20%,4.7,4.75,0.6,P
Pitcher,Corbin Burnes,ARI,,,,,,,,,,,,,,,,,,,,2.0,2.0,0.0,6.0,6.0,38.0,8.94,2.81,0.96,0.307,71.90%,46.30%,3.84,3.59,0.6,P
Pitcher,Brad Lord,WSN,,,,,,,,,,,,,,,,,,,,5.0,5.0,6.0,71.0,5.0,92.1,7.66,2.89,1.05,0.296,72.90%,46.90%,3.9,4.05,0.6,P
Pitcher,Bryan Baker,TBR,,,,,,,,,,,,,,,,,,,,3.0,3.0,3.0,63.0,0.0,63.0,10.11,3.29,1.11,0.287,74.80%,37.30%,3.65,3.68,0.6,P
Pitcher,Kyle Leahy,STL,,,,,,,,,,,,,,,,,,,,6.0,7.0,0.0,53.0,15.0,120.0,7.12,3.31,1.13,0.298,72.00%,44.00%,4.29,4.39,0.6,P
Pitcher,Orion Kerkering,PHI,,,,,,,,,,,,,,,,,,,,3.0,2.0,0.0,54.0,0.0,54.0,9.76,3.42,0.96,0.292,74.70%,44.80%,3.51,3.65,0.6,P
Pitcher,Stephen Kolek,KCR,,,,,,,,,,,,,,,,,,,,4.0,4.0,0.0,36.0,8.0,74.2,6.57,2.75,0.98,0.312,70.70%,51.50%,4.26,4.16,0.6,P
Pitcher,Jose A. Ferrer,SEA,,,,,,,,,,,,,,,,,,,,4.0,3.0,3.0,70.0,0.0,70.0,8.68,2.73,0.76,0.297,75.40%,52.50%,3.11,3.36,0.6,P
Pitcher,Hurston Waldrep,ATL,,,,,,,,,,,,,,,,,,,,4.0,4.0,0.0,11.0,11.0,64.0,7.94,4.0,1.01,0.307,71.70%,49.50%,4.31,4.28,0.6,P
Pitcher,Chase Dollander,COL,,,,,,,,,,,,,,,,,,,,6.0,9.0,0.0,43.0,19.0,128.0,7.78,3.94,1.45,0.31,68.80%,41.20%,5.28,4.98,0.6,P
Pitcher,Richard Fitts,STL,,,,,,,,,,,,,,,,,,,,7.0,9.0,0.0,36.0,23.0,134.2,6.62,2.83,1.29,0.295,71.00%,42.40%,4.51,4.59,0.6,P
Pitcher,Camilo Doval,NYY,,,,,,,,,,,,,,,,,,,,3.0,3.0,2.0,64.0,0.0,64.0,10.36,4.2,0.84,0.293,75.30%,47.70%,3.41,3.59,0.6,P
Pitcher,Gage Jump,ATH,,,,,,,,,,,,,,,,,,,,3.0,3.0,0.0,10.0,10.0,55.1,7.58,3.29,1.27,0.297,72.00%,42.40%,4.42,4.51,0.6,P
Pitcher,Alex Vesia,LAD,,,,,,,,,,,,,,,,,,,,3.0,3.0,1.0,61.0,0.0,61.0,11.1,3.79,1.3,0.276,76.90%,30.00%,3.69,3.93,0.6,P
Pitcher,Aaron Ashby,MIL,,,,,,,,,,,,,,,,,,,,4.0,4.0,1.0,69.0,2.0,76.0,9.26,4.17,0.8,0.302,74.60%,52.50%,3.57,3.76,0.6,P
Pitcher,Brandon Williamson,CIN,,,,,,,,,,,,,,,,,,,,5.0,6.0,0.0,35.0,13.0,94.0,7.87,3.07,1.55,0.293,72.40%,37.80%,4.65,4.77,0.6,P
Pitcher,Lucas Erceg,KCR,,,,,,,,,,,,,,,,,,,,3.0,3.0,4.0,64.0,0.0,64.0,9.09,3.32,0.89,0.303,73.60%,46.40%,3.65,3.67,0.6,P
Pitcher,Aaron Bummer,ATL,,,,,,,,,,,,,,,,,,,,3.0,3.0,0.0,60.0,0.0,60.0,9.22,3.4,0.71,0.312,74.10%,54.70%,3.39,3.42,0.5,P
Pitcher,Jonathan Cannon,CHW,,,,,,,,,,,,,,,,,,,,5.0,8.0,0.0,46.0,15.0,110.1,6.88,3.11,1.45,0.292,71.00%,40.30%,4.74,4.87,0.5,P
Pitcher,Erick Fedde,CHW,,,,,,,,,,,,,,,,,,,,5.0,8.0,0.0,28.0,18.0,108.0,6.77,3.44,1.44,0.296,70.50%,41.60%,4.93,4.95,0.5,P
Pitcher,Kyle Hurt,LAD,,,,,,,,,,,,,,,,,,,,3.0,3.0,0.0,31.0,5.0,53.1,9.37,3.69,1.17,0.293,73.80%,43.50%,3.98,4.09,0.5,P
Pitcher,Kutter Crawford,BOS,,,,,,,,,,,,,,,,,,,,3.0,3.0,0.0,39.0,5.0,61.0,9.02,2.44,1.37,0.293,72.40%,33.50%,4.16,4.04,0.5,P
Pitcher,Gabe Speier,SEA,,,,,,,,,,,,,,,,,,,,3.0,3.0,0.0,58.0,0.0,58.0,10.31,2.77,0.98,0.287,76.10%,41.20%,3.21,3.32,0.5,P
Pitcher,Robert Garcia,TEX,,,,,,,,,,,,,,,,,,,,3.0,3.0,20.0,64.0,0.0,64.0,9.84,3.26,1.03,0.295,75.50%,42.10%,3.53,3.64,0.5,P
Pitcher,Seranthony Domínguez,CHW,,,,,,,,,,,,,,,,,,,,3.0,3.0,20.0,63.0,0.0,63.0,10.17,4.13,1.09,0.288,74.50%,39.40%,3.83,3.95,0.5,P
Pitcher,Jacob Latz,TEX,,,,,,,,,,,,,,,,,,,,5.0,5.0,0.0,52.0,8.0,89.1,8.73,4.33,1.21,0.29,73.60%,38.70%,4.29,4.49,0.5,P
Pitcher,Dylan Lee,ATL,,,,,,,,,,,,,,,,,,,,3.0,3.0,1.0,65.0,0.0,65.0,9.89,2.73,1.19,0.293,75.80%,37.20%,3.59,3.64,0.5,P
Pitcher,Ryan Walker,SFG,,,,,,,,,,,,,,,,,,,,3.0,3.0,30.0,63.0,0.0,63.0,9.72,2.81,0.85,0.299,74.50%,46.50%,3.29,3.3,0.5,P
Pitcher,Jared Koenig,MIL,,,,,,,,,,,,,,,,,,,,3.0,3.0,1.0,65.0,0.0,65.0,9.45,3.21,1.0,0.294,75.40%,43.20%,3.5,3.68,0.5,P
Pitcher,Gregory Soto,PIT,,,,,,,,,,,,,,,,,,,,3.0,3.0,2.0,64.0,0.0,64.0,9.74,3.7,0.83,0.302,73.90%,44.90%,3.57,3.6,0.5,P
Pitcher,Mark Leiter Jr.,ATH,,,,,,,,,,,,,,,,,,,,3.0,3.0,6.0,64.0,0.0,64.0,9.3,3.56,1.06,0.297,73.20%,44.50%,3.91,3.95,0.5,P
Pitcher,Hunter Dobbins,STL,,,,,,,,,,,,,,,,,,,,5.0,6.0,0.0,31.0,13.0,89.1,6.58,2.94,1.2,0.293,71.50%,44.30%,4.35,4.52,0.5,P
Pitcher,Connor Prielipp,MIN,,,,,,,,,,,,,,,,,,,,3.0,3.0,0.0,39.0,5.0,61.2,8.3,3.37,1.05,0.301,72.80%,43.90%,4.03,4.06,0.5,P
Pitcher,Patrick Corbin,,,,,,,,,,,,,,,,,,,,,4.0,4.0,0.0,11.0,11.0,63.0,7.11,2.89,1.35,0.299,71.30%,43.60%,4.55,4.56,0.5,P
Pitcher,Drew Pomeranz,LAA,,,,,,,,,,,,,,,,,,,,3.0,3.0,3.0,56.0,0.0,56.0,9.8,3.21,1.15,0.293,74.90%,38.80%,3.73,3.84,0.5,P
Pitcher,A.J. Puk,ARI,,,,,,,,,,,,,,,,,,,,2.0,2.0,7.0,42.0,0.0,42.0,10.28,3.12,0.95,0.296,74.50%,40.60%,3.46,3.41,0.5,P
Pitcher,Raisel Iglesias,ATL,,,,,,,,,,,,,,,,,,,,3.0,3.0,26.0,66.0,0.0,66.0,9.72,2.62,1.15,0.295,74.20%,37.20%,3.71,3.62,0.5,P
Pitcher,Edwin Uceta,TBR,,,,,,,,,,,,,,,,,,,,3.0,3.0,10.0,56.0,0.0,56.0,10.44,3.29,1.13,0.283,74.80%,34.80%,3.63,3.7,0.5,P
Pitcher,Randy Vásquez,SDP,,,,,,,,,,,,,,,,,,,,7.0,10.0,0.0,36.0,24.0,141.1,6.26,3.3,1.41,0.292,70.10%,39.90%,4.9,5.05,0.5,P
Pitcher,Cody Bradford,TEX,,,,,,,,,,,,,,,,,,,,4.0,4.0,0.0,38.0,6.0,68.2,8.09,2.24,1.44,0.29,72.60%,34.90%,4.24,4.26,0.5,P
Pitcher,Blake Treinen,LAD,,,,,,,,,,,,,,,,,,,,3.0,2.0,0.0,54.0,0.0,54.0,9.95,3.4,1.1,0.296,74.10%,42.30%,3.79,3.78,0.5,P
Pitcher,Andrew Nardi,MIA,,,,,,,,,,,,,,,,,,,,3.0,3.0,0.0,60.0,0.0,60.0,10.69,3.74,1.07,0.289,75.80%,37.10%,3.56,3.67,0.5,P
Pitcher,Daniel Palencia,CHC,,,,,,,,,,,,,,,,,,,,3.0,3.0,32.0,67.0,0.0,67.0,10.05,3.69,1.02,0.29,74.80%,40.70%,3.61,3.73,0.5,P
Pitcher,Paul Blackburn,NYY,,,,,,,,,,,,,,,,,,,,3.0,3.0,0.0,55.0,2.0,62.0,7.94,2.34,1.23,0.292,73.60%,44.20%,3.9,4.04,0.5,P
Pitcher,Spencer Arrighetti,HOU,,,,,,,,,,,,,,,,,,,,5.0,5.0,0.0,27.0,13.0,85.0,8.88,3.85,1.36,0.292,71.60%,38.20%,4.55,4.55,0.5,P
Pitcher,Ben Joyce,LAA,,,,,,,,,,,,,,,,,,,,2.0,2.0,15.0,48.0,0.0,48.0,10.98,4.17,0.89,0.296,75.60%,44.10%,3.42,3.53,0.5,P
Pitcher,Jason Adam,SDP,,,,,,,,,,,,,,,,,,,,3.0,3.0,1.0,61.0,0.0,61.0,9.88,3.33,1.03,0.288,73.80%,40.60%,3.65,3.7,0.5,P
Pitcher,Cole Sands,MIN,,,,,,,,,,,,,,,,,,,,3.0,3.0,4.0,68.0,0.0,68.0,8.94,2.84,1.08,0.299,72.40%,40.00%,3.92,3.8,0.5,P
Pitcher,Brock Stewart,LAD,,,,,,,,,,,,,,,,,,,,2.0,2.0,0.0,40.0,0.0,40.0,10.76,3.47,1.15,0.288,75.50%,37.90%,3.62,3.69,0.5,P
Pitcher,Colin Rea,CHC,,,,,,,,,,,,,,,,,,,,4.0,5.0,0.0,48.0,8.0,84.2,7.5,2.49,1.34,0.294,71.70%,40.80%,4.33,4.36,0.5,P
Pitcher,Bryan King,HOU,,,,,,,,,,,,,,,,,,,,3.0,3.0,1.0,67.0,0.0,67.0,8.98,2.88,1.1,0.294,74.20%,43.10%,3.72,3.83,0.5,P
Pitcher,Troy Melton,DET,,,,,,,,,,,,,,,,,,,,3.0,3.0,0.0,38.0,3.0,53.1,8.31,2.64,1.17,0.29,73.30%,40.10%,3.88,3.95,0.5,P
Pitcher,Angel Zerpa,MIL,,,,,,,,,,,,,,,,,,,,3.0,3.0,0.0,60.0,0.0,60.0,8.83,3.14,0.9,0.301,75.00%,49.70%,3.46,3.64,0.5,P
Pitcher,Luis Medina,ATH,,,,,,,,,,,,,,,,,,,,4.0,4.0,0.0,48.0,6.0,78.0,8.45,3.74,1.2,0.297,72.30%,41.50%,4.33,4.39,0.4,P
Pitcher,Caleb Thielbar,CHC,,,,,,,,,,,,,,,,,,,,3.0,3.0,1.0,66.0,0.0,66.0,9.46,3.23,1.15,0.285,75.20%,37.60%,3.68,3.85,0.4,P
Pitcher,Tyler Holton,DET,,,,,,,,,,,,,,,,,,,,4.0,3.0,1.0,72.0,0.0,72.0,7.82,2.47,1.03,0.296,73.50%,44.70%,3.71,3.81,0.4,P
Pitcher,A.J. Minter,NYM,,,,,,,,,,,,,,,,,,,,3.0,2.0,2.0,52.0,0.0,52.0,10.29,3.25,1.01,0.283,76.40%,38.20%,3.3,3.49,0.4,P
Pitcher,Tanner Banks,PHI,,,,,,,,,,,,,,,,,,,,3.0,3.0,1.0,63.0,0.0,63.0,8.68,2.77,1.17,0.291,74.20%,41.20%,3.79,3.93,0.4,P
Pitcher,Yimi García,TOR,,,,,,,,,,,,,,,,,,,,3.0,3.0,4.0,56.0,0.0,56.0,10.11,3.13,1.07,0.288,74.70%,39.30%,3.56,3.62,0.4,P
Pitcher,Kevin Ginkel,ARI,,,,,,,,,,,,,,,,,,,,3.0,3.0,2.0,59.0,0.0,59.0,9.3,3.26,0.94,0.305,72.90%,43.00%,3.79,3.63,0.4,P
Pitcher,Jordan Montgomery,TEX,,,,,,,,,,,,,,,,,,,,3.0,3.0,0.0,18.0,6.0,48.1,7.11,2.66,1.21,0.299,71.70%,42.80%,4.28,4.3,0.4,P
Pitcher,Jordan Romano,LAA,,,,,,,,,,,,,,,,,,,,3.0,3.0,10.0,60.0,0.0,60.0,9.59,3.5,1.21,0.293,73.30%,38.20%,4.06,4.06,0.4,P
Pitcher,Keaton Winn,SFG,,,,,,,,,,,,,,,,,,,,3.0,3.0,0.0,54.0,2.0,61.0,8.28,2.59,0.94,0.302,72.70%,48.50%,3.7,3.66,0.4,P
Pitcher,Sean Newcomb,CHW,,,,,,,,,,,,,,,,,,,,3.0,3.0,1.0,66.0,0.0,66.0,8.95,3.64,1.04,0.294,74.50%,43.90%,3.77,3.99,0.4,P
Pitcher,Jordan Leasure,CHW,,,,,,,,,,,,,,,,,,,,3.0,3.0,5.0,64.0,0.0,64.0,9.98,4.1,1.24,0.284,75.10%,35.90%,3.96,4.18,0.4,P
Pitcher,Justin Slaten,BOS,,,,,,,,,,,,,,,,,,,,3.0,3.0,0.0,61.0,0.0,61.0,8.68,2.98,1.08,0.301,72.60%,42.50%,3.97,3.87,0.4,P
Pitcher,Payton Tolle,BOS,,,,,,,,,,,,,,,,,,,,2.0,2.0,0.0,13.0,5.0,35.0,8.93,3.14,1.25,0.295,73.20%,39.10%,4.08,4.11,0.4,P
Pitcher,Kyle Finnegan,DET,,,,,,,,,,,,,,,,,,,,3.0,3.0,4.0,64.0,0.0,64.0,8.77,3.22,0.99,0.296,73.40%,44.60%,3.77,3.78,0.4,P
Pitcher,Jonah Tong,NYM,,,,,,,,,,,,,,,,,,,,2.0,1.0,0.0,11.0,3.0,25.2,10.31,3.76,0.94,0.289,75.60%,44.50%,3.41,3.55,0.4,P
Pitcher,Didier Fuentes,ATL,,,,,,,,,,,,,,,,,,,,3.0,4.0,0.0,42.0,5.0,63.2,8.5,3.02,1.32,0.296,72.00%,38.20%,4.32,4.29,0.4,P
Pitcher,Yennier Cano,BAL,,,,,,,,,,,,,,,,,,,,3.0,3.0,1.0,60.0,0.0,60.0,8.52,3.34,0.89,0.308,73.40%,51.90%,3.74,3.76,0.4,P
Pitcher,Justin Wrobleski,LAD,,,,,,,,,,,,,,,,,,,,4.0,3.0,0.0,42.0,5.0,64.1,8.05,3.16,1.25,0.293,73.40%,44.20%,4.1,4.31,0.4,P
Pitcher,Emilio Pagán,CIN,,,,,,,,,,,,,,,,,,,,3.0,3.0,27.0,66.0,0.0,66.0,9.92,3.2,1.49,0.283,74.60%,31.40%,4.14,4.24,0.4,P
Pitcher,Trevor McDonald,SFG,,,,,,,,,,,,,,,,,,,,3.0,4.0,0.0,26.0,8.0,64.1,6.94,2.95,0.93,0.303,71.10%,52.00%,4.06,4.1,0.4,P
Pitcher,Taylor Rogers,MIN,,,,,,,,,,,,,,,,,,,,3.0,3.0,19.0,61.0,0.0,61.0,9.39,3.91,1.04,0.298,73.70%,41.40%,3.94,4.01,0.4,P
Pitcher,River Ryan,LAD,,,,,,,,,,,,,,,,,,,,4.0,4.0,0.0,20.0,10.0,65.0,7.33,3.45,1.37,0.296,71.10%,43.70%,4.69,4.78,0.4,P
Pitcher,Brusdar Graterol,LAD,,,,,,,,,,,,,,,,,,,,2.0,2.0,0.0,44.0,0.0,44.0,8.14,2.92,0.93,0.302,73.70%,51.70%,3.64,3.76,0.4,P
Pitcher,Graham Ashcraft,CIN,,,,,,,,,,,,,,,,,,,,3.0,3.0,2.0,65.0,0.0,65.0,7.94,2.68,1.08,0.304,72.60%,48.90%,3.95,3.97,0.4,P
Pitcher,Brendon Little,TOR,,,,,,,,,,,,,,,,,,,,3.0,2.0,0.0,54.0,0.0,54.0,9.52,4.53,0.72,0.301,75.90%,53.80%,3.37,3.69,0.4,P
Pitcher,Taijuan Walker,PHI,,,,,,,,,,,,,,,,,,,,6.0,8.0,0.0,50.0,16.0,121.1,6.42,3.15,1.47,0.293,71.20%,41.80%,4.8,5.01,0.4,P
Pitcher,Kody Funderburk,MIN,,,,,,,,,,,,,,,,,,,,3.0,3.0,3.0,65.0,0.0,65.0,8.65,3.69,0.83,0.306,73.70%,50.00%,3.69,3.8,0.4,P
Pitcher,Danny Coulombe,BOS,,,,,,,,,,,,,,,,,,,,3.0,3.0,0.0,55.0,0.0,55.0,8.71,3.34,1.07,0.3,73.20%,42.00%,3.98,3.97,0.4,P
Pitcher,Clarke Schmidt,NYY,,,,,,,,,,,,,,,,,,,,2.0,2.0,0.0,17.0,3.0,32.0,9.16,2.92,1.22,0.286,74.40%,39.30%,3.79,3.97,0.4,P
Pitcher,Dietrich Enns,BAL,,,,,,,,,,,,,,,,,,,,3.0,3.0,0.0,62.0,0.0,62.0,8.09,2.68,1.15,0.301,73.60%,43.60%,3.94,4.01,0.4,P
Pitcher,Tyler Anderson,LAA,,,,,,,,,,,,,,,,,,,,4.0,5.0,0.0,13.0,13.0,74.1,6.85,3.55,1.46,0.287,70.90%,33.80%,4.89,5.02,0.4,P
Pitcher,Tyler Wells,BAL,,,,,,,,,,,,,,,,,,,,4.0,4.0,0.0,57.0,3.0,72.1,8.47,2.21,1.53,0.289,73.00%,32.60%,4.29,4.3,0.4,P
Pitcher,Tommy Nance,TOR,,,,,,,,,,,,,,,,,,,,3.0,3.0,0.0,58.0,0.0,58.0,8.32,2.87,0.95,0.301,72.70%,48.90%,3.76,3.75,0.4,P
Pitcher,Brant Hurter,DET,,,,,,,,,,,,,,,,,,,,3.0,3.0,0.0,55.0,0.0,55.0,7.97,2.7,0.91,0.298,73.20%,47.30%,3.64,3.78,0.4,P
Pitcher,Andrew Kittredge,BAL,,,,,,,,,,,,,,,,,,,,3.0,3.0,3.0,60.0,0.0,60.0,8.94,2.62,1.13,0.304,73.00%,44.30%,3.89,3.75,0.4,P
Pitcher,Carson Whisenhunt,SFG,,,,,,,,,,,,,,,,,,,,3.0,4.0,0.0,20.0,8.0,57.1,7.19,3.19,1.14,0.296,72.00%,44.30%,4.26,4.37,0.4,P
Pitcher,George Klassen,LAA,,,,,,,,,,,,,,,,,,,,3.0,3.0,0.0,19.0,6.0,50.0,8.16,3.84,1.22,0.297,72.10%,43.70%,4.42,4.5,0.4,P
Pitcher,Jordan Hicks,CHW,,,,,,,,,,,,,,,,,,,,3.0,3.0,2.0,62.0,0.0,62.0,8.58,3.65,0.94,0.302,73.30%,49.00%,3.83,3.98,0.4,P
Pitcher,Steven Okert,HOU,,,,,,,,,,,,,,,,,,,,3.0,3.0,0.0,64.0,0.0,64.0,10.05,3.47,1.34,0.281,74.70%,31.20%,3.98,4.13,0.3,P
Pitcher,Mason Englert,TBR,,,,,,,,,,,,,,,,,,,,3.0,3.0,1.0,61.0,0.0,61.0,8.35,2.82,1.18,0.293,72.70%,41.50%,4.02,4.04,0.3,P
Pitcher,Luke Weaver,NYM,,,,,,,,,,,,,,,,,,,,4.0,3.0,4.0,67.0,0.0,67.0,9.58,2.84,1.24,0.284,75.50%,35.10%,3.69,3.85,0.3,P
Pitcher,Riley O'Brien,STL,,,,,,,,,,,,,,,,,,,,3.0,3.0,13.0,63.0,0.0,63.0,9.13,3.84,0.79,0.301,74.20%,50.40%,3.54,3.71,0.3,P
Pitcher,Jovani Morán,BOS,,,,,,,,,,,,,,,,,,,,3.0,2.0,0.0,52.0,0.0,52.0,9.52,3.91,0.93,0.301,74.20%,44.80%,3.74,3.77,0.3,P
Pitcher,Tobias Myers,NYM,,,,,,,,,,,,,,,,,,,,4.0,4.0,0.0,61.0,3.0,75.2,7.93,2.36,1.29,0.286,73.60%,38.00%,3.95,4.13,0.3,P
Pitcher,Yoendrys Gómez,TBR,,,,,,,,,,,,,,,,,,,,3.0,3.0,0.0,54.0,2.0,61.0,9.23,3.49,1.23,0.288,73.20%,37.20%,4.1,4.17,0.3,P
Pitcher,Kevin Kelly,TBR,,,,,,,,,,,,,,,,,,,,2.0,2.0,0.0,48.0,0.0,48.0,7.89,2.37,1.05,0.3,72.30%,46.60%,3.84,3.84,0.3,P
Pitcher,Christian Scott,NYM,,,,,,,,,,,,,,,,,,,,2.0,2.0,0.0,26.0,2.0,33.0,9.07,2.37,1.2,0.284,74.60%,38.10%,3.62,3.76,0.3,P
Pitcher,Clayton Beeter,WSN,,,,,,,,,,,,,,,,,,,,3.0,3.0,15.0,63.0,0.0,63.0,10.06,4.5,1.0,0.289,74.80%,40.70%,3.78,3.97,0.3,P
Pitcher,Eric Lauer,TOR,,,,,,,,,,,,,,,,,,,,3.0,3.0,0.0,51.0,3.0,65.2,8.57,2.69,1.4,0.286,74.20%,34.30%,4.08,4.25,0.3,P
Pitcher,Walker Buehler,SDP,,,,,,,,,,,,,,,,,,,,4.0,5.0,0.0,33.0,11.0,82.2,7.53,3.54,1.31,0.296,70.90%,42.20%,4.67,4.69,0.3,P
Pitcher,Quinn Mathews,STL,,,,,,,,,,,,,,,,,,,,3.0,3.0,0.0,8.0,8.0,46.1,7.68,4.42,1.06,0.293,72.90%,45.20%,4.27,4.56,0.3,P
Pitcher,Tyler Kinley,ATL,,,,,,,,,,,,,,,,,,,,3.0,3.0,0.0,63.0,0.0,63.0,9.76,3.88,1.18,0.292,73.50%,35.60%,4.08,4.07,0.3,P
Pitcher,Jonathan Loáisiga,ARI,,,,,,,,,,,,,,,,,,,,3.0,3.0,5.0,60.0,0.0,60.0,7.89,3.06,0.83,0.309,72.40%,51.40%,3.78,3.72,0.3,P
Pitcher,Jack Kochanowicz,LAA,,,,,,,,,,,,,,,,,,,,4.0,6.0,0.0,31.0,11.0,81.2,5.67,3.36,1.16,0.308,70.20%,51.70%,4.75,4.86,0.3,P
Pitcher,Jakob Junis,TEX,,,,,,,,,,,,,,,,,,,,3.0,3.0,1.0,65.0,0.0,65.0,8.09,2.41,1.24,0.297,72.10%,40.20%,4.1,4.06,0.3,P
Pitcher,Kirby Yates,LAA,,,,,,,,,,,,,,,,,,,,2.0,2.0,4.0,48.0,0.0,48.0,10.6,4.11,1.16,0.291,74.60%,36.70%,3.9,3.94,0.3,P
Pitcher,Shawn Armstrong,CLE,,,,,,,,,,,,,,,,,,,,3.0,3.0,3.0,68.0,0.0,68.0,9.03,2.9,1.15,0.293,73.00%,38.80%,3.91,3.9,0.3,P
Pitcher,Drew Thorpe,CHW,,,,,,,,,,,,,,,,,,,,2.0,3.0,0.0,8.0,8.0,45.2,6.93,3.29,1.46,0.29,71.20%,40.60%,4.77,4.9,0.3,P
Pitcher,Brad Keller,PHI,,,,,,,,,,,,,,,,,,,,3.0,3.0,2.0,68.0,0.0,68.0,8.01,3.41,1.04,0.3,73.20%,48.60%,3.97,4.12,0.3,P
Pitcher,Justin Martinez,ARI,,,,,,,,,,,,,,,,,,,,1.0,1.0,0.0,20.0,0.0,20.0,11.45,4.6,0.62,0.306,76.40%,50.60%,3.07,3.17,0.3,P
Pitcher,Kai-Wei Teng,HOU,,,,,,,,,,,,,,,,,,,,3.0,3.0,0.0,54.0,2.0,60.2,9.26,3.71,1.11,0.295,72.70%,42.70%,4.05,4.13,0.3,P
Pitcher,Justin Topa,MIN,,,,,,,,,,,,,,,,,,,,3.0,3.0,4.0,62.0,0.0,62.0,7.65,3.08,0.92,0.309,71.80%,48.90%,4.02,3.93,0.3,P
Pitcher,Pierce Johnson,CIN,,,,,,,,,,,,,,,,,,,,3.0,3.0,1.0,61.0,0.0,61.0,9.96,3.67,1.32,0.292,74.50%,37.60%,4.09,4.15,0.3,P
Pitcher,Eduard Bazardo,SEA,,,,,,,,,,,,,,,,,,,,3.0,3.0,1.0,68.0,0.0,68.0,9.23,3.07,1.13,0.286,74.40%,40.00%,3.71,3.85,0.3,P
Pitcher,José Suarez,ATL,,,,,,,,,,,,,,,,,,,,3.0,3.0,0.0,49.0,3.0,64.0,8.55,2.97,1.16,0.297,73.90%,41.20%,3.9,4.01,0.3,P
Pitcher,Erik Miller,SFG,,,,,,,,,,,,,,,,,,,,3.0,3.0,1.0,62.0,0.0,62.0,10.3,4.6,0.83,0.295,76.10%,45.40%,3.45,3.7,0.3,P
Pitcher,JoJo Romero,STL,,,,,,,,,,,,,,,,,,,,3.0,3.0,12.0,64.0,0.0,64.0,8.54,3.59,0.89,0.298,75.00%,48.00%,3.57,3.84,0.3,P
Pitcher,Keider Montero,DET,,,,,,,,,,,,,,,,,,,,3.0,3.0,0.0,33.0,5.0,54.2,7.73,2.98,1.26,0.293,72.00%,40.90%,4.29,4.35,0.3,P
Pitcher,Kenley Jansen,DET,,,,,,,,,,,,,,,,,,,,3.0,3.0,23.0,60.0,0.0,60.0,9.4,3.27,1.23,0.281,72.70%,29.40%,4.06,4.03,0.3,P
Pitcher,Eric Orze,MIN,,,,,,,,,,,,,,,,,,,,3.0,3.0,1.0,60.0,0.0,60.0,8.7,4.03,1.05,0.297,72.80%,42.30%,4.13,4.19,0.3,P
Pitcher,Dennis Santana,PIT,,,,,,,,,,,,,,,,,,,,3.0,3.0,25.0,68.0,0.0,68.0,8.42,3.28,1.05,0.298,72.60%,39.50%,4.03,4.01,0.3,P
Pitcher,Jonathan Bowlan,PHI,,,,,,,,,,,,,,,,,,,,3.0,3.0,0.0,58.0,0.0,58.0,8.44,2.9,1.15,0.291,73.90%,44.40%,3.84,4.01,0.3,P
Pitcher,Caleb Ferguson,CIN,,,,,,,,,,,,,,,,,,,,3.0,3.0,0.0,53.0,0.0,53.0,8.81,3.65,1.03,0.3,73.60%,46.90%,3.9,4.05,0.3,P
Pitcher,Alek Manoah,LAA,,,,,,,,,,,,,,,,,,,,2.0,3.0,0.0,8.0,8.0,45.0,7.66,3.71,1.39,0.295,70.50%,39.20%,4.83,4.87,0.3,P
Pitcher,Luis García,NYM,,,,,,,,,,,,,,,,,,,,3.0,3.0,0.0,60.0,0.0,60.0,8.29,3.29,0.91,0.297,73.30%,48.60%,3.72,3.84,0.3,P
Pitcher,Brooks Raley,NYM,,,,,,,,,,,,,,,,,,,,3.0,3.0,1.0,62.0,0.0,62.0,8.76,3.37,1.09,0.288,74.10%,39.80%,3.82,4.06,0.3,P
Pitcher,DJ Herz,WSN,,,,,,,,,,,,,,,,,,,,2.0,2.0,0.0,22.0,2.0,29.0,10.22,3.88,1.12,0.284,75.60%,36.60%,3.68,3.89,0.3,P
Pitcher,Scott Barlow,ATH,,,,,,,,,,,,,,,,,,,,3.0,3.0,4.0,60.0,0.0,60.0,9.34,4.57,1.06,0.296,72.90%,42.50%,4.2,4.27,0.3,P
Pitcher,Evan Phillips,LAD,,,,,,,,,,,,,,,,,,,,2.0,1.0,0.0,28.0,0.0,28.0,10.0,2.92,1.09,0.293,74.90%,41.50%,3.56,3.58,0.3,P
Pitcher,Sawyer Gipson-Long,DET,,,,,,,,,,,,,,,,,,,,1.0,1.0,0.0,19.0,2.0,26.0,8.24,2.41,1.1,0.295,72.60%,42.90%,3.83,3.83,0.3,P
Pitcher,Shane Drohan,MIL,,,,,,,,,,,,,,,,,,,,3.0,3.0,0.0,43.0,3.0,58.1,9.02,3.64,1.22,0.287,74.30%,38.80%,3.99,4.22,0.3,P
Pitcher,Josh Sborz,TEX,,,,,,,,,,,,,,,,,,,,3.0,3.0,0.0,58.0,0.0,58.0,9.29,3.6,1.16,0.294,73.40%,40.20%,4.03,4.04,0.3,P
Pitcher,Thomas White,MIA,,,,,,,,,,,,,,,,,,,,2.0,2.0,0.0,5.0,5.0,27.2,8.6,4.36,1.1,0.292,73.20%,42.80%,4.18,4.41,0.3,P
Pitcher,Justin Lawrence,PIT,,,,,,,,,,,,,,,,,,,,3.0,3.0,1.0,58.0,0.0,58.0,8.85,4.15,0.88,0.304,72.90%,46.40%,3.94,4.0,0.3,P
Pitcher,Gavin Stone,LAD,,,,,,,,,,,,,,,,,,,,2.0,2.0,0.0,15.0,3.0,30.1,8.19,2.8,1.32,0.294,72.90%,42.70%,4.19,4.26,0.3,P
Pitcher,JR Ritchie,ATL,,,,,,,,,,,,,,,,,,,,2.0,2.0,0.0,6.0,6.0,37.0,7.3,3.44,1.21,0.302,70.80%,45.70%,4.56,4.55,0.3,P
Pitcher,Braydon Fisher,TOR,,,,,,,,,,,,,,,,,,,,3.0,2.0,0.0,52.0,0.0,52.0,9.83,3.87,1.16,0.288,74.00%,38.10%,3.97,4.04,0.3,P
Pitcher,Tanner Gordon,COL,,,,,,,,,,,,,,,,,,,,3.0,4.0,0.0,28.0,6.0,57.1,6.57,2.02,1.7,0.308,68.90%,39.00%,5.19,4.9,0.3,P
Pitcher,Sam Moll,CIN,,,,,,,,,,,,,,,,,,,,3.0,3.0,0.0,52.0,0.0,52.0,8.83,3.96,1.14,0.296,74.00%,44.50%,4.06,4.3,0.3,P
Pitcher,Chase Silseth,LAA,,,,,,,,,,,,,,,,,,,,3.0,3.0,1.0,62.0,0.0,62.0,8.85,3.69,1.11,0.298,73.20%,45.20%,4.05,4.13,0.3,P
Pitcher,John Schreiber,KCR,,,,,,,,,,,,,,,,,,,,3.0,3.0,1.0,64.0,0.0,64.0,8.27,3.38,1.11,0.299,72.70%,42.00%,4.13,4.16,0.3,P
Pitcher,Victor Vodnik,COL,,,,,,,,,,,,,,,,,,,,3.0,3.0,23.0,64.0,0.0,64.0,8.85,4.26,1.03,0.319,72.00%,48.20%,4.4,4.18,0.3,P
Pitcher,Noah Schultz,CHW,,,,,,,,,,,,,,,,,,,,1.0,2.0,0.0,5.0,5.0,27.2,7.3,3.94,1.16,0.297,72.30%,46.10%,4.42,4.67,0.3,P
Pitcher,Tyler Rogers,TOR,,,,,,,,,,,,,,,,,,,,4.0,4.0,2.0,74.0,0.0,74.0,6.22,2.07,1.0,0.303,71.30%,51.10%,3.99,4.02,0.3,P
Pitcher,Bennett Sousa,HOU,,,,,,,,,,,,,,,,,,,,2.0,1.0,0.0,30.0,0.0,30.0,9.87,3.28,1.06,0.293,74.90%,41.40%,3.6,3.67,0.3,P
Pitcher,Jason Alexander,HOU,,,,,,,,,,,,,,,,,,,,2.0,3.0,0.0,21.0,5.0,43.1,6.87,2.82,1.2,0.302,71.20%,48.70%,4.37,4.41,0.3,P
Pitcher,Cooper Criswell,SEA,,,,,,,,,,,,,,,,,,,,4.0,4.0,0.0,57.0,3.0,72.0,7.48,2.49,1.03,0.295,72.70%,47.80%,3.81,3.96,0.3,P
Pitcher,Ryan Gusto,MIA,,,,,,,,,,,,,,,,,,,,2.0,3.0,0.0,31.0,3.0,45.2,7.7,2.89,1.29,0.292,71.60%,38.70%,4.34,4.38,0.2,P
Pitcher,Jordan Wicks,CHC,,,,,,,,,,,,,,,,,,,,1.0,1.0,0.0,17.0,2.0,24.0,8.2,2.74,1.08,0.295,74.30%,45.90%,3.7,3.88,0.2,P
Pitcher,Robert Stephenson,LAA,,,,,,,,,,,,,,,,,,,,2.0,2.0,0.0,36.0,0.0,36.0,9.97,3.12,1.28,0.29,74.20%,34.60%,3.93,3.91,0.2,P
Pitcher,Anthony Bender,MIA,,,,,,,,,,,,,,,,,,,,3.0,3.0,1.0,61.0,0.0,61.0,8.64,3.56,0.97,0.302,72.70%,45.50%,3.96,3.94,0.2,P
Pitcher,Nick Mears,KCR,,,,,,,,,,,,,,,,,,,,3.0,3.0,0.0,60.0,0.0,60.0,9.05,3.5,1.15,0.298,72.70%,38.10%,4.13,4.06,0.2,P
Pitcher,Keegan Akin,BAL,,,,,,,,,,,,,,,,,,,,3.0,3.0,3.0,66.0,0.0,66.0,9.32,3.34,1.23,0.294,75.10%,38.10%,3.91,4.06,0.2,P
Pitcher,Calvin Faucher,MIA,,,,,,,,,,,,,,,,,,,,3.0,3.0,5.0,64.0,0.0,64.0,8.92,3.73,0.99,0.302,72.70%,44.90%,4.0,3.96,0.2,P
Pitcher,Sam Hentges,SFG,,,,,,,,,,,,,,,,,,,,1.0,1.0,0.0,26.0,0.0,26.0,9.32,3.07,0.8,0.302,74.50%,49.70%,3.34,3.35,0.2,P
Pitcher,Zak Kent,MIN,,,,,,,,,,,,,,,,,,,,3.0,3.0,0.0,54.0,0.0,54.0,8.53,3.98,1.03,0.302,72.50%,43.90%,4.19,4.19,0.2,P
Pitcher,Mitchell Parker,WSN,,,,,,,,,,,,,,,,,,,,2.0,3.0,0.0,35.0,3.0,49.2,7.28,2.71,1.29,0.293,72.40%,38.40%,4.28,4.37,0.2,P
Pitcher,Hayden Wesneski,HOU,,,,,,,,,,,,,,,,,,,,2.0,2.0,0.0,24.0,2.0,31.0,8.97,2.66,1.29,0.296,73.20%,40.50%,4.04,4.02,0.2,P
Pitcher,Julian Fernández,WSN,,,,,,,,,,,,,,,,,,,,2.0,2.0,0.0,38.0,0.0,38.0,9.27,3.21,1.08,0.29,74.20%,40.60%,3.72,3.81,0.2,P
Pitcher,Jimmy Herget,COL,,,,,,,,,,,,,,,,,,,,3.0,4.0,2.0,77.0,0.0,77.0,7.98,2.9,1.43,0.305,70.20%,37.40%,4.78,4.54,0.2,P
Pitcher,Jake Bird,NYY,,,,,,,,,,,,,,,,,,,,3.0,3.0,0.0,57.0,0.0,57.0,9.19,3.76,1.01,0.294,74.20%,45.80%,3.77,3.98,0.2,P
Pitcher,Phil Maton,CHC,,,,,,,,,,,,,,,,,,,,3.0,3.0,2.0,65.0,0.0,65.0,9.31,3.52,1.04,0.291,73.40%,42.60%,3.81,3.96,0.2,P
Pitcher,Tanner McDougal,CHW,,,,,,,,,,,,,,,,,,,,3.0,3.0,0.0,22.0,6.0,53.0,7.69,4.29,1.23,0.295,71.80%,44.00%,4.61,4.79,0.2,P
Pitcher,Cristian Mena,ARI,,,,,,,,,,,,,,,,,,,,1.0,1.0,0.0,13.0,2.0,20.1,8.53,3.3,1.0,0.303,72.20%,45.20%,3.99,3.9,0.2,P
Pitcher,Ty Johnson,TBR,,,,,,,,,,,,,,,,,,,,1.0,1.0,0.0,3.0,3.0,18.1,8.78,3.35,1.27,0.289,72.30%,39.00%,4.22,4.28,0.2,P
Pitcher,Jalen Beeks,TEX,,,,,,,,,,,,,,,,,,,,3.0,3.0,0.0,54.0,0.0,54.0,8.41,3.44,1.08,0.297,73.70%,42.90%,3.95,4.08,0.2,P
Pitcher,Jack Dreyer,LAD,,,,,,,,,,,,,,,,,,,,3.0,2.0,0.0,52.0,0.0,52.0,8.74,3.53,1.29,0.287,74.50%,38.40%,4.08,4.33,0.2,P
Pitcher,Tony Santillan,CIN,,,,,,,,,,,,,,,,,,,,3.0,4.0,4.0,70.0,0.0,70.0,9.46,4.0,1.33,0.29,73.70%,37.50%,4.3,4.44,0.2,P
Pitcher,Colin Selby,BAL,,,,,,,,,,,,,,,,,,,,2.0,2.0,0.0,45.0,0.0,45.0,9.33,3.78,0.99,0.304,73.90%,46.70%,3.84,3.87,0.2,P
Pitcher,Cade Povich,BAL,,,,,,,,,,,,,,,,,,,,1.0,1.0,0.0,15.0,2.0,22.0,9.05,3.02,1.21,0.295,74.60%,40.00%,3.87,3.97,0.2,P
Pitcher,Coleman Crow,MIL,,,,,,,,,,,,,,,,,,,,1.0,1.0,0.0,22.0,0.0,22.0,9.65,2.94,1.03,0.294,74.50%,43.00%,3.56,3.58,0.2,P
Pitcher,Matt Svanson,STL,,,,,,,,,,,,,,,,,,,,3.0,3.0,8.0,65.0,0.0,65.0,8.12,3.43,0.92,0.299,73.00%,47.80%,3.84,3.96,0.2,P
Pitcher,Mason Montgomery,PIT,,,,,,,,,,,,,,,,,,,,3.0,3.0,2.0,60.0,0.0,60.0,9.13,3.68,1.07,0.292,73.90%,38.90%,3.89,4.01,0.2,P
Pitcher,Tim Herrin,CLE,,,,,,,,,,,,,,,,,,,,3.0,3.0,0.0,56.0,0.0,56.0,9.51,4.28,0.94,0.298,74.40%,45.10%,3.78,3.96,0.2,P
Pitcher,Félix Bautista,BAL,,,,,,,,,,,,,,,,,,,,1.0,0.0,0.0,11.0,0.0,11.0,12.69,3.91,0.87,0.291,77.30%,40.20%,3.04,2.98,0.2,P
Pitcher,Anthony Banda,MIN,,,,,,,,,,,,,,,,,,,,3.0,3.0,1.0,56.0,0.0,56.0,8.88,3.95,1.05,0.298,73.50%,40.90%,4.02,4.12,0.2,P
Pitcher,Yaramil Hiraldo,BAL,,,,,,,,,,,,,,,,,,,,2.0,2.0,0.0,38.0,0.0,38.0,9.22,3.31,1.27,0.289,73.90%,37.30%,4.03,4.13,0.2,P
Pitcher,Jaden Hill,COL,,,,,,,,,,,,,,,,,,,,3.0,3.0,0.0,55.0,0.0,55.0,8.51,3.52,1.15,0.317,70.30%,46.20%,4.59,4.26,0.2,P
Pitcher,Liam Hendriks,,,,,,,,,,,,,,,,,,,,,2.0,2.0,0.0,34.0,0.0,34.0,9.33,3.35,1.24,0.29,73.30%,36.40%,4.08,4.09,0.2,P
Pitcher,Ronel Blanco,HOU,,,,,,,,,,,,,,,,,,,,1.0,1.0,0.0,14.0,2.0,21.0,9.57,3.37,1.26,0.29,73.80%,37.80%,4.02,4.05,0.2,P
Pitcher,John King,MIA,,,,,,,,,,,,,,,,,,,,3.0,3.0,0.0,56.0,0.0,56.0,6.11,2.82,0.82,0.311,72.10%,55.90%,3.92,3.98,0.2,P
Pitcher,Josh White,MIA,,,,,,,,,,,,,,,,,,,,2.0,2.0,0.0,47.0,0.0,47.0,9.13,3.78,1.07,0.293,73.60%,41.40%,3.94,4.03,0.2,P
Pitcher,Justin Sterner,ATH,,,,,,,,,,,,,,,,,,,,3.0,3.0,8.0,65.0,0.0,65.0,8.79,3.31,1.37,0.287,72.50%,34.60%,4.35,4.41,0.2,P
Pitcher,Jack Perkins,ATH,,,,,,,,,,,,,,,,,,,,1.0,1.0,0.0,24.0,0.0,24.0,9.53,3.59,1.03,0.294,73.90%,42.80%,3.76,3.85,0.2,P
Pitcher,Chris Murphy,CHW,,,,,,,,,,,,,,,,,,,,3.0,3.0,0.0,56.0,0.0,56.0,8.41,4.03,1.07,0.295,73.90%,44.40%,4.02,4.31,0.2,P
Pitcher,Wandy Peralta,SDP,,,,,,,,,,,,,,,,,,,,3.0,3.0,0.0,57.0,0.0,57.0,8.17,3.75,0.88,0.3,74.60%,50.70%,3.68,3.98,0.2,P
Pitcher,Brenan Hanifee,DET,,,,,,,,,,,,,,,,,,,,2.0,2.0,0.0,42.0,0.0,42.0,6.78,2.51,0.91,0.304,72.00%,51.00%,3.87,3.89,0.2,P
