POS,Name,Team,G,PA,HR,R,RBI,SB,BB%,K%,ISO,BABIP,AVG,OBP,SLG,wOBA,wRC+,BsR,Off,Def,WAR,W,L,SV,G,GS,IP,K/9,BB/9,HR/9,BABIP,LOB%,GB%,ERA,FIP,WAR
Batter,Aaron Judge,NYY,141,633,42,109,102,9,17.70%,24.70%,0.3,0.322,0.283,0.415,0.583,0.412,170,-1.7,50.3,-7.5,6.6,,,,,,,,,,,,,,,
Batter,Bobby Witt Jr.,KCR,140,634,28,99,89,31,7.40%,16.70%,0.226,0.315,0.293,0.351,0.519,0.368,135,3.3,29.6,13,6.6,,,,,,,,,,,,,,,
Batter,Gunnar Henderson,BAL,146,666,28,101,84,24,10.60%,20.20%,0.214,0.311,0.275,0.357,0.489,0.362,136,2.7,30.6,5.6,6.1,,,,,,,,,,,,,,,
Batter,Cal Raleigh,SEA,138,615,38,89,91,8,12.30%,26.60%,0.257,0.254,0.23,0.331,0.487,0.346,129,-1.9,19.2,7.4,5.9,,,,,,,,,,,,,,,
Batter,Julio Rodríguez,SEA,139,618,30,85,91,23,7.20%,21.70%,0.216,0.31,0.275,0.334,0.491,0.352,133,1.6,25.9,7.6,5.6,,,,,,,,,,,,,,,
Batter,Juan Soto,NYM,138,621,34,105,89,20,18.90%,17.80%,0.26,0.285,0.273,0.413,0.533,0.403,165,-0.6,47.1,-13.5,5.5,,,,,,,,,,,,,,,
Batter,Shohei Ohtani,LAD,142,658,44,120,99,22,13.90%,24.40%,0.302,0.308,0.275,0.38,0.578,0.398,158,1,46.5,-16.6,5.3,,,,,,,,,,,,,,,
Batter,Ronald Acuña Jr.,ATL,147,676,31,109,84,24,13.40%,20.00%,0.218,0.323,0.286,0.388,0.503,0.383,148,2.5,40.7,-11.5,5.3,,,,,,,,,,,,,,,
Batter,Fernando Tatis Jr.,SDP,136,619,30,96,82,23,10.90%,19.40%,0.228,0.3,0.275,0.36,0.503,0.369,142,1.9,32.6,-3.8,5.1,,,,,,,,,,,,,,,
Batter,Francisco Lindor,NYM,139,644,26,94,73,23,9.00%,18.40%,0.193,0.283,0.259,0.336,0.452,0.341,123,0.8,18.1,8.1,4.9,,,,,,,,,,,,,,,
Batter,Vladimir Guerrero Jr.,TOR,143,637,32,94,99,5,11.60%,13.70%,0.234,0.301,0.297,0.383,0.531,0.387,152,-1.4,37.6,-13.4,4.7,,,,,,,,,,,,,,,
Batter,Elly De La Cruz,CIN,140,617,23,83,82,38,10.20%,25.00%,0.202,0.323,0.263,0.342,0.465,0.345,117,4.2,16.5,8.2,4.6,,,,,,,,,,,,,,,
Batter,Corbin Carroll,ARI,135,610,27,96,81,33,10.80%,20.70%,0.237,0.293,0.261,0.349,0.498,0.362,132,5.1,28.4,-4.1,4.6,,,,,,,,,,,,,,,
Batter,Mookie Betts,LAD,132,591,22,84,79,8,10.80%,11.80%,0.194,0.278,0.274,0.355,0.468,0.355,129,-0.6,19.9,4.8,4.5,,,,,,,,,,,,,,,
Batter,Yordan Alvarez,HOU,123,543,30,83,88,4,12.70%,17.00%,0.259,0.316,0.299,0.396,0.558,0.401,161,-1.6,37.7,-12.7,4.5,,,,,,,,,,,,,,,
Batter,Ketel Marte,ARI,130,596,26,91,74,6,10.90%,16.40%,0.214,0.299,0.28,0.365,0.494,0.367,136,-0.5,25,-1.1,4.5,,,,,,,,,,,,,,,
Batter,José Ramírez,CLE,136,604,27,83,88,30,9.60%,12.00%,0.216,0.274,0.275,0.349,0.492,0.351,128,1.9,21.8,0.4,4.4,,,,,,,,,,,,,,,
Batter,William Contreras,MIL,132,586,20,74,74,6,11.80%,18.80%,0.175,0.307,0.27,0.359,0.445,0.349,125,-1.3,16.4,5.4,4.3,,,,,,,,,,,,,,,
Batter,Junior Caminero,TBR,132,571,36,78,97,5,6.90%,19.40%,0.255,0.279,0.271,0.324,0.526,0.36,132,-0.6,20.9,0.8,4.2,,,,,,,,,,,,,,,
Batter,Alejandro Kirk,TOR,107,446,14,54,56,1,10.30%,12.40%,0.159,0.286,0.274,0.353,0.433,0.342,121,-2.3,8.6,6.7,4.2,,,,,,,,,,,,,,,
Batter,Pete Crow-Armstrong,CHC,134,587,24,79,73,33,5.60%,23.40%,0.199,0.293,0.252,0.302,0.451,0.323,108,3.3,9.1,11.9,4.1,,,,,,,,,,,,,,,
Batter,Jackson Merrill,SDP,134,579,22,71,80,7,6.70%,19.30%,0.197,0.301,0.269,0.322,0.466,0.338,121,0.8,14.9,5.6,4.1,,,,,,,,,,,,,,,
Batter,Corey Seager,TEX,116,515,25,72,75,3,10.80%,18.10%,0.223,0.295,0.276,0.359,0.499,0.363,136,-1.7,20.1,2,4.1,,,,,,,,,,,,,,,
Batter,Trea Turner,PHI,132,609,18,86,65,26,6.50%,18.10%,0.161,0.32,0.28,0.332,0.442,0.335,113,3.9,13.6,4.9,4,,,,,,,,,,,,,,,
Batter,Kyle Tucker,LAD,125,562,27,90,78,18,13.50%,15.20%,0.227,0.275,0.269,0.371,0.496,0.371,140,1,27.7,-8,3.9,,,,,,,,,,,,,,,
Batter,Masyn Winn,STL,146,649,16,78,68,13,7.20%,17.10%,0.144,0.295,0.261,0.32,0.405,0.316,104,1.2,4.5,11.6,3.9,,,,,,,,,,,,,,,
Batter,Geraldo Perdomo,ARI,128,557,12,71,61,18,12.10%,13.20%,0.141,0.295,0.27,0.364,0.412,0.342,119,0.7,13.2,5.8,3.8,,,,,,,,,,,,,,,
Batter,Alex Bregman,CHC,143,635,23,80,81,3,10.50%,14.00%,0.179,0.27,0.26,0.345,0.439,0.341,121,-1.7,13.9,1.8,3.8,,,,,,,,,,,,,,,
Batter,Nick Kurtz,ATH,132,600,38,95,87,5,12.20%,28.50%,0.275,0.306,0.258,0.353,0.534,0.376,140,-0.4,28.2,-12.1,3.8,,,,,,,,,,,,,,,
Batter,Zach Neto,LAA,133,599,26,83,69,27,6.90%,23.90%,0.203,0.295,0.252,0.32,0.456,0.333,113,1.8,10.7,4.9,3.7,,,,,,,,,,,,,,,
Batter,Maikel Garcia,KCR,138,620,13,82,62,26,8.50%,14.60%,0.142,0.307,0.276,0.339,0.418,0.33,109,2.1,8.7,5.6,3.6,,,,,,,,,,,,,,,
Batter,Adley Rutschman,BAL,125,545,17,68,67,1,11.40%,15.60%,0.166,0.277,0.255,0.343,0.421,0.334,116,-1.3,8.8,5.3,3.6,,,,,,,,,,,,,,,
Batter,Bryce Harper,PHI,135,598,27,83,87,9,12.50%,21.40%,0.222,0.312,0.273,0.368,0.495,0.368,136,-0.2,25.4,-10.7,3.5,,,,,,,,,,,,,,,
Batter,Jeremy Peña,HOU,133,599,18,79,64,16,5.90%,17.60%,0.158,0.307,0.273,0.326,0.43,0.328,111,1.2,8.8,5,3.5,,,,,,,,,,,,,,,
Batter,Wyatt Langford,TEX,126,559,22,78,69,19,12.00%,22.60%,0.198,0.3,0.256,0.351,0.455,0.348,126,1.2,18.2,-3.2,3.5,,,,,,,,,,,,,,,
Batter,Nico Hoerner,CHC,143,602,8,67,61,24,6.50%,9.60%,0.107,0.304,0.285,0.339,0.392,0.321,107,2.2,7.3,6.5,3.5,,,,,,,,,,,,,,,
Batter,Gabriel Moreno,ARI,96,400,10,47,48,4,9.70%,17.00%,0.147,0.319,0.28,0.353,0.427,0.34,117,-0.1,8,9.1,3.4,,,,,,,,,,,,,,,
Batter,Bo Bichette,NYM,113,503,15,63,64,5,6.50%,16.30%,0.161,0.32,0.288,0.337,0.449,0.339,121,-0.2,12.6,3.6,3.4,,,,,,,,,,,,,,,
Batter,Manny Machado,SDP,136,591,26,75,86,9,8.10%,19.50%,0.197,0.295,0.268,0.329,0.465,0.34,122,-0.8,14.9,-2.1,3.3,,,,,,,,,,,,,,,
Batter,Matt Chapman,SFG,135,597,22,76,72,9,11.20%,24.70%,0.189,0.286,0.238,0.33,0.427,0.33,114,-0.5,9.3,3.1,3.3,,,,,,,,,,,,,,,
Batter,Willy Adames,SFG,142,599,23,70,72,11,10.90%,24.70%,0.185,0.278,0.233,0.321,0.418,0.321,108,-0.1,5.6,6.4,3.3,,,,,,,,,,,,,,,
Batter,Jacob Wilson,ATH,113,478,11,58,58,5,5.90%,8.10%,0.145,0.307,0.301,0.348,0.445,0.344,119,-0.5,10.1,5.4,3.3,,,,,,,,,,,,,,,
Batter,Matt Olson,ATL,148,651,31,89,94,1,11.90%,24.10%,0.223,0.298,0.256,0.349,0.479,0.356,129,-2.1,20.1,-10.6,3.2,,,,,,,,,,,,,,,
Batter,Carlos Correa,HOU,112,486,16,59,62,1,9.10%,19.60%,0.165,0.308,0.268,0.338,0.433,0.335,116,-0.8,8.1,6.1,3.2,,,,,,,,,,,,,,,
Batter,Freddie Freeman,LAD,151,658,24,89,94,7,10.50%,18.80%,0.191,0.316,0.279,0.362,0.47,0.357,131,-1.5,22.4,-13.4,3.2,,,,,,,,,,,,,,,
Batter,Patrick Bailey,SFG,104,402,8,40,38,2,7.80%,26.00%,0.121,0.292,0.226,0.29,0.347,0.281,81,-0.7,-9.9,9.1,3.2,,,,,,,,,,,,,,,
Batter,Brendan Donovan,SEA,120,545,12,69,53,6,9.00%,14.20%,0.133,0.303,0.274,0.348,0.407,0.331,119,-0.9,11.5,0.5,3.1,,,,,,,,,,,,,,,
Batter,Jazz Chisholm Jr.,NYY,131,546,26,70,72,27,9.50%,25.90%,0.206,0.282,0.24,0.318,0.446,0.329,112,2.2,10.3,1.1,3.1,,,,,,,,,,,,,,,
Batter,Austin Riley,ATL,142,617,27,79,88,3,7.80%,26.20%,0.202,0.316,0.26,0.323,0.462,0.338,116,-0.9,11.1,-1.6,3.1,,,,,,,,,,,,,,,
Batter,Michael Harris II,ATL,121,485,19,61,66,15,4.40%,19.00%,0.19,0.306,0.275,0.311,0.465,0.331,112,1.2,8.2,5.8,3.1,,,,,,,,,,,,,,,
Batter,Austin Wells,NYY,100,386,16,47,49,5,8.50%,24.40%,0.193,0.265,0.229,0.301,0.422,0.314,102,-0.3,0.5,7.8,3.1,,,,,,,,,,,,,,,
Batter,Jackson Chourio,MIL,131,594,24,83,73,22,6.30%,19.90%,0.201,0.302,0.27,0.32,0.471,0.338,118,2.2,14.7,-4.7,3,,,,,,,,,,,,,,,
Batter,Will Smith,LAD,112,472,18,61,63,3,11.40%,19.50%,0.187,0.285,0.254,0.349,0.441,0.343,121,-1.6,10,10,3,,,,,,,,,,,,,,,
Batter,James Wood,WSN,131,598,27,86,71,17,12.10%,28.40%,0.216,0.333,0.26,0.353,0.475,0.355,129,0.5,21.1,-11.6,3,,,,,,,,,,,,,,,
Batter,Xander Bogaerts,SDP,123,520,13,59,59,14,8.20%,17.30%,0.137,0.307,0.27,0.334,0.407,0.323,111,0.8,7.5,3.7,2.9,,,,,,,,,,,,,,,
Batter,Marcus Semien,NYM,148,621,20,72,70,9,9.00%,16.80%,0.158,0.261,0.241,0.314,0.399,0.312,103,0.2,2,5.6,2.9,,,,,,,,,,,,,,,
Batter,CJ Abrams,WSN,131,589,19,74,68,28,6.40%,18.80%,0.175,0.286,0.255,0.315,0.43,0.322,106,2.6,6.9,1.7,2.9,,,,,,,,,,,,,,,
Batter,Brice Turang,MIL,139,613,14,77,61,26,9.30%,20.60%,0.135,0.312,0.26,0.331,0.395,0.319,105,2.2,5.6,2.1,2.9,,,,,,,,,,,,,,,
Batter,Byron Buxton,MIN,107,489,25,72,63,14,7.70%,27.30%,0.24,0.294,0.247,0.315,0.487,0.341,118,1.9,12.6,-1.4,2.9,,,,,,,,,,,,,,,
Batter,Riley Greene,DET,134,582,25,73,82,3,9.00%,27.10%,0.207,0.323,0.26,0.331,0.467,0.343,121,-0.7,13.4,-5.5,2.9,,,,,,,,,,,,,,,
Batter,Gleyber Torres,DET,142,637,18,80,66,5,11.20%,17.10%,0.146,0.292,0.26,0.346,0.406,0.331,112,-1.8,7.4,-1.5,2.9,,,,,,,,,,,,,,,
Batter,Steven Kwan,CLE,124,573,11,74,49,16,9.50%,9.60%,0.119,0.293,0.278,0.35,0.396,0.328,112,1.3,9.4,-1.3,2.8,,,,,,,,,,,,,,,
Batter,Cody Bellinger,NYY,130,574,24,73,80,9,8.30%,15.10%,0.194,0.274,0.264,0.328,0.457,0.337,118,0.1,12.1,-4.4,2.8,,,,,,,,,,,,,,,
Batter,Kyle Schwarber,PHI,138,626,39,97,90,6,14.90%,27.90%,0.268,0.259,0.231,0.353,0.499,0.364,133,-2.2,22.6,-16.1,2.8,,,,,,,,,,,,,,,
Batter,Rafael Devers,SFG,140,622,29,82,84,2,12.30%,24.90%,0.215,0.293,0.248,0.346,0.464,0.346,125,-1.6,16.8,-10.6,2.7,,,,,,,,,,,,,,,
Batter,Pete Alonso,BAL,146,642,35,88,100,3,9.50%,23.00%,0.24,0.28,0.254,0.337,0.494,0.354,130,-2.4,20.4,-15.8,2.7,,,,,,,,,,,,,,,
Batter,Oneil Cruz,PIT,115,517,22,72,60,27,10.70%,30.10%,0.202,0.308,0.238,0.324,0.439,0.329,109,2.6,8,1.5,2.7,,,,,,,,,,,,,,,
Batter,Brandon Nimmo,TEX,142,642,23,85,72,10,9.70%,22.10%,0.173,0.302,0.256,0.337,0.429,0.334,116,-0.4,11.8,-7.7,2.7,,,,,,,,,,,,,,,
Batter,Jose Altuve,HOU,129,587,20,78,69,12,8.30%,17.00%,0.168,0.293,0.267,0.333,0.435,0.332,114,-0.4,9,-3.1,2.7,,,,,,,,,,,,,,,
Batter,Kevin McGonigle,DET,108,443,12,49,48,8,11.00%,14.80%,0.157,0.281,0.257,0.343,0.414,0.332,113,-0.3,6.6,4.2,2.7,,,,,,,,,,,,,,,
Batter,Dansby Swanson,CHC,129,527,17,58,60,12,8.40%,25.00%,0.158,0.295,0.241,0.308,0.399,0.308,98,1.1,-0.1,8.5,2.7,,,,,,,,,,,,,,,
Batter,Ezequiel Tovar,COL,140,603,20,72,75,9,5.20%,23.50%,0.178,0.316,0.263,0.304,0.441,0.32,91,0.2,-6.2,11.8,2.6,,,,,,,,,,,,,,,
Batter,Luke Keaschall,MIN,109,479,10,56,53,20,9.90%,16.90%,0.133,0.307,0.267,0.35,0.4,0.331,112,0.6,7.2,1.3,2.6,,,,,,,,,,,,,,,
Batter,Yandy Díaz,TBR,133,614,21,84,67,3,9.70%,15.60%,0.171,0.314,0.287,0.362,0.458,0.355,128,-1.7,18.8,-14.9,2.6,,,,,,,,,,,,,,,
Batter,Ceddanne Rafaela,BOS,132,510,16,59,62,18,4.70%,20.70%,0.168,0.298,0.257,0.299,0.425,0.312,95,1.2,-1.6,9,2.5,,,,,,,,,,,,,,,
Batter,Chase Meidroth,CHW,106,483,8,60,39,12,11.60%,14.70%,0.109,0.296,0.261,0.356,0.37,0.325,108,-0.2,4.5,3.7,2.5,,,,,,,,,,,,,,,
Batter,Roman Anthony,BOS,111,511,15,73,52,8,13.10%,25.10%,0.175,0.338,0.264,0.365,0.439,0.352,123,0.1,13.7,-6.7,2.5,,,,,,,,,,,,,,,
Batter,Shea Langeliers,ATH,111,492,27,68,71,5,7.50%,22.70%,0.234,0.273,0.25,0.311,0.484,0.339,115,-0.4,8.5,4.7,2.5,,,,,,,,,,,,,,,
Batter,JJ Wetherholt,STL,106,494,12,64,43,12,10.40%,17.60%,0.137,0.293,0.255,0.342,0.393,0.324,110,0.3,6,1.9,2.5,,,,,,,,,,,,,,,
Batter,Yainer Diaz,HOU,120,481,19,57,66,2,4.40%,17.00%,0.181,0.295,0.273,0.308,0.454,0.327,110,-0.6,5.1,6.3,2.5,,,,,,,,,,,,,,,
Batter,Isaac Paredes,HOU,109,478,21,64,63,1,11.50%,16.80%,0.204,0.259,0.248,0.349,0.452,0.349,125,-1.1,13.1,-5.3,2.5,,,,,,,,,,,,,,,
Batter,Josh Naylor,SEA,133,570,23,71,80,15,8.30%,15.60%,0.184,0.281,0.266,0.33,0.45,0.335,122,-0.3,14.3,-9.9,2.5,,,,,,,,,,,,,,,
Batter,Andy Pages,LAD,124,493,21,62,68,9,5.90%,21.30%,0.195,0.286,0.255,0.308,0.451,0.326,110,0.1,5.7,1.9,2.5,,,,,,,,,,,,,,,
Batter,Francisco Alvarez,NYM,96,366,18,48,50,2,9.40%,24.40%,0.217,0.274,0.241,0.32,0.458,0.335,119,-0.6,7.5,1.8,2.4,,,,,,,,,,,,,,,
Batter,George Springer,TOR,134,609,26,86,73,13,10.10%,19.30%,0.196,0.285,0.259,0.34,0.455,0.344,122,0.7,16.5,-14,2.4,,,,,,,,,,,,,,,
Batter,Xavier Edwards,MIA,106,482,4,59,39,22,8.90%,13.90%,0.09,0.328,0.286,0.352,0.376,0.321,104,1.9,4.4,2.9,2.4,,,,,,,,,,,,,,,
Batter,Bryson Stott,PHI,127,529,13,62,58,21,8.90%,16.30%,0.138,0.288,0.257,0.327,0.395,0.316,100,1.6,1.8,3.4,2.3,,,,,,,,,,,,,,,
Batter,Drake Baldwin,ATL,110,485,18,65,61,1,9.30%,17.10%,0.18,0.293,0.268,0.341,0.448,0.343,120,-1,10.4,-2.5,2.3,,,,,,,,,,,,,,,
Batter,Kazuma Okamoto,TOR,130,516,22,61,68,3,8.80%,17.00%,0.195,0.261,0.248,0.321,0.444,0.328,111,-0.9,5.9,-1.5,2.3,,,,,,,,,,,,,,,
Batter,Luis Arraez,SFG,129,592,6,72,51,9,5.10%,4.50%,0.098,0.31,0.305,0.345,0.403,0.326,111,0,8,-5.5,2.3,,,,,,,,,,,,,,,
Batter,Jordan Westburg,BAL,96,414,17,54,55,4,6.50%,21.70%,0.2,0.302,0.264,0.32,0.464,0.337,118,-0.2,8.5,-0.7,2.3,,,,,,,,,,,,,,,
Batter,Dillon Dingler,DET,86,344,10,36,39,1,6.80%,24.30%,0.159,0.299,0.245,0.305,0.404,0.308,96,-0.4,-1.8,8.4,2.3,,,,,,,,,,,,,,,
Batter,Colson Montgomery,CHW,118,527,24,65,64,3,8.70%,29.20%,0.197,0.271,0.221,0.299,0.417,0.311,98,-0.6,-1.7,5.4,2.2,,,,,,,,,,,,,,,
Batter,Taylor Ward,BAL,137,610,25,80,77,5,10.30%,24.00%,0.194,0.287,0.244,0.328,0.437,0.332,115,-1.5,9.3,-8.4,2.2,,,,,,,,,,,,,,,
Batter,Ben Rice,NYY,108,465,23,62,68,4,10.30%,21.40%,0.229,0.267,0.246,0.332,0.475,0.347,125,-0.8,12.9,-7,2.2,,,,,,,,,,,,,,,
Batter,Trent Grisham,NYY,106,478,20,65,52,5,12.80%,25.00%,0.194,0.255,0.219,0.326,0.413,0.324,109,-0.4,4.7,0.4,2.2,,,,,,,,,,,,,,,
Batter,Iván Herrera,STL,109,472,16,59,60,7,10.60%,19.50%,0.168,0.316,0.273,0.362,0.441,0.351,128,-0.1,15.7,-10.1,2.2,,,,,,,,,,,,,,,
Batter,Royce Lewis,MIN,117,468,20,57,63,9,7.70%,21.50%,0.195,0.281,0.251,0.311,0.446,0.326,108,-0.2,4.4,0.8,2.2,,,,,,,,,,,,,,,
Batter,Jakob Marsee,MIA,118,541,12,70,46,33,11.70%,22.50%,0.141,0.286,0.232,0.331,0.373,0.313,99,2.7,1.9,1.4,2.2,,,,,,,,,,,,,,,
Batter,Otto Lopez,MIA,116,488,10,52,53,13,7.20%,15.10%,0.126,0.302,0.271,0.327,0.397,0.316,101,0.6,0.9,4.1,2.2,,,,,,,,,,,,,,,
Batter,Andrés Giménez,TOR,134,526,12,61,55,18,5.80%,17.30%,0.131,0.287,0.253,0.311,0.383,0.304,94,1.2,-2.2,5.4,2.2,,,,,,,,,,,,,,,
Batter,Brent Rooker,ATH,139,608,30,82,91,5,9.60%,25.60%,0.228,0.303,0.257,0.335,0.485,0.351,123,-1,15.6,-15.3,2.2,,,,,,,,,,,,,,,
Batter,Ian Happ,CHC,143,627,22,79,74,7,12.40%,23.90%,0.178,0.291,0.241,0.339,0.419,0.332,115,-0.8,10.1,-9.9,2.1,,,,,,,,,,,,,,,
Batter,Caleb Durbin,BOS,110,445,9,51,47,18,7.40%,11.00%,0.14,0.283,0.267,0.34,0.407,0.328,106,1,4.2,1.4,2.1,,,,,,,,,,,,,,,
Batter,Bo Naylor,CLE,104,405,16,46,48,4,10.70%,24.50%,0.186,0.257,0.221,0.307,0.406,0.311,100,-0.4,-0.5,6.9,2.1,,,,,,,,,,,,,,,
Batter,Alec Bohm,PHI,124,532,14,61,67,3,6.90%,15.60%,0.15,0.304,0.275,0.33,0.426,0.328,108,-1,4.3,-1.2,2.1,,,,,,,,,,,,,,,
Batter,Tyler Soderstrom,ATH,106,461,22,60,67,5,8.70%,22.30%,0.216,0.292,0.259,0.329,0.475,0.345,119,-0.6,9.9,-5,2.1,,,,,,,,,,,,,,,
Batter,Munetaka Murakami,CHW,136,587,32,75,85,8,12.60%,29.00%,0.227,0.275,0.23,0.333,0.457,0.339,118,-0.9,11.5,-11.2,2.1,,,,,,,,,,,,,,,
Batter,Michael Busch,CHC,115,506,23,69,66,3,10.40%,24.70%,0.218,0.291,0.248,0.334,0.466,0.344,123,-1.4,12.6,-8.9,2.1,,,,,,,,,,,,,,,
Batter,Jackson Holliday,BAL,102,442,12,57,44,13,10.40%,21.20%,0.152,0.299,0.251,0.334,0.403,0.323,109,0.1,4.7,0.5,2.1,,,,,,,,,,,,,,,
Batter,Vinnie Pasquantino,KCR,127,560,25,73,82,1,8.80%,15.00%,0.213,0.274,0.267,0.337,0.481,0.349,122,-1.9,12.7,-11.5,2.1,,,,,,,,,,,,,,,
Batter,Ozzie Albies,ATL,132,549,17,64,65,10,7.60%,15.10%,0.162,0.278,0.258,0.32,0.421,0.321,105,0.2,3.5,-1.3,2.1,,,,,,,,,,,,,,,
Batter,Jake Cronenworth,SDP,135,590,14,69,56,5,10.50%,19.90%,0.14,0.278,0.236,0.329,0.376,0.313,103,-0.5,1.9,-1.2,2.1,,,,,,,,,,,,,,,
Batter,Ryan Jeffers,MIN,110,454,15,52,53,2,9.40%,21.00%,0.172,0.283,0.245,0.329,0.417,0.326,109,-1.1,3.5,1.9,2.1,,,,,,,,,,,,,,,
Batter,Alec Burleson,STL,124,541,20,66,73,6,7.10%,14.00%,0.177,0.291,0.278,0.333,0.455,0.34,121,-1.3,12.1,-9.9,2.1,,,,,,,,,,,,,,,
Batter,J.P. Crawford,SEA,116,498,10,59,44,5,11.90%,19.50%,0.119,0.289,0.242,0.337,0.36,0.312,106,-0.6,2.8,0.1,2,,,,,,,,,,,,,,,
Batter,Freddy Fermin,SDP,102,393,10,42,41,3,7.00%,19.60%,0.129,0.291,0.249,0.306,0.378,0.3,95,-0.2,-2.8,9.4,2,,,,,,,,,,,,,,,
Batter,Nolan Schanuel,LAA,126,559,16,68,62,6,11.70%,13.80%,0.15,0.29,0.27,0.363,0.42,0.343,120,-1.6,11.5,-11.1,2,,,,,,,,,,,,,,,
Batter,Joey Ortiz,MIL,126,480,10,53,49,12,7.70%,16.90%,0.133,0.284,0.25,0.313,0.383,0.305,95,0.8,-1.9,5.5,2,,,,,,,,,,,,,,,
Batter,Seiya Suzuki,CHC,120,529,22,68,71,6,10.50%,25.30%,0.2,0.308,0.254,0.335,0.454,0.34,121,-1,11.9,-10,2,,,,,,,,,,,,,,,
Batter,Jung Hoo Lee,SFG,111,470,8,52,51,8,7.70%,11.40%,0.137,0.294,0.273,0.334,0.411,0.324,110,0.5,6.2,-2.4,2,,,,,,,,,,,,,,,
Batter,Nolan Arenado,ARI,124,531,17,60,69,3,7.00%,14.80%,0.159,0.274,0.257,0.313,0.416,0.314,100,-0.9,-0.9,2.6,2,,,,,,,,,,,,,,,
Batter,Anthony Volpe,NYY,104,429,13,50,48,16,7.90%,23.60%,0.168,0.276,0.231,0.296,0.399,0.302,94,1.5,-1.6,6.1,2,,,,,,,,,,,,,,,
Batter,Colt Keith,DET,112,489,15,58,58,4,9.40%,19.90%,0.168,0.304,0.263,0.335,0.43,0.332,113,0.3,7.8,-5.5,2,,,,,,,,,,,,,,,
Batter,Miguel Vargas,CHW,113,492,15,57,56,6,11.10%,19.40%,0.167,0.27,0.238,0.329,0.405,0.323,107,-0.4,3.4,-1.3,1.9,,,,,,,,,,,,,,,
Batter,Jarren Duran,BOS,128,577,15,74,65,20,8.10%,23.50%,0.179,0.32,0.258,0.326,0.437,0.33,107,3.2,8.2,-9.2,1.9,,,,,,,,,,,,,,,
Batter,TJ Friedl,CIN,111,512,14,67,48,10,10.20%,17.10%,0.146,0.28,0.249,0.34,0.396,0.325,104,0.3,2.5,-1,1.9,,,,,,,,,,,,,,,
Batter,Jorge Polanco,NYM,109,469,20,58,63,5,9.80%,20.60%,0.19,0.276,0.248,0.326,0.438,0.331,116,-0.8,8.1,-5.9,1.8,,,,,,,,,,,,,,,
Batter,Brandon Lowe,PIT,109,489,22,63,63,4,8.30%,25.50%,0.2,0.286,0.243,0.311,0.443,0.325,106,-0.7,3,-1.6,1.8,,,,,,,,,,,,,,,
Batter,Jeff McNeil,ATH,123,484,11,55,53,4,8.00%,12.80%,0.143,0.284,0.264,0.334,0.407,0.323,104,-1.6,0.7,0.1,1.8,,,,,,,,,,,,,,,
Batter,Wilyer Abreu,BOS,102,430,18,55,57,7,11.10%,24.50%,0.203,0.296,0.25,0.336,0.453,0.339,114,-0.3,6.8,-4.1,1.8,,,,,,,,,,,,,,,
Batter,Max Muncy,LAD,86,351,16,45,45,2,14.80%,25.00%,0.213,0.255,0.222,0.346,0.435,0.34,119,-1.2,6.8,-1.1,1.8,,,,,,,,,,,,,,,
Batter,Evan Carter,TEX,93,367,10,44,41,14,10.50%,21.70%,0.163,0.291,0.244,0.333,0.407,0.324,109,0.6,4.6,0.1,1.8,,,,,,,,,,,,,,,
Batter,Carlos Narváez,BOS,88,339,10,39,37,3,10.00%,26.00%,0.156,0.291,0.232,0.315,0.387,0.309,93,-0.6,-3.4,7.4,1.8,,,,,,,,,,,,,,,
Batter,Josh Smith,TEX,111,475,10,54,47,8,9.60%,18.90%,0.129,0.288,0.246,0.331,0.375,0.312,101,-0.2,0.3,0.4,1.7,,,,,,,,,,,,,,,
Batter,Hunter Goodman,COL,108,469,24,60,71,2,5.90%,25.40%,0.233,0.294,0.255,0.304,0.488,0.337,103,-0.6,1,-0.1,1.7,,,,,,,,,,,,,,,
Batter,Lawrence Butler,ATH,113,480,19,60,57,16,8.80%,25.40%,0.189,0.295,0.245,0.313,0.434,0.324,105,1.4,4,-3.7,1.7,,,,,,,,,,,,,,,
Batter,Randy Arozarena,SEA,147,631,21,77,74,21,9.90%,26.60%,0.17,0.293,0.233,0.329,0.403,0.322,113,-0.6,9.1,-14,1.7,,,,,,,,,,,,,,,
Batter,Lars Nootbaar,STL,102,445,14,55,47,6,12.40%,20.10%,0.162,0.289,0.249,0.345,0.41,0.331,115,0,7.8,-6,1.7,,,,,,,,,,,,,,,
Batter,Addison Barger,TOR,103,439,17,53,59,3,8.70%,23.80%,0.191,0.295,0.249,0.319,0.439,0.327,110,-0.5,4.8,-3.3,1.7,,,,,,,,,,,,,,,
Batter,Daulton Varsho,TOR,117,519,23,66,65,7,8.00%,25.70%,0.204,0.263,0.226,0.293,0.43,0.311,99,0,-0.3,-1.2,1.7,,,,,,,,,,,,,,,
Batter,Brayan Rocchio,CLE,103,393,8,43,39,10,8.50%,18.60%,0.135,0.281,0.242,0.315,0.377,0.305,96,-0.1,-2.1,4.7,1.7,,,,,,,,,,,,,,,
Batter,Ernie Clement,TOR,118,467,9,51,52,7,4.60%,10.00%,0.13,0.287,0.274,0.311,0.404,0.31,99,0.3,-0.5,0.5,1.6,,,,,,,,,,,,,,,
Batter,Josh Jung,TEX,105,431,16,47,53,4,5.50%,25.20%,0.172,0.309,0.254,0.3,0.426,0.313,102,-1.2,-0.3,1.4,1.6,,,,,,,,,,,,,,,
Batter,Konnor Griffin,PIT,89,360,9,41,39,15,6.70%,23.80%,0.135,0.324,0.259,0.319,0.394,0.312,98,0.5,-0.5,4.4,1.6,,,,,,,,,,,,,,,
Batter,Jake Meyers,HOU,103,398,9,45,42,11,8.00%,20.90%,0.133,0.304,0.253,0.32,0.386,0.311,99,0.6,0.2,2.1,1.6,,,,,,,,,,,,,,,
Batter,Salvador Perez,KCR,131,563,26,68,83,0,5.00%,20.10%,0.199,0.278,0.256,0.303,0.454,0.322,104,-3.3,-0.9,2.5,1.6,,,,,,,,,,,,,,,
Batter,Luis García Jr.,WSN,102,423,14,47,52,12,5.50%,15.40%,0.165,0.296,0.274,0.316,0.439,0.325,108,0,4,-2.4,1.6,,,,,,,,,,,,,,,
Batter,Brooks Lee,MIN,111,434,13,49,50,4,6.70%,16.70%,0.153,0.276,0.252,0.306,0.405,0.309,96,-0.8,-2.7,3.4,1.6,,,,,,,,,,,,,,,
Batter,Matt McLain,CIN,110,484,15,60,51,13,9.70%,27.50%,0.156,0.301,0.234,0.316,0.39,0.311,93,0.4,-3.3,2.7,1.6,,,,,,,,,,,,,,,
Batter,Luis Robert Jr.,NYM,115,489,18,58,60,26,7.30%,28.80%,0.17,0.295,0.232,0.295,0.402,0.301,95,0.7,-2.3,1.6,1.6,,,,,,,,,,,,,,,
Batter,Carson Kelly,CHC,81,319,11,36,37,1,9.20%,20.50%,0.159,0.268,0.236,0.314,0.396,0.311,100,-1.1,-1,7.6,1.6,,,,,,,,,,,,,,,
Batter,Sal Frelick,MIL,108,457,8,51,47,13,8.30%,14.40%,0.119,0.304,0.271,0.337,0.39,0.32,106,0.7,3.7,-3.6,1.6,,,,,,,,,,,,,,,
Batter,Daylen Lile,WSN,116,495,11,56,60,13,6.70%,17.40%,0.159,0.31,0.271,0.326,0.43,0.327,110,0.6,6.4,-7.7,1.6,,,,,,,,,,,,,,,
Batter,Mike Trout,LAA,93,418,19,56,51,3,13.20%,30.60%,0.211,0.299,0.232,0.341,0.443,0.337,116,-1,6.8,-6.2,1.5,,,,,,,,,,,,,,,
Batter,Jo Adell,LAA,113,460,26,56,66,7,7.00%,26.90%,0.234,0.271,0.237,0.3,0.471,0.33,110,-0.4,5.3,-6.2,1.5,,,,,,,,,,,,,,,
Batter,Colton Cowser,BAL,102,405,16,48,49,10,9.80%,30.90%,0.182,0.303,0.23,0.313,0.412,0.316,103,0.4,2,-1.1,1.5,,,,,,,,,,,,,,,
Batter,Matt Wallner,MIN,96,410,19,52,56,4,10.70%,30.90%,0.219,0.296,0.229,0.329,0.448,0.337,116,-0.7,7,-6.3,1.5,,,,,,,,,,,,,,,
Batter,Carter Jensen,KCR,77,308,10,35,36,3,10.10%,24.60%,0.174,0.305,0.248,0.327,0.421,0.326,106,-0.2,1.8,2.1,1.5,,,,,,,,,,,,,,,
Batter,Jonathan India,KCR,111,474,11,55,46,5,10.30%,19.00%,0.139,0.291,0.248,0.34,0.388,0.323,104,-0.1,2,-3.8,1.5,,,,,,,,,,,,,,,
Batter,Cole Young,SEA,90,341,6,38,33,5,10.30%,17.30%,0.126,0.28,0.243,0.329,0.368,0.31,104,-0.1,1.7,1,1.5,,,,,,,,,,,,,,,
Batter,Trevor Story,BOS,109,482,17,59,57,17,6.00%,26.70%,0.167,0.308,0.247,0.298,0.414,0.308,92,1.2,-3.1,0.8,1.5,,,,,,,,,,,,,,,
Batter,Jonathan Aranda,TBR,106,472,16,60,55,2,10.70%,26.50%,0.171,0.328,0.257,0.346,0.428,0.338,116,-2.1,6.9,-9,1.5,,,,,,,,,,,,,,,
Batter,Jake Burger,TEX,118,503,25,61,74,2,5.70%,24.80%,0.21,0.285,0.248,0.3,0.458,0.325,110,-0.7,5.1,-8.3,1.4,,,,,,,,,,,,,,,
Batter,Teoscar Hernández,LAD,133,548,26,69,80,6,6.60%,26.40%,0.206,0.305,0.255,0.31,0.461,0.33,112,-1.2,6.9,-11,1.4,,,,,,,,,,,,,,,
Batter,Bryan Reynolds,PIT,136,606,20,72,74,5,8.60%,24.40%,0.168,0.311,0.254,0.325,0.422,0.325,106,-0.6,3.9,-10,1.4,,,,,,,,,,,,,,,
Batter,J.T. Realmuto,PHI,98,392,12,43,45,5,6.50%,24.10%,0.155,0.3,0.246,0.304,0.4,0.306,93,-0.5,-3.5,9.6,1.4,,,,,,,,,,,,,,,
Batter,Willson Contreras,BOS,105,456,19,58,62,4,9.60%,25.40%,0.198,0.301,0.248,0.338,0.447,0.341,115,-1.2,7,-8.9,1.4,,,,,,,,,,,,,,,
Batter,Heliot Ramos,SFG,123,537,19,64,66,6,7.80%,24.10%,0.172,0.309,0.256,0.323,0.428,0.326,111,-0.8,6.2,-10.3,1.4,,,,,,,,,,,,,,,
Batter,Ha-Seong Kim,ATL,89,361,8,41,37,13,10.90%,18.40%,0.13,0.284,0.245,0.332,0.374,0.312,99,0.5,0,1.7,1.4,,,,,,,,,,,,,,,
Batter,Sal Stewart,CIN,97,416,15,51,57,6,8.50%,19.10%,0.182,0.305,0.271,0.337,0.452,0.342,115,-0.3,7.1,-7.4,1.4,,,,,,,,,,,,,,,
Batter,Christian Yelich,MIL,109,476,16,58,60,12,11.10%,23.90%,0.166,0.316,0.258,0.345,0.424,0.334,115,1.2,9.7,-12,1.4,,,,,,,,,,,,,,,
Batter,Chase DeLauter,CLE,115,471,14,50,51,3,9.40%,18.90%,0.156,0.287,0.251,0.325,0.407,0.321,107,-0.6,3.1,-5.9,1.4,,,,,,,,,,,,,,,
Batter,Kyle Teel,CHW,74,313,9,35,33,4,11.10%,25.10%,0.141,0.314,0.248,0.336,0.388,0.321,105,-0.4,1.5,0.4,1.3,,,,,,,,,,,,,,,
Batter,Nick Gonzales,PIT,91,368,7,39,40,3,6.50%,20.10%,0.137,0.316,0.263,0.318,0.401,0.313,98,-0.3,-1.1,1.8,1.3,,,,,,,,,,,,,,,
Batter,Kerry Carpenter,DET,93,422,20,57,54,3,6.60%,23.70%,0.219,0.29,0.254,0.311,0.473,0.335,115,-0.6,6.8,-8.4,1.3,,,,,,,,,,,,,,,
Batter,Justin Crawford,PHI,97,363,5,42,35,18,7.60%,20.80%,0.109,0.328,0.267,0.325,0.376,0.309,95,1.2,-0.8,1.5,1.3,,,,,,,,,,,,,,,
Batter,Spencer Horwitz,PIT,96,399,10,46,44,2,12.00%,18.30%,0.151,0.307,0.264,0.359,0.416,0.34,117,-1,6.9,-7.4,1.3,,,,,,,,,,,,,,,
Batter,Willi Castro,COL,116,509,12,61,52,13,7.90%,22.50%,0.146,0.308,0.251,0.326,0.397,0.317,89,0.4,-6,1.7,1.3,,,,,,,,,,,,,,,
Batter,Kyle Manzardo,CLE,96,415,20,51,58,2,10.30%,23.60%,0.216,0.267,0.236,0.322,0.453,0.334,116,-0.6,7.1,-8.8,1.3,,,,,,,,,,,,,,,
Batter,Pedro Pagés,STL,69,270,8,27,29,1,7.00%,25.30%,0.143,0.285,0.231,0.29,0.373,0.29,86,-0.7,-5.2,5.4,1.3,,,,,,,,,,,,,,,
Batter,Brenton Doyle,COL,119,484,16,55,56,17,6.50%,26.50%,0.163,0.306,0.245,0.297,0.408,0.305,81,1.1,-9.7,5.9,1.3,,,,,,,,,,,,,,,
Batter,Jac Caglianone,KCR,94,391,17,48,54,2,7.60%,21.10%,0.199,0.286,0.256,0.32,0.454,0.333,111,-0.4,4.5,-5.7,1.3,,,,,,,,,,,,,,,
Batter,Brandon Marsh,PHI,102,408,11,46,45,9,9.90%,28.30%,0.153,0.337,0.252,0.329,0.405,0.321,104,0.4,2.3,-3.6,1.3,,,,,,,,,,,,,,,
Batter,Agustín Ramírez,MIA,96,422,17,51,56,10,7.50%,19.10%,0.192,0.274,0.25,0.312,0.442,0.325,107,-0.2,3.2,-5.8,1.3,,,,,,,,,,,,,,,
Batter,Harrison Bader,SFG,101,398,11,43,43,11,6.30%,23.70%,0.141,0.304,0.248,0.305,0.389,0.303,96,0.1,-1.9,0.6,1.2,,,,,,,,,,,,,,,
Batter,Jacob Young,WSN,89,337,4,35,29,18,7.00%,18.50%,0.09,0.305,0.253,0.314,0.343,0.292,86,1.7,-4.1,4.8,1.2,,,,,,,,,,,,,,,
Batter,Ryan McMahon,NYY,101,408,14,45,45,3,11.30%,32.20%,0.162,0.286,0.211,0.304,0.373,0.298,91,-0.4,-4.8,2.7,1.2,,,,,,,,,,,,,,,
Batter,Ryan O'Hearn,PIT,106,447,13,52,55,3,9.00%,18.40%,0.157,0.307,0.269,0.34,0.426,0.333,112,-1.2,5,-8.1,1.2,,,,,,,,,,,,,,,
Batter,Eugenio Suárez,CIN,135,563,32,72,83,3,8.50%,29.50%,0.237,0.277,0.234,0.31,0.471,0.335,110,-2.1,4.6,-11.6,1.2,,,,,,,,,,,,,,,
Batter,Luis Torrens,NYM,51,202,6,22,22,1,6.70%,22.50%,0.147,0.285,0.239,0.296,0.387,0.298,93,-0.3,-1.9,5.9,1.2,,,,,,,,,,,,,,,
Batter,Samuel Basallo,BAL,89,364,16,43,47,2,8.30%,24.30%,0.197,0.279,0.241,0.309,0.438,0.322,108,-0.4,2.9,-2.8,1.2,,,,,,,,,,,,,,,
Batter,Jared Triolo,PIT,102,415,8,43,39,11,10.80%,23.20%,0.119,0.305,0.241,0.328,0.36,0.307,94,0.1,-3,0.9,1.2,,,,,,,,,,,,,,,
Batter,Kyle Stowers,MIA,92,389,16,47,50,3,9.50%,28.40%,0.199,0.303,0.241,0.32,0.44,0.328,109,-0.2,3.9,-5.3,1.2,,,,,,,,,,,,,,,
Batter,Spencer Torkelson,DET,135,570,23,67,72,2,11.00%,26.30%,0.197,0.275,0.228,0.32,0.425,0.323,106,-0.6,3.7,-12,1.2,,,,,,,,,,,,,,,
Batter,Sean Murphy,ATL,78,316,12,36,38,1,9.90%,27.10%,0.182,0.267,0.219,0.31,0.401,0.311,98,-0.5,-1.1,0.9,1.2,,,,,,,,,,,,,,,
Batter,Mark Vientos,NYM,103,432,20,53,60,1,7.50%,26.00%,0.208,0.294,0.248,0.31,0.456,0.33,115,-1.2,6.4,-9.5,1.2,,,,,,,,,,,,,,,
Batter,Parker Meadows,DET,104,412,10,45,42,10,9.50%,25.20%,0.149,0.287,0.228,0.304,0.377,0.299,90,0.6,-4.3,1.3,1.1,,,,,,,,,,,,,,,
Batter,Josh Bell,MIN,110,487,18,61,59,2,10.40%,19.00%,0.177,0.28,0.252,0.335,0.429,0.333,113,-1.8,5.6,-11.2,1.1,,,,,,,,,,,,,,,
Batter,Ke'Bryan Hayes,CIN,109,425,9,45,42,9,6.90%,20.20%,0.119,0.296,0.249,0.305,0.368,0.295,83,0.4,-8.4,5.3,1.1,,,,,,,,,,,,,,,
Batter,Connor Norby,MIA,114,442,13,49,49,8,7.40%,27.10%,0.155,0.308,0.241,0.303,0.397,0.305,93,-0.3,-3.8,0.1,1.1,,,,,,,,,,,,,,,
Batter,Victor Scott II,STL,111,420,7,45,37,26,8.00%,21.90%,0.101,0.281,0.227,0.298,0.328,0.28,79,2.6,-7.6,4.5,1.1,,,,,,,,,,,,,,,
Batter,Tommy Edman,LAD,80,324,9,37,38,6,6.50%,17.70%,0.151,0.279,0.25,0.305,0.401,0.308,97,0.3,-0.9,0.9,1.1,,,,,,,,,,,,,,,
Batter,Luis Rengifo,MIL,89,360,9,38,39,10,6.50%,18.60%,0.136,0.29,0.252,0.307,0.389,0.304,95,0.5,-1.9,0.7,1.1,,,,,,,,,,,,,,,
Batter,Danny Jansen,TEX,80,307,12,37,36,1,10.60%,22.90%,0.181,0.253,0.221,0.314,0.403,0.314,102,-0.8,0.1,4.6,1.1,,,,,,,,,,,,,,,
Batter,Jesús Sánchez,TOR,88,369,13,44,45,8,8.60%,23.80%,0.179,0.298,0.249,0.317,0.428,0.322,107,0,3.1,-5.1,1.1,,,,,,,,,,,,,,,
Batter,Ramón Laureano,SDP,103,420,16,48,52,7,7.10%,27.10%,0.183,0.302,0.243,0.307,0.426,0.317,107,-0.7,2.7,-6,1.1,,,,,,,,,,,,,,,
Batter,Christian Walker,HOU,124,511,23,60,68,3,8.50%,26.20%,0.2,0.27,0.23,0.305,0.43,0.317,104,-1.2,1,-7.9,1.1,,,,,,,,,,,,,,,
Batter,Jose Trevino,CIN,51,200,6,21,22,1,6.00%,15.40%,0.142,0.269,0.249,0.298,0.391,0.3,86,-0.4,-3.7,3.6,1.1,,,,,,,,,,,,,,,
Batter,Kyle Isbel,KCR,101,382,8,42,39,8,6.40%,19.70%,0.134,0.295,0.25,0.303,0.384,0.3,88,0.7,-4.7,2,1.1,,,,,,,,,,,,,,,
Batter,Jake Rogers,DET,51,198,6,21,21,1,8.10%,28.80%,0.16,0.269,0.211,0.281,0.371,0.285,81,-0.2,-4.7,4.5,1.1,,,,,,,,,,,,,,,
Batter,Brett Baty,NYM,88,357,14,41,44,4,8.50%,24.50%,0.173,0.297,0.248,0.315,0.421,0.32,108,-0.4,2.9,-4.4,1.1,,,,,,,,,,,,,,,
Batter,Cedric Mullins,TBR,97,412,12,46,45,17,9.00%,23.50%,0.155,0.272,0.227,0.301,0.382,0.3,90,0.5,-4.3,0.4,1,,,,,,,,,,,,,,,
Batter,Luisangel Acuña,CHW,93,355,5,38,34,19,6.10%,17.40%,0.106,0.301,0.259,0.307,0.364,0.295,88,1.6,-3.6,1.6,1,,,,,,,,,,,,,,,
Batter,Garrett Mitchell,MIL,78,304,9,34,34,9,9.60%,29.00%,0.159,0.318,0.239,0.317,0.398,0.313,101,0.3,0.6,-0.5,1,,,,,,,,,,,,,,,
Batter,Jordan Lawlar,ARI,96,364,8,43,38,13,8.80%,25.50%,0.145,0.313,0.242,0.317,0.387,0.308,96,1,-0.8,-1.1,1,,,,,,,,,,,,,,,
Batter,Nolan Gorman,STL,106,442,20,50,56,3,10.30%,32.20%,0.194,0.282,0.218,0.301,0.412,0.309,100,-1.5,-1.7,-2.9,1,,,,,,,,,,,,,,,
Batter,Marcelo Mayer,BOS,89,355,10,38,41,4,7.30%,22.80%,0.164,0.303,0.251,0.31,0.415,0.314,96,-0.1,-1.5,-0.7,1,,,,,,,,,,,,,,,
Batter,Isaac Collins,KCR,89,352,7,41,36,11,12.30%,21.40%,0.142,0.301,0.245,0.346,0.387,0.325,105,0.3,2.4,-4.8,1,,,,,,,,,,,,,,,
Batter,Dylan Beavers,BAL,69,282,8,34,31,7,12.10%,23.10%,0.156,0.297,0.243,0.339,0.399,0.325,110,0,3.4,-3.3,1,,,,,,,,,,,,,,,
Batter,Nick Fortes,TBR,71,282,7,28,30,2,5.90%,18.20%,0.136,0.263,0.234,0.29,0.37,0.289,83,-0.2,-5.9,3,1,,,,,,,,,,,,,,,
Batter,Tyler O'Neill,BAL,90,380,17,47,50,4,10.30%,28.70%,0.198,0.289,0.233,0.318,0.431,0.324,109,-0.2,3.8,-7.2,1,,,,,,,,,,,,,,,
Batter,Gavin Lux,TBR,80,334,5,34,31,2,10.30%,22.10%,0.114,0.315,0.25,0.33,0.364,0.308,96,-0.4,-1.9,0,1,,,,,,,,,,,,,,,
Batter,Victor Caratini,MIN,77,318,9,35,37,1,7.70%,18.00%,0.145,0.289,0.257,0.325,0.402,0.319,103,-1.2,0.1,-1.5,1,,,,,,,,,,,,,,,
Batter,Nasim Nuñez,WSN,77,343,5,40,28,25,10.10%,22.80%,0.096,0.294,0.233,0.314,0.329,0.289,83,1.5,-5.2,3.2,1,,,,,,,,,,,,,,,
Batter,Dylan Crews,WSN,88,360,12,41,41,16,7.20%,21.40%,0.166,0.282,0.243,0.307,0.409,0.311,99,0.8,0.4,-3.1,0.9,,,,,,,,,,,,,,,
Batter,Davis Schneider,TOR,74,307,11,37,34,4,12.80%,28.50%,0.176,0.278,0.217,0.325,0.394,0.317,104,-0.4,1,-2.5,0.9,,,,,,,,,,,,,,,
Batter,Joc Pederson,TEX,81,332,15,41,43,3,11.20%,23.10%,0.202,0.274,0.24,0.338,0.442,0.339,120,-0.7,7,-9.3,0.9,,,,,,,,,,,,,,,
Batter,Marcell Ozuna,PIT,105,451,19,55,60,1,12.20%,24.20%,0.192,0.288,0.244,0.339,0.436,0.337,115,-1.6,6.3,-12.2,0.9,,,,,,,,,,,,,,,
Batter,Yoán Moncada,LAA,85,357,10,38,40,1,8.80%,27.80%,0.157,0.312,0.24,0.314,0.397,0.31,97,-0.8,-2,-1.4,0.9,,,,,,,,,,,,,,,
Batter,Tyler Stephenson,CIN,97,399,13,42,44,1,9.60%,27.80%,0.157,0.301,0.234,0.313,0.39,0.308,92,-0.8,-4.7,3.3,0.9,,,,,,,,,,,,,,,
Batter,Adolis García,PHI,120,500,22,59,67,10,7.00%,26.10%,0.196,0.28,0.237,0.296,0.433,0.314,99,0.1,-0.4,-7.5,0.9,,,,,,,,,,,,,,,
Batter,José Caballero,NYY,75,302,5,33,28,29,10.00%,25.70%,0.114,0.293,0.224,0.314,0.338,0.292,87,1.9,-2.7,1,0.9,,,,,,,,,,,,,,,
Batter,Chandler Simpson,TBR,88,353,2,38,30,32,6.00%,11.40%,0.073,0.316,0.283,0.327,0.356,0.301,91,2.8,-0.8,-2.8,0.9,,,,,,,,,,,,,,,
Batter,Cam Smith,HOU,100,407,10,44,43,6,8.60%,25.80%,0.147,0.31,0.243,0.316,0.389,0.309,98,0.1,-0.9,-4.7,0.9,,,,,,,,,,,,,,,
Batter,Brady House,WSN,108,430,13,42,48,5,4.60%,26.60%,0.145,0.308,0.244,0.283,0.39,0.291,85,-0.2,-7.9,1.9,0.9,,,,,,,,,,,,,,,
Batter,Austin Martin,MIN,70,291,3,33,25,10,11.20%,17.60%,0.099,0.309,0.257,0.348,0.356,0.315,101,0.4,0.7,-2.4,0.9,,,,,,,,,,,,,,,
Batter,Gabriel Arias,CLE,90,360,10,35,38,7,6.30%,31.00%,0.146,0.311,0.228,0.284,0.374,0.286,83,0.3,-7,2.9,0.8,,,,,,,,,,,,,,,
Batter,Henry Davis,PIT,59,232,7,24,25,3,8.50%,26.20%,0.146,0.279,0.222,0.299,0.369,0.294,85,-0.3,-4.4,5.3,0.8,,,,,,,,,,,,,,,
Batter,Mike Yastrzemski,ATL,89,379,14,46,44,4,10.80%,23.70%,0.18,0.272,0.23,0.319,0.41,0.317,102,-0.3,0.8,-5.1,0.8,,,,,,,,,,,,,,,
Batter,Miguel Amaya,CHC,68,261,8,29,29,2,7.20%,20.40%,0.151,0.278,0.24,0.306,0.391,0.305,96,-0.6,-1.8,2.7,0.8,,,,,,,,,,,,,,,
Batter,Nathan Lukes,TOR,61,253,5,30,26,3,8.30%,15.80%,0.134,0.309,0.273,0.336,0.406,0.324,108,-0.3,2.2,-2.7,0.8,,,,,,,,,,,,,,,
Batter,Joey Bart,PIT,62,242,6,26,25,2,9.60%,27.70%,0.135,0.316,0.239,0.323,0.374,0.309,95,-0.6,-2,3.2,0.8,,,,,,,,,,,,,,,
Batter,Kyle Higashioka,TEX,48,188,8,21,23,2,5.90%,24.50%,0.18,0.264,0.228,0.277,0.408,0.295,89,-0.6,-3,2,0.8,,,,,,,,,,,,,,,
Batter,Alek Thomas,ARI,86,334,8,36,38,6,5.60%,23.50%,0.145,0.301,0.246,0.293,0.392,0.298,88,1,-3.6,0.6,0.8,,,,,,,,,,,,,,,
Batter,Trevor Larnach,MIN,90,382,13,44,44,4,10.20%,23.90%,0.168,0.3,0.248,0.329,0.416,0.325,107,-0.7,2.7,-7.7,0.8,,,,,,,,,,,,,,,
Batter,Logan O'Hoppe,LAA,96,381,16,42,47,2,6.90%,28.20%,0.179,0.281,0.23,0.289,0.409,0.302,92,-1.3,-5.1,5.4,0.8,,,,,,,,,,,,,,,
Batter,Brooks Baldwin,CHW,67,264,9,29,31,5,6.80%,23.00%,0.164,0.299,0.252,0.307,0.416,0.313,100,0.2,0.2,-1.4,0.8,,,,,,,,,,,,,,,
Batter,J.C. Escarra,NYY,36,143,3,15,15,1,9.20%,19.30%,0.136,0.273,0.236,0.313,0.372,0.302,94,-0.2,-1.2,1.2,0.8,,,,,,,,,,,,,,,
Batter,Ramón Urías,STL,67,269,7,29,29,2,7.00%,21.60%,0.14,0.301,0.252,0.311,0.393,0.308,99,-0.5,-1,-0.2,0.8,,,,,,,,,,,,,,,
Batter,Jordan Walker,STL,109,442,13,47,49,8,7.70%,26.00%,0.156,0.309,0.245,0.309,0.401,0.31,100,0,-0.1,-6.9,0.8,,,,,,,,,,,,,,,
Batter,Max Muncy,ATH,75,300,9,32,34,3,6.20%,26.70%,0.153,0.304,0.239,0.296,0.392,0.3,88,-0.2,-4.3,1.6,0.8,,,,,,,,,,,,,,,
Batter,Lourdes Gurriel Jr.,ARI,91,386,12,45,50,6,5.80%,16.40%,0.166,0.293,0.268,0.316,0.434,0.324,107,-0.4,2.6,-7.9,0.8,,,,,,,,,,,,,,,
Batter,JJ Bleday,CIN,62,263,11,32,33,2,11.40%,22.40%,0.198,0.264,0.232,0.322,0.43,0.326,104,-0.5,0.9,-2.1,0.8,,,,,,,,,,,,,,,
Batter,Amed Rosario,NYY,54,228,4,24,24,4,4.30%,18.50%,0.12,0.314,0.268,0.305,0.388,0.302,93,0.7,-1.1,0.8,0.8,,,,,,,,,,,,,,,
Batter,Christopher Morel,MIA,78,319,13,36,40,6,9.60%,29.10%,0.193,0.286,0.227,0.308,0.42,0.316,100,0.3,0.5,-3.7,0.8,,,,,,,,,,,,,,,
Batter,Dalton Rushing,LAD,43,172,6,21,20,1,10.20%,28.00%,0.168,0.285,0.225,0.314,0.393,0.311,99,-0.2,-0.5,3.2,0.8,,,,,,,,,,,,,,,
Batter,Hunter Feduccia,TBR,55,218,4,21,19,1,11.50%,27.10%,0.115,0.285,0.213,0.307,0.328,0.285,80,-0.4,-5.5,4.3,0.7,,,,,,,,,,,,,,,
Batter,Josh Lowe,LAA,104,424,13,47,48,17,8.00%,26.90%,0.164,0.311,0.244,0.307,0.408,0.31,97,1.1,-0.5,-7.1,0.7,,,,,,,,,,,,,,,
Batter,Noelvi Marte,CIN,95,376,13,44,46,10,6.50%,22.00%,0.17,0.297,0.254,0.308,0.424,0.316,97,0.3,-0.9,-4.7,0.7,,,,,,,,,,,,,,,
Batter,Luis Campusano,SDP,53,208,7,24,24,1,9.40%,20.10%,0.16,0.281,0.246,0.322,0.406,0.318,107,-0.2,1.6,1.5,0.7,,,,,,,,,,,,,,,
Batter,Lane Thomas,KCR,95,414,13,50,46,15,8.10%,25.50%,0.163,0.294,0.237,0.307,0.4,0.308,94,0.4,-2.5,-4.9,0.7,,,,,,,,,,,,,,,
Batter,Romy Gonzalez,BOS,46,194,6,23,24,5,5.50%,24.60%,0.168,0.336,0.271,0.316,0.439,0.325,104,-0.1,0.8,-0.7,0.7,,,,,,,,,,,,,,,
Batter,Edouard Julien,COL,74,288,8,34,29,4,13.00%,28.70%,0.149,0.328,0.241,0.345,0.39,0.325,95,-0.4,-2.2,-0.7,0.7,,,,,,,,,,,,,,,
Batter,Spencer Steer,CIN,92,388,13,45,46,7,10.00%,21.30%,0.174,0.274,0.237,0.321,0.411,0.32,100,-0.3,-0.2,-6,0.7,,,,,,,,,,,,,,,
Batter,Colt Emerson,SEA,53,214,4,22,20,3,9.20%,22.10%,0.117,0.289,0.234,0.313,0.351,0.294,94,-0.2,-1.8,1,0.7,,,,,,,,,,,,,,,
Batter,Graham Pauley,MIA,66,259,8,29,28,3,8.80%,19.90%,0.157,0.273,0.238,0.311,0.395,0.309,96,-0.3,-1.6,-0.5,0.7,,,,,,,,,,,,,,,
Batter,Thomas Saggese,STL,59,242,5,24,25,3,6.10%,24.50%,0.129,0.315,0.25,0.302,0.379,0.298,92,-0.1,-2.5,1,0.7,,,,,,,,,,,,,,,
Batter,Zach McKinstry,DET,79,320,6,34,31,10,8.80%,21.70%,0.138,0.286,0.234,0.308,0.372,0.299,90,0.9,-2.8,-1.7,0.7,,,,,,,,,,,,,,,
Batter,Sung-Mun Song,SDP,66,269,6,28,27,6,7.20%,16.00%,0.12,0.277,0.247,0.304,0.367,0.293,90,0,-3.2,0.7,0.7,,,,,,,,,,,,,,,
Batter,Jorge Soler,LAA,102,440,19,52,57,1,10.30%,27.10%,0.199,0.274,0.228,0.314,0.427,0.322,105,-1.6,1.2,-9.8,0.7,,,,,,,,,,,,,,,
Batter,Giancarlo Stanton,NYY,82,347,21,45,53,1,9.30%,30.60%,0.242,0.271,0.23,0.304,0.471,0.33,113,-1.3,4,-9.6,0.7,,,,,,,,,,,,,,,
Batter,Carson Williams,TBR,94,357,12,38,38,11,8.30%,35.20%,0.162,0.276,0.198,0.27,0.36,0.276,74,0.3,-10.6,4.7,0.7,,,,,,,,,,,,,,,
Batter,Andrew Vaughn,MIL,118,495,18,55,61,1,7.30%,20.40%,0.173,0.281,0.248,0.309,0.422,0.317,104,-1.7,0.5,-10.6,0.6,,,,,,,,,,,,,,,
Batter,Christian Moore,LAA,63,250,7,26,26,4,9.00%,29.90%,0.147,0.309,0.23,0.304,0.377,0.298,89,-0.1,-3.3,1,0.6,,,,,,,,,,,,,,,
Batter,Reese McGuire,CHW,36,141,4,14,15,1,6.20%,23.00%,0.134,0.279,0.233,0.285,0.367,0.285,81,-0.3,-3.5,3.2,0.6,,,,,,,,,,,,,,,
Batter,Owen Caissie,MIA,81,313,10,35,36,3,9.80%,30.20%,0.172,0.32,0.239,0.318,0.411,0.317,102,-0.3,0.3,-4.5,0.6,,,,,,,,,,,,,,,
Batter,Keibert Ruiz,WSN,77,324,9,34,38,2,5.00%,11.60%,0.145,0.263,0.255,0.298,0.4,0.303,93,-0.9,-3.6,5.1,0.6,,,,,,,,,,,,,,,
Batter,Drew Millas,WSN,38,150,3,15,14,3,8.10%,16.90%,0.12,0.281,0.245,0.31,0.365,0.296,88,0.1,-2,2.8,0.6,,,,,,,,,,,,,,,
Batter,Harry Ford,WSN,46,189,4,21,18,3,11.70%,23.00%,0.13,0.284,0.229,0.33,0.359,0.308,97,-0.1,-0.8,0.7,0.6,,,,,,,,,,,,,,,
Batter,Liam Hicks,MIA,64,269,4,28,26,1,11.20%,16.20%,0.109,0.285,0.247,0.344,0.356,0.314,100,-0.6,-0.7,-2.4,0.6,,,,,,,,,,,,,,,
Batter,Denzel Clarke,ATH,93,350,7,39,34,11,7.60%,32.60%,0.136,0.326,0.226,0.295,0.362,0.289,81,0.8,-7,1.1,0.6,,,,,,,,,,,,,,,
Batter,Matt Shaw,CHC,58,222,7,27,26,8,9.40%,19.40%,0.164,0.277,0.244,0.321,0.408,0.319,106,0.5,1.9,-3.3,0.6,,,,,,,,,,,,,,,
Batter,Javier Sanoja,MIA,55,215,4,23,22,5,6.20%,11.00%,0.131,0.281,0.263,0.313,0.394,0.308,95,0.1,-1.1,-0.1,0.6,,,,,,,,,,,,,,,
Batter,Dominic Canzone,SEA,83,329,13,37,42,3,7.70%,23.20%,0.18,0.287,0.247,0.308,0.427,0.317,109,-0.6,3,-8.4,0.6,,,,,,,,,,,,,,,
Batter,José Fermín,STL,42,169,3,19,16,6,11.50%,13.00%,0.124,0.27,0.247,0.345,0.372,0.32,107,0.1,1.4,-1.2,0.6,,,,,,,,,,,,,,,
Batter,Victor Robles,SEA,62,263,4,30,23,13,6.70%,21.80%,0.112,0.304,0.245,0.309,0.357,0.295,94,0.8,-1,-2.4,0.6,,,,,,,,,,,,,,,
Batter,George Valera,CLE,73,308,12,36,36,2,10.30%,27.70%,0.178,0.283,0.227,0.31,0.405,0.312,101,-0.4,-0.1,-4.8,0.6,,,,,,,,,,,,,,,
Batter,Jake Fraley,TBR,80,333,9,37,37,10,9.20%,20.70%,0.142,0.293,0.248,0.323,0.391,0.313,99,-0.1,-0.3,-5.5,0.6,,,,,,,,,,,,,,,
Batter,Austin Hedges,CLE,29,110,3,10,10,2,7.60%,27.10%,0.119,0.247,0.195,0.264,0.314,0.257,63,-0.1,-4.9,2.6,0.6,,,,,,,,,,,,,,,
Batter,Jake McCarthy,COL,72,319,6,40,30,12,7.00%,16.70%,0.137,0.311,0.271,0.332,0.408,0.323,93,1.2,-1.4,-3.5,0.6,,,,,,,,,,,,,,,
Batter,Joe Mack,MIA,49,197,6,20,21,2,7.40%,27.60%,0.148,0.275,0.217,0.282,0.366,0.284,79,-0.1,-5.1,4.1,0.6,,,,,,,,,,,,,,,
Batter,Wenceel Pérez,DET,67,284,7,31,30,6,8.20%,22.20%,0.153,0.288,0.24,0.306,0.393,0.305,95,0.4,-1.3,-3,0.6,,,,,,,,,,,,,,,
Batter,Yohel Pozo,STL,42,166,5,18,20,1,3.50%,12.90%,0.156,0.28,0.267,0.295,0.423,0.309,99,-0.3,-0.5,0,0.6,,,,,,,,,,,,,,,
Batter,Andrew Benintendi,CHW,106,444,14,48,50,3,8.70%,17.60%,0.155,0.282,0.254,0.322,0.409,0.318,103,-0.9,0.8,-10.7,0.5,,,,,,,,,,,,,,,
Batter,CJ Kayfus,CLE,64,258,8,28,29,3,9.10%,27.10%,0.169,0.305,0.238,0.315,0.407,0.315,103,-0.1,0.8,-4.3,0.5,,,,,,,,,,,,,,,
Batter,David Hamilton,MIL,47,188,5,21,19,16,8.70%,25.40%,0.141,0.27,0.217,0.29,0.359,0.286,82,1.5,-2.5,1.4,0.5,,,,,,,,,,,,,,,
Batter,Carson Benge,NYM,80,308,7,33,32,5,9.40%,22.30%,0.135,0.287,0.235,0.314,0.371,0.301,95,-0.2,-1.8,-3.3,0.5,,,,,,,,,,,,,,,
Batter,Rafael Marchán,PHI,37,146,3,16,15,1,8.70%,17.80%,0.126,0.269,0.235,0.309,0.36,0.296,87,-0.3,-2.5,3.3,0.5,,,,,,,,,,,,,,,
Batter,Edgar Quero,CHW,94,372,9,40,39,1,9.10%,18.10%,0.13,0.299,0.259,0.333,0.389,0.318,104,-1.1,0.5,-3.1,0.5,,,,,,,,,,,,,,,
Batter,Javier Báez,DET,77,293,8,30,31,5,3.90%,23.30%,0.138,0.287,0.238,0.276,0.376,0.282,79,0.4,-6.9,2,0.5,,,,,,,,,,,,,,,
Batter,Gavin Sheets,SDP,95,396,13,43,46,2,8.20%,20.60%,0.161,0.28,0.244,0.31,0.405,0.311,102,-1.1,0,-8.1,0.5,,,,,,,,,,,,,,,
Batter,Leo Rivas,SEA,39,151,2,16,12,5,14.40%,25.70%,0.091,0.289,0.214,0.334,0.305,0.294,94,0.1,-1,0.8,0.5,,,,,,,,,,,,,,,
Batter,Darell Hernaiz,ATH,36,144,2,15,14,3,7.90%,14.40%,0.109,0.298,0.264,0.326,0.374,0.308,94,-0.1,-1.1,1.2,0.5,,,,,,,,,,,,,,,
Batter,Luke Raley,SEA,73,299,11,33,34,4,7.30%,30.40%,0.169,0.293,0.224,0.304,0.393,0.306,102,-0.4,0.3,-5.5,0.5,,,,,,,,,,,,,,,
Batter,Nathan Church,STL,48,193,4,19,20,4,6.60%,14.70%,0.118,0.289,0.259,0.315,0.377,0.304,96,0,-1,-0.4,0.5,,,,,,,,,,,,,,,
Batter,Blaze Alexander,BAL,55,212,5,23,21,4,8.50%,30.30%,0.135,0.313,0.227,0.306,0.362,0.296,90,0.1,-2.5,0.2,0.5,,,,,,,,,,,,,,,
Batter,Casey Schmitt,SFG,52,213,6,22,24,1,6.80%,23.00%,0.151,0.287,0.24,0.299,0.391,0.3,94,-0.3,-1.9,-0.3,0.5,,,,,,,,,,,,,,,
Batter,Cody Freeman,TEX,40,164,4,18,18,2,6.00%,14.90%,0.143,0.272,0.252,0.3,0.395,0.302,94,-0.1,-1.3,0.6,0.5,,,,,,,,,,,,,,,
Batter,Mauricio Dubón,ATL,89,343,6,36,35,3,5.10%,12.70%,0.112,0.287,0.263,0.303,0.375,0.296,88,-0.3,-5.1,-1.4,0.5,,,,,,,,,,,,,,,
Batter,Michael Massey,KCR,53,220,6,24,26,2,4.90%,17.80%,0.151,0.285,0.255,0.296,0.405,0.303,90,-0.2,-2.6,-0.1,0.5,,,,,,,,,,,,,,,
Batter,Kyle Karros,COL,49,195,4,21,20,2,8.70%,22.60%,0.131,0.33,0.263,0.334,0.394,0.319,91,-0.3,-2.4,0.8,0.5,,,,,,,,,,,,,,,
Batter,Edmundo Sosa,PHI,55,222,6,24,25,2,4.20%,22.70%,0.152,0.299,0.25,0.292,0.402,0.3,90,0.2,-2.5,-0.1,0.5,,,,,,,,,,,,,,,
Batter,Miguel Andujar,SDP,67,269,7,30,32,1,5.80%,15.50%,0.144,0.304,0.276,0.321,0.42,0.321,109,-0.5,2.3,-6.5,0.5,,,,,,,,,,,,,,,
Batter,Paul Goldschmidt,NYY,82,356,11,42,41,4,8.50%,22.60%,0.155,0.307,0.255,0.322,0.409,0.317,104,-0.9,0.7,-8.2,0.5,,,,,,,,,,,,,,,
Batter,Coby Mayo,BAL,43,170,6,19,21,1,9.20%,27.10%,0.187,0.286,0.232,0.309,0.419,0.316,104,-0.1,0.7,-1.8,0.5,,,,,,,,,,,,,,,
Batter,Tyler Freeman,COL,60,259,4,32,24,10,7.80%,13.20%,0.119,0.308,0.277,0.351,0.397,0.33,98,0.4,-0.2,-3.8,0.5,,,,,,,,,,,,,,,
Batter,Jeremiah Jackson,BAL,44,188,6,22,22,3,4.90%,22.60%,0.16,0.29,0.246,0.287,0.406,0.299,92,-0.1,-1.8,0,0.5,,,,,,,,,,,,,,,
Batter,Ryan Ritter,COL,54,207,5,23,22,3,7.40%,25.50%,0.147,0.316,0.247,0.313,0.394,0.309,84,0,-4,1.6,0.5,,,,,,,,,,,,,,,
Batter,Ezequiel Duran,TEX,55,222,5,24,23,6,5.00%,23.70%,0.136,0.306,0.248,0.292,0.383,0.294,88,-0.1,-3.1,0.1,0.5,,,,,,,,,,,,,,,
Batter,Moisés Ballesteros,CHC,71,283,7,30,32,2,8.20%,17.30%,0.142,0.303,0.266,0.33,0.408,0.322,108,-0.5,2.1,-7,0.5,,,,,,,,,,,,,,,
Batter,Matt Vierling,DET,69,301,7,33,30,3,8.00%,23.50%,0.13,0.302,0.242,0.309,0.373,0.3,91,0,-3.3,-2.5,0.5,,,,,,,,,,,,,,,
Batter,Pavin Smith,ARI,87,361,10,40,39,3,12.50%,25.60%,0.154,0.302,0.237,0.335,0.391,0.32,104,-1,0.6,-8.2,0.4,,,,,,,,,,,,,,,
Batter,Alan Roden,MIN,45,180,4,20,19,3,9.00%,18.80%,0.137,0.299,0.255,0.335,0.392,0.32,104,-0.1,0.8,-2.6,0.4,,,,,,,,,,,,,,,
Batter,Jesse Winker,,50,210,6,25,23,3,13.40%,22.10%,0.154,0.297,0.244,0.355,0.398,0.333,113,-0.9,2.4,-5.2,0.4,,,,,,,,,,,,,,,
Batter,Angel Martínez,CLE,55,240,6,27,24,4,6.30%,20.70%,0.139,0.281,0.239,0.293,0.377,0.293,88,0.2,-3.3,-0.6,0.4,,,,,,,,,,,,,,,
Batter,Tyler Heineman,TOR,25,99,2,10,9,1,8.70%,22.00%,0.105,0.279,0.225,0.305,0.331,0.285,81,-0.2,-2.4,2.1,0.4,,,,,,,,,,,,,,,
Batter,Rob Refsnyder,SEA,46,198,6,23,22,2,10.30%,27.20%,0.161,0.308,0.24,0.326,0.4,0.318,110,-0.3,2,-4.5,0.4,,,,,,,,,,,,,,,
Batter,Juan Brito,CLE,33,135,3,15,13,2,10.60%,20.00%,0.136,0.271,0.23,0.318,0.366,0.302,94,-0.1,-1,0.6,0.4,,,,,,,,,,,,,,,
Batter,Christian Vázquez,HOU,31,120,3,12,12,1,6.20%,20.80%,0.114,0.268,0.226,0.28,0.34,0.273,73,-0.4,-4.2,2.6,0.4,,,,,,,,,,,,,,,
Batter,Endy Rodríguez,PIT,27,109,3,12,12,1,8.60%,20.80%,0.145,0.292,0.245,0.314,0.39,0.309,95,-0.1,-0.7,0.9,0.4,,,,,,,,,,,,,,,
Batter,Alex Call,LAD,36,152,4,18,16,2,11.80%,19.70%,0.141,0.277,0.237,0.336,0.378,0.317,103,-0.2,0.4,-1.4,0.4,,,,,,,,,,,,,,,
Batter,James McCann,ARI,46,181,5,19,20,1,5.50%,25.40%,0.146,0.301,0.242,0.291,0.388,0.295,87,-0.5,-3.3,2.9,0.4,,,,,,,,,,,,,,,
Batter,Leo Jiménez,TOR,30,120,3,13,12,1,8.30%,21.80%,0.124,0.286,0.235,0.318,0.359,0.302,93,-0.2,-1.2,1.1,0.4,,,,,,,,,,,,,,,
Batter,Miguel Rojas,LAD,32,127,3,14,14,2,6.30%,13.80%,0.119,0.282,0.257,0.31,0.376,0.3,92,-0.1,-1.3,1.1,0.4,,,,,,,,,,,,,,,
Batter,Sam Haggerty,TEX,47,203,3,24,19,9,8.30%,21.90%,0.122,0.311,0.251,0.319,0.373,0.304,96,0.6,-0.4,-2.6,0.4,,,,,,,,,,,,,,,
Batter,Vaughn Grissom,LAA,32,130,3,13,13,2,7.90%,20.20%,0.12,0.297,0.248,0.315,0.368,0.302,91,0,-1.3,0.8,0.4,,,,,,,,,,,,,,,
Batter,Jake Mangum,PIT,61,252,3,25,24,10,4.90%,17.30%,0.098,0.329,0.278,0.318,0.377,0.304,92,0.3,-2,-2.5,0.4,,,,,,,,,,,,,,,
Batter,Ben Williamson,TBR,54,210,2,21,19,4,7.10%,20.80%,0.098,0.322,0.259,0.317,0.357,0.298,89,-0.1,-2.9,-0.5,0.4,,,,,,,,,,,,,,,
Batter,Travis Bazzana,CLE,45,181,4,18,16,3,11.00%,28.10%,0.123,0.29,0.215,0.308,0.338,0.29,85,-0.1,-3.2,0.7,0.4,,,,,,,,,,,,,,,
Batter,Jordan Beck,COL,105,439,13,50,49,14,8.00%,27.60%,0.166,0.323,0.249,0.313,0.415,0.316,89,0.5,-5.5,-5.4,0.4,,,,,,,,,,,,,,,
Batter,Lenyn Sosa,CHW,85,346,13,36,42,2,4.20%,22.20%,0.163,0.293,0.253,0.288,0.416,0.303,93,-0.4,-3.1,-5,0.4,,,,,,,,,,,,,,,
Batter,Richie Palacios,TBR,52,216,4,22,19,6,11.10%,20.10%,0.118,0.283,0.235,0.327,0.353,0.303,93,0.2,-1.7,-2,0.4,,,,,,,,,,,,,,,
Batter,Connor Wong,BOS,57,230,5,24,24,4,6.90%,24.80%,0.132,0.305,0.241,0.301,0.373,0.295,84,-0.3,-4.7,3.4,0.4,,,,,,,,,,,,,,,
Batter,José Tena,WSN,49,199,4,20,19,6,7.10%,24.80%,0.122,0.317,0.247,0.304,0.369,0.296,88,0,-2.8,-0.2,0.4,,,,,,,,,,,,,,,
Batter,Alex Freeland,LAD,36,135,3,16,14,3,11.30%,26.10%,0.14,0.284,0.222,0.316,0.362,0.301,93,0.1,-1.1,0.2,0.4,,,,,,,,,,,,,,,
Batter,Gary Sánchez,MIL,37,153,7,17,19,0,8.20%,27.50%,0.191,0.26,0.218,0.295,0.409,0.307,96,-0.4,-1.1,0.8,0.4,,,,,,,,,,,,,,,
Batter,Mickey Moniak,COL,93,394,17,48,55,7,5.00%,24.80%,0.206,0.306,0.258,0.3,0.464,0.326,95,-0.3,-2.6,-7,0.4,,,,,,,,,,,,,,,
Batter,Leody Taveras,BAL,30,119,3,14,13,5,7.30%,20.90%,0.142,0.289,0.245,0.302,0.387,0.3,93,0.3,-0.7,0.1,0.4,,,,,,,,,,,,,,,
Batter,Austin Hays,CHW,88,368,11,39,43,4,6.70%,25.10%,0.163,0.297,0.241,0.298,0.404,0.304,94,-0.3,-3.1,-6.1,0.4,,,,,,,,,,,,,,,
Batter,Rhys Hoskins,CLE,77,323,13,37,39,2,10.70%,27.50%,0.186,0.276,0.224,0.316,0.411,0.317,104,-1.1,0.4,-8.1,0.4,,,,,,,,,,,,,,,
Batter,Jonny DeLuca,TBR,66,271,8,29,29,8,7.30%,21.60%,0.156,0.268,0.229,0.293,0.385,0.295,87,0.4,-3.8,-2.1,0.4,,,,,,,,,,,,,,,
Batter,Austin Wynns,ATH,27,107,3,11,11,1,6.80%,28.10%,0.14,0.3,0.231,0.29,0.371,0.289,81,-0.2,-2.6,2.8,0.4,,,,,,,,,,,,,,,
Batter,Triston Casas,BOS,35,145,6,18,19,1,12.40%,25.50%,0.202,0.29,0.241,0.34,0.443,0.337,113,-0.4,1.8,-3.3,0.4,,,,,,,,,,,,,,,
Batter,Mitch Garver,SEA,27,110,4,12,12,1,10.80%,28.60%,0.168,0.26,0.207,0.301,0.375,0.298,96,-0.4,-0.9,1.6,0.3,,,,,,,,,,,,,,,
Batter,James Outman,MIN,45,178,6,20,19,3,10.10%,33.90%,0.168,0.3,0.213,0.302,0.38,0.299,90,0.1,-2,-0.8,0.3,,,,,,,,,,,,,,,
Batter,Zack Gelof,ATH,41,164,6,18,18,5,8.40%,32.20%,0.165,0.3,0.222,0.291,0.387,0.296,86,0.3,-2.4,0.1,0.3,,,,,,,,,,,,,,,
Batter,Jimmy Crooks,STL,29,118,3,12,12,0,6.90%,26.20%,0.131,0.302,0.236,0.294,0.366,0.289,86,-0.2,-2.1,1.9,0.3,,,,,,,,,,,,,,,
Batter,Kody Clemens,MIN,51,209,8,24,26,2,7.10%,24.10%,0.191,0.269,0.232,0.293,0.423,0.309,96,0,-0.9,-3,0.3,,,,,,,,,,,,,,,
Batter,Blake Perkins,MIL,40,161,3,17,15,5,10.50%,26.90%,0.121,0.297,0.224,0.309,0.346,0.292,86,0.3,-2.4,0.3,0.3,,,,,,,,,,,,,,,
Batter,Oswald Peraza,LAA,56,223,6,24,23,7,7.50%,26.10%,0.139,0.28,0.224,0.291,0.363,0.288,82,0.3,-4.5,0,0.3,,,,,,,,,,,,,,,
Batter,Jasson Domínguez,NYY,26,105,3,13,12,5,9.70%,25.00%,0.158,0.312,0.251,0.327,0.408,0.321,107,0.2,1.1,-1.5,0.3,,,,,,,,,,,,,,,
Batter,Will Benson,CIN,71,282,10,32,33,7,10.80%,31.10%,0.183,0.294,0.221,0.309,0.404,0.311,94,-0.4,-2.4,-3.9,0.3,,,,,,,,,,,,,,,
Batter,Nick Loftin,KCR,31,124,3,14,13,2,10.10%,15.90%,0.131,0.278,0.248,0.331,0.379,0.314,98,-0.1,-0.4,-0.7,0.3,,,,,,,,,,,,,,,
Batter,Travis d'Arnaud,LAA,43,173,6,17,19,1,6.30%,28.50%,0.156,0.274,0.216,0.274,0.372,0.282,78,-0.5,-5,2.6,0.3,,,,,,,,,,,,,,,
Batter,Esteury Ruiz,MIA,26,107,2,13,11,8,8.20%,22.70%,0.135,0.302,0.244,0.318,0.378,0.307,95,0.6,-0.1,-0.5,0.3,,,,,,,,,,,,,,,
Batter,Nathaniel Lowe,CIN,58,247,8,28,29,1,11.10%,24.50%,0.163,0.299,0.245,0.332,0.408,0.324,102,-0.8,-0.1,-5.2,0.3,,,,,,,,,,,,,,,
Batter,Masataka Yoshida,BOS,40,169,5,20,20,1,6.70%,13.90%,0.151,0.302,0.279,0.337,0.43,0.334,111,-0.4,1.7,-4.6,0.3,,,,,,,,,,,,,,,
Batter,Nick Yorke,PIT,36,143,3,15,14,3,7.10%,21.70%,0.117,0.314,0.255,0.312,0.372,0.3,89,0,-1.8,0,0.3,,,,,,,,,,,,,,,
Batter,Nick Allen,HOU,34,129,1,13,11,3,8.00%,19.80%,0.087,0.287,0.235,0.3,0.322,0.278,77,0.1,-3.5,1.9,0.3,,,,,,,,,,,,,,,
Batter,Colby Thomas,ATH,36,151,6,17,19,2,5.60%,30.00%,0.183,0.309,0.239,0.29,0.421,0.307,93,-0.1,-1.3,-1.1,0.3,,,,,,,,,,,,,,,
Batter,Jake Bauers,MIL,60,244,9,28,28,6,12.10%,30.30%,0.176,0.28,0.214,0.315,0.391,0.31,99,-0.4,-0.7,-4.6,0.3,,,,,,,,,,,,,,,
Batter,Dane Myers,CIN,50,201,5,22,21,7,7.20%,25.70%,0.131,0.31,0.244,0.306,0.375,0.299,86,0.2,-3.2,-0.7,0.3,,,,,,,,,,,,,,,
Batter,Orlando Arcia,MIN,30,119,3,12,13,1,7.10%,20.90%,0.138,0.272,0.233,0.291,0.371,0.289,83,-0.1,-2.5,1.1,0.3,,,,,,,,,,,,,,,
Batter,Ryan Waldschmidt,ARI,26,104,2,12,10,2,11.30%,22.30%,0.131,0.307,0.247,0.341,0.378,0.32,103,0,0.4,-1.2,0.3,,,,,,,,,,,,,,,
Batter,Starling Marte,KCR,46,195,5,22,21,5,6.30%,21.00%,0.135,0.326,0.271,0.327,0.405,0.32,102,0,0.4,-4.5,0.3,,,,,,,,,,,,,,,
Batter,Ryan Bliss,SEA,28,112,3,12,11,6,8.40%,26.30%,0.135,0.282,0.22,0.293,0.355,0.286,88,0.2,-1.3,0.1,0.3,,,,,,,,,,,,,,,
Batter,Jonah Heim,ATL,26,105,3,11,12,1,7.40%,19.80%,0.141,0.261,0.23,0.29,0.371,0.289,83,-0.3,-2.4,1.7,0.3,,,,,,,,,,,,,,,
Batter,Zach Cole,HOU,61,246,8,27,27,6,8.30%,37.70%,0.17,0.32,0.213,0.286,0.383,0.291,86,0.1,-4.1,-1.8,0.3,,,,,,,,,,,,,,,
Batter,Tyrone Taylor,NYM,53,211,5,23,22,5,5.40%,22.60%,0.143,0.281,0.233,0.286,0.376,0.288,86,0.6,-2.9,-1.6,0.3,,,,,,,,,,,,,,,
Batter,Daniel Susac,SFG,21,85,2,8,9,1,5.60%,27.50%,0.13,0.3,0.231,0.281,0.361,0.281,80,-0.1,-2,1.7,0.3,,,,,,,,,,,,,,,
Batter,Daniel Schneemann,CLE,43,177,4,18,17,3,9.90%,27.50%,0.134,0.282,0.216,0.298,0.35,0.287,84,-0.2,-3.6,0,0.3,,,,,,,,,,,,,,,
Batter,Kristian Campbell,BOS,22,89,2,10,9,1,9.90%,25.60%,0.139,0.322,0.249,0.334,0.388,0.319,100,-0.1,0,-0.5,0.3,,,,,,,,,,,,,,,
Batter,Santiago Espinal,LAD,35,143,2,15,14,2,6.60%,13.70%,0.099,0.287,0.258,0.311,0.356,0.294,88,0,-2.1,-0.2,0.3,,,,,,,,,,,,,,,
Batter,Robert Hassell III,WSN,46,179,4,18,17,4,7.30%,23.50%,0.114,0.304,0.243,0.302,0.357,0.29,84,0.1,-3.3,-0.2,0.3,,,,,,,,,,,,,,,
Batter,Johan Rojas,PHI,28,108,2,12,10,6,5.70%,21.10%,0.11,0.302,0.247,0.295,0.357,0.286,80,0.6,-2,0.9,0.3,,,,,,,,,,,,,,,
Batter,Everson Pereira,CHW,44,177,7,19,20,3,8.00%,32.10%,0.168,0.293,0.22,0.29,0.387,0.296,88,-0.1,-2.5,-1.1,0.3,,,,,,,,,,,,,,,
Batter,Andrés Chaparro,WSN,55,235,8,26,29,1,8.50%,24.00%,0.175,0.28,0.236,0.307,0.411,0.312,99,-0.4,-0.6,-4.7,0.3,,,,,,,,,,,,,,,
Batter,Oswaldo Cabrera,NYY,34,132,4,15,15,2,8.00%,20.20%,0.147,0.281,0.243,0.309,0.39,0.306,97,-0.1,-0.6,-1.5,0.3,,,,,,,,,,,,,,,
Batter,Jett Williams,MIL,29,117,2,12,11,3,10.20%,26.50%,0.13,0.284,0.216,0.303,0.347,0.289,84,0.1,-2.1,0.7,0.3,,,,,,,,,,,,,,,
Batter,Taylor Walls,TBR,51,199,3,20,17,9,10.30%,24.20%,0.112,0.27,0.211,0.295,0.323,0.277,75,0.6,-5.4,1,0.3,,,,,,,,,,,,,,,
Batter,Jesus Rodriguez,SFG,13,52,1,5,5,1,8.80%,17.00%,0.105,0.302,0.258,0.329,0.364,0.306,98,0,-0.2,0.9,0.2,,,,,,,,,,,,,,,
Batter,Randal Grichuk,NYY,28,116,5,14,15,1,6.10%,21.20%,0.185,0.278,0.247,0.3,0.432,0.315,103,-0.1,0.3,-1.8,0.2,,,,,,,,,,,,,,,
Batter,Isiah Kiner-Falefa,BOS,39,153,2,16,14,4,4.80%,16.60%,0.09,0.303,0.259,0.302,0.349,0.287,78,0.4,-3.6,0.8,0.2,,,,,,,,,,,,,,,
Batter,Ronny Mauricio,NYM,29,118,4,14,14,3,6.80%,24.20%,0.164,0.294,0.245,0.301,0.41,0.306,98,0,-0.2,-1.4,0.2,,,,,,,,,,,,,,,
Batter,Andy Ibáñez,ATH,44,188,4,21,19,3,6.90%,20.10%,0.129,0.293,0.247,0.306,0.376,0.299,88,-0.4,-3.2,-1.1,0.2,,,,,,,,,,,,,,,
Batter,Alex Jackson,MIN,14,54,2,6,6,0,7.10%,31.20%,0.169,0.27,0.207,0.272,0.376,0.282,78,0,-1.4,1.1,0.2,,,,,,,,,,,,,,,
Batter,Thairo Estrada,,31,128,3,13,14,2,4.40%,20.30%,0.132,0.286,0.245,0.287,0.377,0.289,83,0,-2.6,0.5,0.2,,,,,,,,,,,,,,,
Batter,Andruw Monasterio,BOS,27,107,2,11,10,3,9.30%,22.70%,0.111,0.309,0.245,0.322,0.356,0.302,88,0,-1.5,-0.1,0.2,,,,,,,,,,,,,,,
Batter,Ryan Mountcastle,BAL,37,156,5,18,20,1,6.20%,25.00%,0.167,0.308,0.253,0.304,0.42,0.313,102,-0.1,0.2,-3.4,0.2,,,,,,,,,,,,,,,
Batter,Curtis Mead,CHW,21,87,2,9,9,1,6.70%,21.10%,0.133,0.3,0.249,0.311,0.382,0.304,94,0,-0.7,-0.2,0.2,,,,,,,,,,,,,,,
Batter,Jahmai Jones,DET,31,134,4,16,14,3,10.70%,25.80%,0.164,0.301,0.237,0.329,0.401,0.321,105,0,0.8,-3.3,0.2,,,,,,,,,,,,,,,
Batter,Luis Matos,SFG,18,73,3,8,9,1,6.20%,14.10%,0.172,0.262,0.252,0.304,0.423,0.314,103,0,0.3,-0.6,0.2,,,,,,,,,,,,,,,
Batter,Justyn-Henry Malloy,TBR,29,123,3,14,12,1,13.30%,29.10%,0.138,0.311,0.226,0.339,0.365,0.316,101,-0.2,0,-2.2,0.2,,,,,,,,,,,,,,,
Batter,Jon Berti,,26,102,2,11,9,5,7.10%,20.20%,0.101,0.309,0.254,0.313,0.355,0.295,87,0.4,-1.1,-0.3,0.2,,,,,,,,,,,,,,,
Batter,Jorbit Vivas,WSN,41,157,2,16,14,3,10.30%,15.40%,0.105,0.268,0.235,0.328,0.34,0.3,91,-0.1,-1.8,-1.4,0.2,,,,,,,,,,,,,,,
Batter,Anthony Santander,TOR,33,141,6,17,19,0,9.40%,23.10%,0.202,0.255,0.229,0.306,0.431,0.318,104,-0.4,0.3,-3.3,0.2,,,,,,,,,,,,,,,
Batter,Hyeseong Kim,LAD,19,76,1,8,7,3,6.00%,19.90%,0.097,0.317,0.262,0.31,0.359,0.294,88,0.2,-0.9,0.3,0.2,,,,,,,,,,,,,,,
Batter,Ty France,SDP,40,167,4,17,18,0,6.00%,18.90%,0.128,0.297,0.255,0.32,0.383,0.31,101,-0.4,-0.1,-3.6,0.2,,,,,,,,,,,,,,,
Batter,Carlos Cortes,ATH,28,111,4,13,13,1,8.90%,21.70%,0.17,0.278,0.24,0.311,0.41,0.314,98,-0.2,-0.4,-1.6,0.2,,,,,,,,,,,,,,,
Batter,Brett Harris,ATH,25,100,2,11,10,1,9.20%,21.70%,0.132,0.28,0.233,0.314,0.366,0.301,89,-0.1,-1.4,-0.2,0.2,,,,,,,,,,,,,,,
Batter,Max Kepler,,29,120,4,13,14,1,8.90%,20.70%,0.163,0.272,0.238,0.312,0.4,0.31,98,-0.3,-0.6,-1.6,0.2,,,,,,,,,,,,,,,
Batter,Carlos Santana,ARI,72,292,8,32,33,3,10.20%,19.10%,0.144,0.267,0.235,0.317,0.379,0.306,94,-1,-2.9,-5,0.2,,,,,,,,,,,,,,,
Batter,Adael Amador,COL,20,78,2,9,8,3,9.80%,17.10%,0.135,0.285,0.25,0.33,0.385,0.316,88,0,-1.1,0.3,0.2,,,,,,,,,,,,,,,
Batter,Nelson Velázquez,STL,32,132,5,15,16,2,8.60%,26.40%,0.183,0.267,0.223,0.295,0.406,0.305,96,0.1,-0.5,-2.2,0.2,,,,,,,,,,,,,,,
Batter,Jacob Melton,TBR,32,127,4,14,13,6,7.70%,26.80%,0.147,0.283,0.223,0.287,0.37,0.288,82,0.4,-2.3,-0.4,0.2,,,,,,,,,,,,,,,
Batter,Dylan Carlson,CHC,26,103,2,11,10,2,10.00%,23.90%,0.135,0.288,0.231,0.317,0.366,0.303,95,0,-0.7,-1.1,0.2,,,,,,,,,,,,,,,
Batter,Sam Antonacci,CHW,13,54,1,6,5,2,9.90%,18.90%,0.095,0.295,0.242,0.336,0.337,0.302,93,0.1,-0.4,0.2,0.2,,,,,,,,,,,,,,,
Batter,Ildemaro Vargas,ARI,22,88,1,9,9,1,5.80%,12.20%,0.115,0.284,0.261,0.308,0.376,0.299,90,-0.1,-1.2,-0.1,0.2,,,,,,,,,,,,,,,
Batter,Jose Iglesias,,26,105,1,10,10,1,5.30%,16.80%,0.097,0.3,0.258,0.306,0.355,0.291,85,-0.2,-2.1,0.2,0.2,,,,,,,,,,,,,,,
Batter,Wander Franco,TBR,6,23,1,3,3,1,8.30%,14.80%,0.179,0.291,0.27,0.336,0.449,0.339,117,0.1,0.5,0.3,0.2,,,,,,,,,,,,,,,
Batter,Luis Urías,ARI,15,58,1,6,6,0,9.90%,18.70%,0.134,0.274,0.237,0.326,0.371,0.31,97,-0.1,-0.3,0,0.2,,,,,,,,,,,,,,,
Batter,Joey Loperfido,HOU,82,342,9,36,37,6,6.80%,28.50%,0.145,0.305,0.232,0.293,0.377,0.292,86,-0.2,-5.7,-4.5,0.2,,,,,,,,,,,,,,,
Batter,Dom Keegan,TBR,19,76,2,7,7,0,7.80%,28.80%,0.126,0.285,0.214,0.281,0.34,0.274,73,-0.1,-2.5,1.6,0.2,,,,,,,,,,,,,,,
Batter,Tim Tawa,ARI,28,110,3,12,12,2,8.00%,25.20%,0.152,0.283,0.229,0.296,0.382,0.297,88,0,-1.6,-0.5,0.2,,,,,,,,,,,,,,,
Batter,Enrique Hernández,LAD,34,135,4,14,15,1,6.80%,23.00%,0.148,0.274,0.231,0.286,0.379,0.29,85,0,-2.5,-0.4,0.2,,,,,,,,,,,,,,,
Batter,Jurickson Profar,ATL,12,56,2,7,6,1,11.20%,16.90%,0.155,0.282,0.253,0.347,0.408,0.332,113,-0.1,0.8,-1.1,0.2,,,,,,,,,,,,,,,
Batter,Will Wagner,SDP,15,61,1,6,6,1,10.00%,17.50%,0.115,0.302,0.258,0.336,0.373,0.315,105,-0.1,0.2,-0.7,0.2,,,,,,,,,,,,,,,
Batter,Bryan Torres,STL,13,51,1,5,4,2,11.00%,18.20%,0.087,0.317,0.262,0.345,0.348,0.311,101,0,0,-0.2,0.2,,,,,,,,,,,,,,,
Batter,Alejandro Osuna,TEX,14,57,1,6,6,2,9.40%,21.30%,0.136,0.301,0.249,0.33,0.386,0.315,103,0,0.2,-0.7,0.2,,,,,,,,,,,,,,,
Batter,Johnathan Rodríguez,CLE,17,71,2,8,8,0,8.70%,28.80%,0.168,0.32,0.246,0.316,0.414,0.317,104,-0.1,0.2,-1.3,0.1,,,,,,,,,,,,,,,
Batter,Emmanuel Rodriguez,MIN,14,57,1,6,5,1,14.50%,34.10%,0.142,0.317,0.211,0.332,0.352,0.308,96,0,-0.3,-0.2,0.1,,,,,,,,,,,,,,,
Batter,Tyler Austin,CHC,31,125,5,15,16,1,7.90%,22.60%,0.188,0.284,0.247,0.309,0.435,0.318,105,-0.3,0.5,-3.2,0.1,,,,,,,,,,,,,,,
Batter,Derek Hill,CHW,26,103,3,10,11,3,6.20%,28.30%,0.135,0.313,0.238,0.292,0.373,0.291,85,0.1,-1.8,-0.4,0.1,,,,,,,,,,,,,,,
Batter,Mike Tauchman,NYM,21,92,2,11,8,1,12.00%,23.80%,0.129,0.294,0.234,0.333,0.362,0.311,102,-0.3,-0.1,-1.6,0.1,,,,,,,,,,,,,,,
Batter,Jace Jung,DET,15,63,2,7,6,0,11.80%,27.40%,0.138,0.284,0.216,0.313,0.354,0.298,89,-0.1,-0.9,0.1,0.1,,,,,,,,,,,,,,,
Batter,Tommy Pham,NYM,36,156,4,18,16,2,9.00%,23.10%,0.138,0.301,0.245,0.316,0.383,0.306,95,-0.4,-1.3,-2.6,0.1,,,,,,,,,,,,,,,
Batter,Enmanuel Valdez,PIT,12,48,2,5,6,0,9.30%,22.80%,0.177,0.273,0.234,0.31,0.412,0.314,99,-0.1,-0.1,-0.1,0.1,,,,,,,,,,,,,,,
Batter,Tommy Troy,ARI,12,50,1,5,5,1,8.30%,20.60%,0.118,0.3,0.246,0.315,0.364,0.3,90,0,-0.6,0.2,0.1,,,,,,,,,,,,,,,
Batter,Braxton Fulford,COL,20,81,2,9,9,1,7.40%,27.10%,0.16,0.308,0.24,0.308,0.4,0.309,84,0,-1.6,1.4,0.1,,,,,,,,,,,,,,,
Batter,Tristan Gray,MIN,35,140,4,14,15,1,6.60%,28.90%,0.157,0.279,0.218,0.275,0.375,0.282,78,-0.2,-3.8,0.2,0.1,,,,,,,,,,,,,,,
Batter,Brice Matthews,HOU,15,59,2,7,6,2,9.30%,32.10%,0.155,0.299,0.217,0.298,0.372,0.295,88,0.1,-0.7,-0.1,0.1,,,,,,,,,,,,,,,
Batter,Gio Urshela,,18,70,1,7,7,0,6.00%,19.00%,0.118,0.303,0.258,0.305,0.376,0.297,89,-0.1,-1.1,-0.1,0.1,,,,,,,,,,,,,,,
Batter,Otto Kemp,PHI,44,176,5,19,19,3,7.20%,29.00%,0.155,0.302,0.229,0.304,0.385,0.302,91,-0.2,-2.1,-2.5,0.1,,,,,,,,,,,,,,,
Batter,Jonah Bride,TEX,15,62,1,7,6,0,11.90%,24.30%,0.127,0.278,0.221,0.322,0.347,0.3,92,-0.1,-0.7,-0.2,0.1,,,,,,,,,,,,,,,
Batter,Andrew Knizner,,11,41,1,4,4,0,7.40%,22.80%,0.115,0.268,0.219,0.289,0.334,0.277,82,-0.1,-0.9,0.7,0.1,,,,,,,,,,,,,,,
Batter,Zach Dezenzo,HOU,26,103,3,11,12,1,7.70%,29.50%,0.155,0.311,0.236,0.3,0.391,0.302,93,-0.1,-0.9,-1.5,0.1,,,,,,,,,,,,,,,
Batter,Jorge Mateo,ATL,34,136,3,15,14,10,5.70%,25.40%,0.129,0.286,0.226,0.274,0.355,0.275,73,1,-3.2,-0.1,0.1,,,,,,,,,,,,,,,
Batter,Aidan Miller,PHI,12,47,1,5,4,2,10.30%,26.40%,0.123,0.29,0.221,0.309,0.344,0.292,84,0.1,-0.8,0.4,0.1,,,,,,,,,,,,,,,
Batter,Michael Conforto,CHC,31,123,4,14,13,1,10.10%,25.10%,0.157,0.28,0.228,0.314,0.384,0.308,98,-0.2,-0.5,-2.5,0.1,,,,,,,,,,,,,,,
Batter,Walker Jenkins,MIN,11,46,1,5,5,1,9.70%,23.40%,0.127,0.302,0.24,0.321,0.366,0.305,94,0,-0.3,-0.1,0.1,,,,,,,,,,,,,,,
Batter,Max Schuemann,NYY,15,58,1,6,5,1,10.20%,23.80%,0.105,0.282,0.221,0.311,0.325,0.286,83,0,-1.1,0.3,0.1,,,,,,,,,,,,,,,
Batter,Leo De Vries,ATH,11,43,1,5,4,1,8.80%,24.00%,0.137,0.282,0.226,0.301,0.363,0.292,83,0,-0.9,0.5,0.1,,,,,,,,,,,,,,,
Batter,Nick Castellanos,SDP,90,376,12,40,46,3,5.70%,23.80%,0.16,0.296,0.247,0.295,0.407,0.304,97,-1,-2.2,-9.2,0.1,,,,,,,,,,,,,,,
Batter,Drew Gilbert,SFG,18,71,2,8,7,1,8.30%,20.50%,0.149,0.268,0.23,0.304,0.379,0.3,93,0,-0.6,-0.7,0.1,,,,,,,,,,,,,,,
Batter,Tyler Locklear,ARI,36,144,4,16,16,3,8.60%,27.40%,0.154,0.311,0.24,0.317,0.393,0.311,98,0,-0.4,-3.3,0.1,,,,,,,,,,,,,,,
Batter,Jack Suwinski,LAD,11,43,2,5,5,1,11.00%,31.90%,0.193,0.268,0.208,0.303,0.401,0.307,96,0,-0.2,-0.2,0.1,,,,,,,,,,,,,,,
Batter,Brandon Lockridge,MIL,33,133,2,14,12,6,8.30%,26.50%,0.098,0.318,0.236,0.305,0.334,0.284,81,0.4,-2.6,-0.8,0.1,,,,,,,,,,,,,,,
Batter,Brock Wilken,MIL,13,54,2,6,6,0,11.90%,31.60%,0.157,0.263,0.196,0.298,0.353,0.29,85,-0.1,-1,0.2,0.1,,,,,,,,,,,,,,,
Batter,César Salazar,HOU,11,43,1,4,4,0,9.10%,22.00%,0.113,0.249,0.204,0.295,0.317,0.276,75,-0.1,-1.3,0.6,0.1,,,,,,,,,,,,,,,
Batter,Gabriel Gonzalez,MIN,12,48,1,5,5,0,6.70%,18.50%,0.137,0.304,0.261,0.319,0.399,0.314,100,0,-0.1,-0.6,0.1,,,,,,,,,,,,,,,
Batter,Eric Wagaman,MIN,29,119,3,13,13,1,6.50%,20.40%,0.148,0.298,0.253,0.305,0.401,0.307,95,-0.2,-0.9,-2.2,0.1,,,,,,,,,,,,,,,
Batter,Miles Mastrobuoni,SEA,10,39,0,4,3,1,10.00%,20.20%,0.092,0.297,0.241,0.319,0.333,0.292,92,0,-0.3,0,0.1,,,,,,,,,,,,,,,
Batter,Christian Koss,SFG,21,83,1,8,8,2,4.90%,23.00%,0.117,0.302,0.243,0.289,0.36,0.284,82,0,-1.7,-0.1,0.1,,,,,,,,,,,,,,,
Batter,Ben Rortvedt,NYM,12,48,1,5,4,0,9.50%,26.40%,0.107,0.267,0.205,0.289,0.312,0.271,75,-0.1,-1.5,0.8,0.1,,,,,,,,,,,,,,,
Batter,David Fry,CLE,44,184,6,20,21,2,8.40%,26.80%,0.162,0.279,0.224,0.3,0.386,0.299,92,-0.3,-2.1,-3.2,0.1,,,,,,,,,,,,,,,
Batter,Samad Taylor,SDP,11,46,1,5,4,2,8.90%,25.10%,0.113,0.3,0.233,0.306,0.345,0.289,87,0.1,-0.6,0,0.1,,,,,,,,,,,,,,,
Batter,Austin Slater,MIA,27,113,3,12,11,1,10.00%,29.00%,0.129,0.316,0.232,0.315,0.361,0.3,90,-0.1,-1.4,-1.4,0.1,,,,,,,,,,,,,,,
Batter,Rafael Flores Jr.,PIT,13,50,1,5,5,0,8.10%,27.70%,0.137,0.307,0.235,0.302,0.372,0.296,86,-0.1,-0.9,0.1,0.1,,,,,,,,,,,,,,,
Batter,Josh Rojas,KCR,14,57,1,6,5,1,9.00%,21.40%,0.114,0.299,0.243,0.314,0.357,0.297,86,-0.1,-1,0,0.1,,,,,,,,,,,,,,,
Batter,Mickey Gasper,BOS,6,25,1,3,3,0,10.50%,19.40%,0.137,0.282,0.24,0.331,0.378,0.314,97,0,-0.1,0.4,0.1,,,,,,,,,,,,,,,
Batter,Tom Murphy,,14,56,2,6,6,1,8.00%,27.80%,0.152,0.281,0.221,0.289,0.373,0.29,84,-0.1,-1.1,0.7,0.1,,,,,,,,,,,,,,,
Batter,Tyler Fitzgerald,SFG,14,56,1,6,6,2,6.30%,29.20%,0.142,0.298,0.226,0.282,0.368,0.284,83,0.1,-1,0,0.1,,,,,,,,,,,,,,,
Batter,Jhonkensy Noel,BAL,15,61,3,7,8,0,5.90%,27.10%,0.208,0.271,0.232,0.286,0.44,0.312,101,-0.1,0,-1.2,0.1,,,,,,,,,,,,,,,
Batter,Maximo Acosta,MIA,17,68,1,7,7,3,7.20%,24.90%,0.125,0.286,0.227,0.289,0.353,0.283,78,0.1,-1.7,0.3,0.1,,,,,,,,,,,,,,,
Batter,LaMonte Wade Jr.,,21,90,2,10,9,1,12.90%,22.70%,0.144,0.279,0.23,0.336,0.374,0.315,101,-0.4,-0.3,-2,0.1,,,,,,,,,,,,,,,
Batter,Will Brennan,SFG,30,125,2,13,12,2,5.30%,14.50%,0.114,0.295,0.263,0.308,0.377,0.299,93,-0.1,-1.2,-2.1,0.1,,,,,,,,,,,,,,,
Batter,Andrew McCutchen,TEX,42,187,5,22,19,1,11.30%,24.40%,0.145,0.286,0.231,0.324,0.376,0.308,98,-0.8,-1.2,-4.5,0.1,,,,,,,,,,,,,,,
Batter,Dylan Moore,PHI,24,99,3,11,10,5,10.10%,29.00%,0.153,0.271,0.207,0.299,0.361,0.292,84,0.3,-1.6,-0.9,0.1,,,,,,,,,,,,,,,
Batter,Abimelec Ortiz,WSN,41,167,6,19,19,1,8.30%,24.70%,0.171,0.274,0.23,0.3,0.401,0.305,95,-0.2,-1.3,-3.5,0.1,,,,,,,,,,,,,,,
Batter,Jose Miranda,SDP,15,61,2,6,7,0,5.70%,19.10%,0.14,0.276,0.242,0.291,0.382,0.293,90,0,-0.7,-0.5,0.1,,,,,,,,,,,,,,,
Batter,Jose Siri,LAA,17,68,3,7,8,2,6.60%,36.30%,0.169,0.285,0.203,0.263,0.372,0.277,74,0.1,-1.9,0.4,0.1,,,,,,,,,,,,,,,
Batter,Weston Wilson,BAL,9,35,1,4,4,1,9.50%,27.60%,0.154,0.28,0.221,0.299,0.375,0.296,90,0,-0.4,0,0.1,,,,,,,,,,,,,,,
Batter,Michael Stefanic,ATH,6,23,0,3,2,0,10.30%,13.90%,0.086,0.303,0.265,0.353,0.351,0.316,100,0,0,0,0.1,,,,,,,,,,,,,,,
Batter,Denzer Guzman,LAA,11,44,1,4,4,1,7.50%,29.80%,0.123,0.289,0.213,0.277,0.336,0.271,70,0,-1.6,0.8,0.1,,,,,,,,,,,,,,,
Batter,César Prieto,STL,11,47,1,5,4,1,4.60%,15.40%,0.107,0.287,0.253,0.295,0.361,0.287,84,-0.1,-0.9,0.1,0.1,,,,,,,,,,,,,,,
Batter,Heston Kjerstad,BAL,18,73,2,8,8,0,6.80%,26.30%,0.16,0.29,0.233,0.297,0.393,0.3,93,-0.1,-0.7,-1.1,0.1,,,,,,,,,,,,,,,
Batter,Michael Helman,TEX,15,58,2,6,6,1,6.40%,23.10%,0.142,0.265,0.221,0.279,0.364,0.281,80,0,-1.4,0.1,0.1,,,,,,,,,,,,,,,
Batter,Nick Madrigal,LAA,12,48,0,5,4,1,5.50%,12.30%,0.09,0.295,0.264,0.317,0.354,0.297,88,-0.1,-0.8,-0.2,0.1,,,,,,,,,,,,,,,
Batter,Jeferson Quero,MIL,5,20,1,2,2,0,7.70%,19.70%,0.14,0.263,0.23,0.296,0.37,0.293,87,0,-0.3,0.4,0.1,,,,,,,,,,,,,,,
Batter,Trey Sweeney,DET,11,44,1,4,4,1,8.30%,27.00%,0.127,0.285,0.22,0.289,0.347,0.281,78,0,-1.2,0.4,0.1,,,,,,,,,,,,,,,
Batter,Vidal Bruján,NYM,16,62,1,6,6,2,8.40%,21.00%,0.113,0.278,0.229,0.301,0.342,0.284,84,0,-1.2,-0.2,0.1,,,,,,,,,,,,,,,
Batter,Adrian Del Castillo,ARI,33,134,4,15,15,1,8.70%,27.80%,0.161,0.305,0.236,0.306,0.396,0.306,94,-0.2,-1.1,-2.6,0.1,,,,,,,,,,,,,,,
Batter,Kyren Paris,LAA,11,42,1,4,4,2,9.40%,32.80%,0.146,0.286,0.205,0.288,0.351,0.283,78,0.1,-1,0.2,0.1,,,,,,,,,,,,,,,
Batter,Trei Cruz,DET,10,41,1,4,3,1,11.80%,26.40%,0.111,0.282,0.211,0.308,0.322,0.283,79,0,-1,0.3,0.1,,,,,,,,,,,,,,,
Batter,Luis Vázquez,BAL,9,38,1,4,4,1,6.30%,24.50%,0.125,0.288,0.231,0.289,0.356,0.284,81,0,-0.9,0.2,0.1,,,,,,,,,,,,,,,
Batter,Matt Thaiss,BOS,8,30,1,3,3,0,12.40%,25.90%,0.119,0.294,0.222,0.326,0.341,0.301,87,-0.1,-0.5,0.4,0.1,,,,,,,,,,,,,,,
Batter,Elias Díaz,KCR,9,35,1,4,4,0,6.70%,23.80%,0.136,0.279,0.229,0.286,0.366,0.285,78,-0.1,-1,0.7,0.1,,,,,,,,,,,,,,,
Batter,Bryce Eldridge,SFG,60,248,9,28,30,1,8.50%,29.90%,0.178,0.298,0.231,0.301,0.408,0.306,98,-0.3,-1,-6.5,0.1,,,,,,,,,,,,,,,
Batter,Griffin Conine,MIA,74,303,11,31,34,2,9.30%,32.50%,0.169,0.302,0.222,0.3,0.391,0.303,92,-0.6,-3.6,-5.8,0.1,,,,,,,,,,,,,,,
Batter,Brett Wisely,ATL,16,64,1,7,6,1,8.10%,23.70%,0.119,0.288,0.229,0.297,0.348,0.285,80,-0.1,-1.6,0.1,0.1,,,,,,,,,,,,,,,
Batter,Cameron Cauley,TEX,9,38,1,4,4,1,6.60%,27.50%,0.131,0.284,0.218,0.273,0.348,0.272,74,0,-1.1,0.5,0.1,,,,,,,,,,,,,,,
Batter,Bryan Ramos,BAL,12,50,1,5,5,1,7.00%,24.10%,0.142,0.257,0.214,0.278,0.357,0.279,78,0,-1.3,0.2,0.1,,,,,,,,,,,,,,,
Batter,Eduardo Valencia,DET,4,17,0,2,2,0,7.20%,23.30%,0.147,0.278,0.232,0.293,0.38,0.293,86,0,-0.3,0.3,0.1,,,,,,,,,,,,,,,
Batter,Austin Barnes,,14,53,1,5,5,1,8.30%,24.00%,0.099,0.274,0.216,0.286,0.315,0.269,70,-0.1,-2,0.5,0.1,,,,,,,,,,,,,,,
Batter,Rodolfo Durán,SDP,5,21,1,2,2,0,5.50%,23.40%,0.143,0.267,0.224,0.271,0.367,0.278,80,0,-0.5,0.4,0.1,,,,,,,,,,,,,,,
Batter,Hao-Yu Lee,DET,8,31,1,3,3,1,8.10%,23.00%,0.131,0.279,0.227,0.298,0.358,0.289,84,0,-0.6,0.1,0.1,,,,,,,,,,,,,,,
Batter,Alex Verdugo,SDP,11,47,1,5,5,0,7.70%,16.30%,0.126,0.283,0.251,0.313,0.378,0.303,97,-0.1,-0.2,-0.7,0.1,,,,,,,,,,,,,,,
Batter,Jhonny Pereda,SEA,5,19,0,2,2,0,10.10%,26.30%,0.099,0.308,0.23,0.313,0.329,0.288,90,0,-0.3,0.3,0.1,,,,,,,,,,,,,,,
Batter,Joshua Báez,STL,9,36,1,4,4,2,8.10%,26.80%,0.148,0.296,0.233,0.303,0.381,0.301,94,0.1,-0.2,-0.4,0.1,,,,,,,,,,,,,,,
Batter,Taylor Trammell,HOU,12,49,2,6,5,1,11.00%,31.10%,0.164,0.278,0.208,0.301,0.372,0.297,90,0,-0.6,-0.5,0.1,,,,,,,,,,,,,,,
Batter,Cooper Ingle,CLE,3,11,0,1,1,0,12.70%,20.30%,0.122,0.28,0.231,0.334,0.354,0.308,98,0,0,0.2,0.1,,,,,,,,,,,,,,,
Batter,Myles Straw,TOR,40,159,1,15,13,5,7.80%,20.30%,0.079,0.286,0.231,0.294,0.31,0.27,71,0.5,-4.9,0,0.1,,,,,,,,,,,,,,,
Batter,Josh Kasevich,TOR,11,43,0,4,4,0,6.90%,16.00%,0.079,0.275,0.236,0.293,0.315,0.271,72,0,-1.5,0.5,0.1,,,,,,,,,,,,,,,
Batter,Jared Young,NYM,6,25,1,3,3,0,9.50%,24.80%,0.169,0.282,0.232,0.315,0.401,0.314,104,0,0.1,-0.4,0.1,,,,,,,,,,,,,,,
Batter,Paul DeJong,NYY,15,60,2,6,7,1,5.90%,31.60%,0.16,0.265,0.206,0.261,0.365,0.273,74,-0.1,-2,0.4,0.1,,,,,,,,,,,,,,,
Batter,Shane McGuire,ATH,7,28,0,3,2,0,10.90%,25.10%,0.089,0.275,0.209,0.302,0.298,0.273,70,0,-1,0.6,0.1,,,,,,,,,,,,,,,
Batter,Bryce Johnson,SDP,31,125,2,12,11,4,8.20%,27.20%,0.098,0.313,0.231,0.303,0.329,0.282,83,0.1,-2.5,-1.2,0.1,,,,,,,,,,,,,,,
Batter,Drew Waters,KCR,12,49,1,5,5,1,7.60%,28.60%,0.136,0.315,0.234,0.298,0.37,0.294,84,0,-0.9,-0.3,0.1,,,,,,,,,,,,,,,
Batter,Grant McCray,SFG,24,97,2,10,9,3,7.60%,30.60%,0.132,0.296,0.215,0.279,0.347,0.275,77,0.1,-2.6,-0.2,0.1,,,,,,,,,,,,,,,
Batter,Nolan Jones,CLE,8,32,1,3,3,1,11.00%,30.00%,0.147,0.314,0.229,0.32,0.376,0.306,97,0,-0.1,-0.5,0,,,,,,,,,,,,,,,
Batter,Liover Peguero,PHI,8,33,1,4,3,1,6.40%,24.30%,0.132,0.279,0.227,0.28,0.358,0.28,76,0,-0.9,0.3,0,,,,,,,,,,,,,,,
Batter,Eric Haase,,9,35,1,3,3,0,6.70%,32.10%,0.132,0.288,0.211,0.269,0.343,0.269,72,0,-1.2,0.7,0,,,,,,,,,,,,,,,
Batter,Anthony Seigler,BOS,5,20,0,2,2,1,12.50%,22.60%,0.129,0.276,0.221,0.324,0.35,0.302,88,0,-0.3,0,0,,,,,,,,,,,,,,,
Batter,A.J. Vukovich,ARI,12,48,1,5,6,0,6.90%,29.10%,0.157,0.316,0.241,0.297,0.399,0.302,91,0,-0.5,-0.6,0,,,,,,,,,,,,,,,
Batter,John Rave,KCR,26,103,3,11,11,3,9.20%,25.80%,0.143,0.288,0.228,0.302,0.37,0.296,85,0,-1.8,-1.3,0,,,,,,,,,,,,,,,
Batter,Kahlil Watson,CLE,8,31,1,3,3,1,8.00%,30.90%,0.149,0.281,0.21,0.28,0.358,0.281,79,0,-0.7,0.1,0,,,,,,,,,,,,,,,
Batter,Ronny Simon,PIT,5,21,0,2,2,1,8.10%,20.50%,0.119,0.295,0.244,0.31,0.363,0.297,87,0,-0.3,0.1,0,,,,,,,,,,,,,,,
Batter,Christian Franklin,WSN,16,66,1,7,6,2,10.90%,25.50%,0.116,0.295,0.225,0.318,0.341,0.296,88,0,-0.9,-0.8,0,,,,,,,,,,,,,,,
Batter,Willie MacIver,TEX,5,21,1,2,2,0,7.50%,26.90%,0.132,0.292,0.225,0.293,0.357,0.287,84,0,-0.4,0.4,0,,,,,,,,,,,,,,,
Batter,Jonatan Clase,TOR,12,45,1,5,4,2,8.30%,26.80%,0.129,0.291,0.224,0.293,0.353,0.285,82,0.1,-0.8,-0.3,0,,,,,,,,,,,,,,,
Batter,Spencer Jones,NYY,14,55,2,6,7,2,7.60%,37.20%,0.178,0.312,0.216,0.28,0.394,0.292,87,0,-0.8,-0.7,0,,,,,,,,,,,,,,,
Batter,Gustavo Campero,LAA,8,31,1,3,3,1,7.30%,20.70%,0.144,0.284,0.241,0.311,0.385,0.306,94,0,-0.2,-0.5,0,,,,,,,,,,,,,,,
Batter,Heriberto Hernández,MIA,62,257,9,28,29,2,10.10%,30.20%,0.168,0.294,0.222,0.307,0.391,0.306,94,-0.4,-2.3,-5.8,0,,,,,,,,,,,,,,,
Batter,Nacho Alvarez Jr.,ATL,9,33,0,3,3,0,8.60%,21.50%,0.1,0.299,0.24,0.317,0.34,0.294,86,0,-0.6,-0.1,0,,,,,,,,,,,,,,,
Batter,Chas McCormick,CHC,14,54,2,6,6,2,8.40%,26.50%,0.136,0.29,0.229,0.303,0.366,0.295,90,-0.1,-0.8,-0.6,0,,,,,,,,,,,,,,,
Batter,Stuart Fairchild,CLE,14,56,1,6,6,2,7.90%,26.70%,0.138,0.29,0.225,0.296,0.363,0.291,86,0,-0.9,-0.6,0,,,,,,,,,,,,,,,
Batter,Nelson Rada,LAA,21,84,1,8,6,4,9.70%,24.20%,0.072,0.311,0.233,0.315,0.306,0.282,77,0.1,-2.1,-0.3,0,,,,,,,,,,,,,,,
Batter,Max Anderson,DET,6,25,0,2,2,0,5.20%,17.10%,0.121,0.282,0.248,0.292,0.369,0.287,82,0,-0.5,0.1,0,,,,,,,,,,,,,,,
Batter,Tristan Peters,CHW,12,48,1,5,4,1,8.80%,22.80%,0.122,0.276,0.224,0.298,0.346,0.286,81,0,-1.1,-0.1,0,,,,,,,,,,,,,,,
Batter,Shay Whitcomb,HOU,10,39,1,4,4,1,7.00%,28.50%,0.159,0.273,0.217,0.279,0.377,0.286,82,0,-0.8,-0.1,0,,,,,,,,,,,,,,,
Batter,Brandon Valenzuela,TOR,8,32,1,3,3,0,8.30%,26.70%,0.114,0.259,0.201,0.272,0.315,0.261,65,0,-1.3,0.7,0,,,,,,,,,,,,,,,
Batter,James Triantos,CHC,9,35,0,4,3,1,5.50%,16.20%,0.095,0.278,0.242,0.289,0.336,0.276,76,0.1,-0.9,0.1,0,,,,,,,,,,,,,,,
Batter,Drew Romo,CHW,4,17,0,2,2,0,5.30%,24.20%,0.13,0.275,0.225,0.272,0.355,0.274,73,0,-0.6,0.3,0,,,,,,,,,,,,,,,
Batter,Jonathon Long,CHC,6,26,1,3,3,0,9.90%,23.10%,0.142,0.299,0.245,0.327,0.387,0.315,103,0,0.1,-0.5,0,,,,,,,,,,,,,,,
Batter,Jorge Barrosa,ARI,20,81,1,8,8,1,8.70%,23.20%,0.113,0.292,0.231,0.302,0.344,0.286,81,-0.1,-1.9,-0.4,0,,,,,,,,,,,,,,,
Batter,RJ Schreck,TOR,6,26,1,3,3,0,11.40%,24.90%,0.15,0.269,0.217,0.318,0.367,0.304,95,0,-0.2,-0.3,0,,,,,,,,,,,,,,,
Batter,Jordan Diaz,ATH,4,15,0,2,2,0,5.80%,21.00%,0.151,0.288,0.248,0.297,0.399,0.302,90,0,-0.2,0,0,,,,,,,,,,,,,,,
Batter,Kevin Alcántara,CHC,12,47,1,5,5,1,7.50%,30.20%,0.135,0.308,0.228,0.289,0.363,0.287,84,0,-0.9,-0.3,0,,,,,,,,,,,,,,,
Batter,Victor Mesa Jr.,TBR,6,22,1,2,2,0,7.20%,21.20%,0.144,0.28,0.238,0.297,0.382,0.297,88,0,-0.3,-0.1,0,,,,,,,,,,,,,,,
Batter,Jose Herrera,TEX,8,30,0,3,3,0,9.80%,23.60%,0.097,0.274,0.216,0.297,0.313,0.275,75,-0.1,-1,0.5,0,,,,,,,,,,,,,,,
Batter,Edwin Arroyo,CIN,9,38,1,4,3,1,6.20%,19.90%,0.104,0.3,0.247,0.3,0.351,0.287,77,0,-1,0.2,0,,,,,,,,,,,,,,,
Batter,Brendan Rodgers,,8,31,1,3,3,0,7.00%,26.30%,0.129,0.308,0.238,0.298,0.367,0.291,81,0,-0.7,0,0,,,,,,,,,,,,,,,
Batter,Rhylan Thomas,SEA,6,25,0,3,2,1,6.50%,10.40%,0.089,0.284,0.264,0.316,0.353,0.295,95,0,-0.2,-0.4,0,,,,,,,,,,,,,,,
Batter,Tyler Nevin,,6,24,1,3,3,0,8.10%,18.60%,0.148,0.278,0.246,0.316,0.394,0.309,97,0,-0.1,-0.3,0,,,,,,,,,,,,,,,
Batter,Hayden Senger,NYM,4,17,0,2,2,0,5.90%,29.70%,0.103,0.281,0.206,0.262,0.308,0.253,62,0,-0.8,0.4,0,,,,,,,,,,,,,,,
Batter,Tomás Nido,DET,8,32,1,3,3,0,4.50%,25.10%,0.104,0.281,0.222,0.263,0.326,0.258,62,-0.1,-1.5,0.6,0,,,,,,,,,,,,,,,
Batter,Kevin Newman,KCR,9,35,0,3,3,1,5.30%,17.10%,0.097,0.293,0.25,0.294,0.347,0.282,75,0,-1,0.1,0,,,,,,,,,,,,,,,
Batter,Kyle Farmer,ATL,15,60,1,6,6,1,6.20%,23.80%,0.125,0.28,0.227,0.285,0.352,0.28,77,-0.1,-1.7,0.1,0,,,,,,,,,,,,,,,
Batter,Ali Sánchez,NYY,3,13,0,1,1,0,7.00%,25.30%,0.109,0.282,0.221,0.279,0.33,0.27,72,0,-0.5,0.3,0,,,,,,,,,,,,,,,
Batter,Nick Sogard,BOS,10,41,0,4,4,1,10.50%,22.30%,0.097,0.307,0.241,0.325,0.338,0.297,85,-0.1,-0.8,-0.3,0,,,,,,,,,,,,,,,
Batter,Tyler Black,MIL,12,47,1,5,5,2,11.80%,26.10%,0.134,0.285,0.219,0.321,0.353,0.301,93,0,-0.4,-0.9,0,,,,,,,,,,,,,,,
Batter,Seby Zavala,LAD,7,28,1,3,3,0,8.30%,37.70%,0.133,0.267,0.179,0.254,0.312,0.252,59,-0.1,-1.4,0.4,0,,,,,,,,,,,,,,,
Batter,Mark Canha,TEX,17,72,2,8,7,1,8.80%,21.50%,0.121,0.289,0.237,0.319,0.358,0.301,93,-0.2,-0.8,-1.4,0,,,,,,,,,,,,,,,
Batter,Luke Maile,KCR,3,12,0,1,1,0,9.20%,28.20%,0.118,0.299,0.221,0.302,0.34,0.286,79,0,-0.3,0.3,0,,,,,,,,,,,,,,,
Batter,Maverick Handley,BAL,4,17,0,2,1,0,9.50%,27.70%,0.096,0.269,0.199,0.286,0.295,0.264,68,0,-0.7,0.3,0,,,,,,,,,,,,,,,
Batter,Akil Baddoo,MIL,15,59,2,6,6,2,10.70%,29.70%,0.147,0.287,0.214,0.3,0.361,0.292,86,0.1,-0.8,-0.8,0,,,,,,,,,,,,,,,
Batter,Logan Driscoll,TBR,3,12,0,1,1,0,6.80%,26.20%,0.12,0.282,0.218,0.279,0.338,0.272,71,0,-0.4,0.3,0,,,,,,,,,,,,,,,
Batter,Jesús Bastidas,MIA,6,22,0,2,2,0,6.90%,26.90%,0.127,0.276,0.214,0.283,0.34,0.275,73,0,-0.7,0.3,0,,,,,,,,,,,,,,,
Batter,Buddy Kennedy,SFG,3,11,0,1,1,0,9.90%,20.40%,0.113,0.288,0.236,0.322,0.349,0.3,93,0,-0.1,0,0,,,,,,,,,,,,,,,
Batter,Kameron Misner,KCR,13,54,1,6,5,2,10.60%,32.30%,0.139,0.297,0.209,0.297,0.348,0.286,79,0,-1.3,-0.2,0,,,,,,,,,,,,,,,
Batter,Emmanuel Rivera,,6,24,0,2,2,0,7.00%,22.10%,0.116,0.295,0.241,0.3,0.357,0.29,84,0,-0.5,0,0,,,,,,,,,,,,,,,
Batter,Brett Sullivan,COL,31,124,2,13,12,1,7.00%,17.40%,0.13,0.265,0.232,0.291,0.362,0.286,68,-0.1,-4.9,2.2,0,,,,,,,,,,,,,,,
Batter,Korey Lee,CHW,13,50,1,5,5,1,5.70%,27.10%,0.142,0.272,0.218,0.266,0.359,0.273,72,0,-1.7,0.9,0,,,,,,,,,,,,,,,
Batter,Ji Hwan Bae,NYM,4,16,0,2,1,1,9.20%,25.40%,0.095,0.314,0.235,0.31,0.33,0.286,85,0,-0.3,0,0,,,,,,,,,,,,,,,
Batter,Nicky Lopez,COL,12,50,0,5,4,1,8.30%,15.20%,0.07,0.3,0.255,0.323,0.325,0.291,71,0.1,-1.7,0.2,0,,,,,,,,,,,,,,,
Batter,Sterlin Thompson,COL,9,36,1,4,4,1,7.10%,23.30%,0.155,0.312,0.254,0.318,0.41,0.317,89,0,-0.5,-0.4,0,,,,,,,,,,,,,,,
Batter,Carlos Pérez,HOU,2,9,0,1,1,0,7.80%,22.20%,0.17,0.243,0.215,0.284,0.385,0.292,87,0,-0.2,0.2,0,,,,,,,,,,,,,,,
Batter,Seth Brown,NYY,5,19,1,2,2,0,7.60%,26.60%,0.189,0.276,0.232,0.295,0.421,0.31,99,-0.1,-0.1,-0.3,0,,,,,,,,,,,,,,,
Batter,Tre' Morgan,TBR,9,37,1,4,4,1,10.60%,21.80%,0.127,0.293,0.238,0.326,0.365,0.306,95,0,-0.3,-0.8,0,,,,,,,,,,,,,,,
Batter,Cavan Biggio,HOU,8,33,1,3,3,0,10.90%,28.90%,0.113,0.29,0.211,0.31,0.324,0.287,83,-0.1,-0.7,-0.1,0,,,,,,,,,,,,,,,
Batter,Diego Castillo,,4,15,0,2,1,0,9.70%,20.80%,0.112,0.273,0.226,0.304,0.337,0.286,81,0,-0.3,0.1,0,,,,,,,,,,,,,,,
Batter,Yasmani Grandal,,2,10,0,1,1,0,9.40%,22.00%,0.121,0.264,0.22,0.299,0.341,0.285,80,0,-0.3,0,0,,,,,,,,,,,,,,,
Batter,Carlos Mendoza,TOR,3,10,0,1,1,0,10.80%,18.30%,0.088,0.287,0.237,0.33,0.325,0.296,89,0,-0.1,0,0,,,,,,,,,,,,,,,
Batter,Yunior Severino,,4,18,0,2,2,0,8.90%,32.40%,0.14,0.302,0.216,0.29,0.356,0.285,80,0,-0.4,0.1,0,,,,,,,,,,,,,,,
Batter,Justin Foscue,TEX,9,35,1,4,4,0,9.20%,19.90%,0.157,0.255,0.224,0.305,0.382,0.302,94,0,-0.3,-0.7,0,,,,,,,,,,,,,,,
Batter,Andrew Pinckney,WSN,7,30,1,3,3,1,6.10%,30.80%,0.12,0.309,0.225,0.282,0.345,0.276,75,0,-0.9,0.1,0,,,,,,,,,,,,,,,
Batter,Tyler Tolbert,KCR,31,128,2,13,11,10,5.90%,25.00%,0.097,0.295,0.226,0.282,0.324,0.268,66,0.8,-4.2,0.1,0,,,,,,,,,,,,,,,
Batter,Marco Luciano,NYY,4,18,0,2,2,0,10.90%,32.10%,0.131,0.27,0.195,0.286,0.326,0.275,75,0,-0.5,0.2,0,,,,,,,,,,,,,,,
Batter,Tucupita Marcano,SDP,2,9,0,1,1,0,6.90%,17.80%,0.116,0.276,0.239,0.298,0.355,0.288,87,0,-0.1,0.1,0,,,,,,,,,,,,,,,
Batter,Nate Furman,SFG,1,6,0,1,1,0,9.80%,17.50%,0.112,0.295,0.252,0.334,0.364,0.311,101,0,0,0,0,,,,,,,,,,,,,,,
Batter,Rece Hinds,CIN,8,33,1,4,4,1,6.00%,32.60%,0.192,0.301,0.229,0.28,0.42,0.301,87,0,-0.5,-0.4,0,,,,,,,,,,,,,,,
Batter,Zac Veen,COL,27,112,3,13,12,3,7.30%,22.80%,0.15,0.303,0.249,0.31,0.399,0.309,83,0.1,-2.2,-1.4,0,,,,,,,,,,,,,,,
Batter,Eli White,ATL,30,123,3,13,13,4,6.90%,27.30%,0.138,0.3,0.233,0.293,0.371,0.29,84,0.1,-2.3,-1.6,0,,,,,,,,,,,,,,,
Batter,Austin Gauthier,LAD,2,10,0,1,1,0,13.10%,23.10%,0.091,0.292,0.224,0.33,0.315,0.294,88,0,-0.2,0,0,,,,,,,,,,,,,,,
Batter,Nelson Quiroz,LAD,1,5,0,1,1,0,7.00%,14.30%,0.109,0.279,0.25,0.308,0.36,0.294,88,0,-0.1,0.1,0,,,,,,,,,,,,,,,
Batter,Tyler Callihan,PIT,11,44,1,4,4,1,7.40%,26.80%,0.117,0.302,0.228,0.29,0.345,0.281,76,0,-1.2,0,0,,,,,,,,,,,,,,,
Batter,Eguy Rosario,,4,16,0,2,2,0,7.80%,28.70%,0.152,0.278,0.215,0.281,0.367,0.284,80,0,-0.4,0,0,,,,,,,,,,,,,,,
Batter,Tirso Ornelas,SDP,4,14,0,2,2,0,8.40%,21.60%,0.135,0.288,0.241,0.309,0.375,0.301,95,0,-0.1,-0.2,0,,,,,,,,,,,,,,,
Batter,Ryan Ward,LAD,8,32,1,4,4,0,7.70%,26.50%,0.18,0.264,0.22,0.283,0.4,0.295,88,0,-0.5,-0.4,0,,,,,,,,,,,,,,,
Batter,LuJames Groover,ARI,1,5,0,1,1,0,8.70%,18.10%,0.124,0.305,0.261,0.332,0.385,0.316,101,0,0,0,0,,,,,,,,,,,,,,,
Batter,Wilmer Flores,,30,128,5,14,15,0,8.20%,18.50%,0.164,0.257,0.236,0.306,0.4,0.308,97,-0.6,-1.1,-3,0,,,,,,,,,,,,,,,
Batter,Andre Lipcius,,5,18,0,2,2,0,8.60%,23.40%,0.131,0.271,0.222,0.295,0.353,0.286,82,0,-0.4,0,0,,,,,,,,,,,,,,,
Batter,Sam Huff,BAL,2,8,0,1,1,0,7.20%,34.00%,0.143,0.292,0.208,0.269,0.351,0.272,73,0,-0.3,0.2,0,,,,,,,,,,,,,,,
Batter,Gabriel Rincones Jr.,PHI,11,44,1,5,5,1,10.30%,27.40%,0.15,0.274,0.215,0.303,0.365,0.294,86,0,-0.7,-0.5,0,,,,,,,,,,,,,,,
Batter,Vinny Capra,BOS,3,11,0,1,1,0,8.40%,23.00%,0.112,0.293,0.234,0.304,0.346,0.288,79,0,-0.3,0.1,0,,,,,,,,,,,,,,,
Batter,Chadwick Tromp,ATL,3,11,0,1,1,0,7.40%,26.40%,0.113,0.268,0.208,0.27,0.322,0.262,65,0,-0.5,0.2,0,,,,,,,,,,,,,,,
Batter,Javi Vaz,KCR,2,9,0,1,1,0,10.10%,13.00%,0.087,0.27,0.24,0.324,0.327,0.293,83,0,-0.2,0,0,,,,,,,,,,,,,,,
Batter,Ramón Rodríguez,MIL,1,5,0,0,0,0,8.50%,15.80%,0.119,0.257,0.231,0.304,0.349,0.29,85,0,-0.1,0.1,0,,,,,,,,,,,,,,,
Batter,Dairon Blanco,TEX,6,25,1,3,2,2,6.70%,25.40%,0.122,0.298,0.233,0.295,0.355,0.287,84,0.2,-0.3,-0.4,0,,,,,,,,,,,,,,,
Batter,Estevan Florial,,4,17,0,2,2,1,9.10%,30.10%,0.154,0.299,0.223,0.299,0.378,0.296,88,0,-0.2,-0.2,0,,,,,,,,,,,,,,,
Batter,Jamie Westbrook,,4,15,0,2,1,0,8.60%,20.80%,0.113,0.274,0.227,0.302,0.34,0.286,81,0,-0.4,0,0,,,,,,,,,,,,,,,
Batter,Juan Yepez,,5,22,1,2,3,0,7.80%,18.70%,0.157,0.268,0.24,0.303,0.397,0.305,94,0,-0.2,-0.4,0,,,,,,,,,,,,,,,
Batter,Paul McIntosh,PHI,2,6,0,1,1,0,8.80%,23.90%,0.13,0.259,0.212,0.29,0.342,0.28,76,0,-0.2,0.1,0,,,,,,,,,,,,,,,
Batter,Junior Perez,ATH,12,47,1,5,5,1,9.50%,32.00%,0.148,0.286,0.207,0.286,0.355,0.283,76,0,-1.3,-0.2,0,,,,,,,,,,,,,,,
Batter,Anthony Rendon,LAA,2,10,0,1,1,0,9.70%,18.60%,0.109,0.27,0.229,0.314,0.338,0.292,85,0,-0.2,0,0,,,,,,,,,,,,,,,
Batter,Clay Dungan,SDP,3,13,0,1,1,0,9.20%,27.40%,0.097,0.277,0.204,0.285,0.301,0.264,70,0,-0.5,0.2,0,,,,,,,,,,,,,,,
Batter,Joshua Palacios,,4,16,0,2,2,0,8.00%,23.60%,0.142,0.29,0.238,0.307,0.38,0.302,92,0,-0.2,-0.2,0,,,,,,,,,,,,,,,
Batter,Charles Leblanc,,2,8,0,1,1,0,10.80%,28.40%,0.127,0.305,0.226,0.315,0.352,0.297,89,0,-0.1,0,0,,,,,,,,,,,,,,,
Batter,Abraham Toro,KCR,8,33,1,4,3,0,7.10%,19.50%,0.136,0.285,0.244,0.305,0.38,0.3,88,-0.1,-0.6,-0.5,0,,,,,,,,,,,,,,,
Batter,DJ LeMahieu,,2,8,0,1,1,0,9.30%,21.20%,0.107,0.304,0.248,0.322,0.355,0.301,91,0,-0.1,0,0,,,,,,,,,,,,,,,
Batter,MJ Melendez,NYM,16,65,2,7,8,1,8.60%,29.00%,0.176,0.265,0.212,0.284,0.388,0.293,90,-0.1,-0.9,-1.1,0,,,,,,,,,,,,,,,
Batter,Rafael Lantigua,TOR,2,7,0,1,1,0,11.30%,21.10%,0.092,0.28,0.224,0.316,0.316,0.286,82,0,-0.2,0,0,,,,,,,,,,,,,,,
Batter,Connor Joe,SEA,5,20,0,2,2,0,10.30%,24.60%,0.126,0.276,0.218,0.307,0.344,0.291,91,0,-0.2,-0.3,0,,,,,,,,,,,,,,,
Batter,Chuckie Robinson,LAD,3,12,0,1,1,0,5.60%,26.90%,0.105,0.272,0.21,0.262,0.315,0.255,61,0,-0.6,0.2,0,,,,,,,,,,,,,,,
Batter,Alika Williams,PIT,11,43,1,4,4,0,6.60%,20.90%,0.098,0.283,0.231,0.288,0.328,0.273,71,-0.1,-1.5,0.2,0,,,,,,,,,,,,,,,
Batter,Dustin Harris,CHW,4,17,0,2,2,1,8.50%,23.80%,0.128,0.287,0.231,0.303,0.359,0.291,85,0,-0.3,-0.2,0,,,,,,,,,,,,,,,
Batter,Héctor Rodríguez,CIN,6,25,1,3,3,0,5.20%,17.80%,0.15,0.28,0.251,0.294,0.401,0.301,87,0,-0.4,-0.3,0,,,,,,,,,,,,,,,
Batter,Sam Hilliard,,3,11,0,1,1,0,9.30%,31.90%,0.176,0.301,0.222,0.297,0.398,0.301,92,0,-0.1,-0.1,0,,,,,,,,,,,,,,,
Batter,Sebastián Rivero,LAA,4,17,0,2,2,0,4.90%,22.80%,0.114,0.264,0.217,0.262,0.331,0.26,63,0,-0.8,0.3,0,,,,,,,,,,,,,,,
Batter,Malcom Nuñez,PIT,2,10,0,1,1,0,6.80%,21.30%,0.121,0.274,0.229,0.289,0.35,0.282,78,0,-0.3,0,0,,,,,,,,,,,,,,,
Batter,Jud Fabian,BAL,6,23,1,2,2,0,10.10%,34.30%,0.14,0.265,0.188,0.276,0.328,0.27,72,0,-0.8,0.1,0,,,,,,,,,,,,,,,
Batter,Joey Wiemer,WSN,33,134,4,13,13,2,8.80%,29.60%,0.14,0.273,0.207,0.285,0.347,0.279,77,-0.1,-3.7,-0.6,0,,,,,,,,,,,,,,,
Batter,Garrett Stubbs,PHI,7,27,0,3,2,0,8.10%,24.90%,0.102,0.274,0.214,0.287,0.316,0.269,68,0,-1.1,0.5,0,,,,,,,,,,,,,,,
Batter,René Pinto,PHI,4,14,0,1,2,0,5.30%,34.30%,0.158,0.282,0.206,0.253,0.364,0.268,68,0,-0.6,0.2,0,,,,,,,,,,,,,,,
Batter,Brandon Drury,KCR,4,16,0,2,2,0,7.10%,23.60%,0.141,0.275,0.227,0.29,0.367,0.288,80,0,-0.4,0,0,,,,,,,,,,,,,,,
Batter,Jakson Reetz,SEA,1,5,0,0,0,0,7.70%,31.20%,0.144,0.243,0.185,0.26,0.329,0.261,71,0,-0.2,0.1,0,,,,,,,,,,,,,,,
Batter,Jason Delay,BOS,2,8,0,1,1,0,6.30%,21.60%,0.085,0.277,0.221,0.278,0.306,0.26,60,0,-0.4,0.1,0,,,,,,,,,,,,,,,
Batter,Cal Stevenson,DET,2,8,0,1,1,0,13.10%,25.00%,0.105,0.284,0.216,0.322,0.321,0.29,84,0,-0.1,0,0,,,,,,,,,,,,,,,
Batter,Blake Sabol,TBR,5,18,0,2,2,0,8.50%,32.20%,0.125,0.285,0.203,0.279,0.328,0.27,70,0,-0.7,0.1,0,,,,,,,,,,,,,,,
Batter,Matt Rudick,NYM,2,8,0,1,1,0,10.60%,26.10%,0.11,0.271,0.206,0.299,0.316,0.278,79,0,-0.2,0,0,,,,,,,,,,,,,,,
Batter,Brennen Davis,SEA,6,26,1,3,3,0,8.10%,31.50%,0.162,0.258,0.199,0.279,0.36,0.282,85,0,-0.5,-0.3,0,,,,,,,,,,,,,,,
Batter,Edward Olivares,TBR,4,18,1,2,2,0,6.90%,20.60%,0.147,0.277,0.24,0.3,0.386,0.3,90,0,-0.2,-0.3,0,,,,,,,,,,,,,,,
Batter,Daz Cameron,MIL,4,15,0,2,2,0,8.20%,28.00%,0.157,0.285,0.223,0.294,0.38,0.295,88,0,-0.2,-0.2,0,,,,,,,,,,,,,,,
Batter,Nick Senzel,LAD,5,20,1,2,2,0,8.60%,23.40%,0.127,0.258,0.214,0.287,0.34,0.278,76,0,-0.6,0,0,,,,,,,,,,,,,,,
Batter,Bryan Lavastida,ATH,1,4,0,0,0,0,8.40%,23.70%,0.121,0.269,0.217,0.291,0.337,0.279,74,0,-0.1,0.1,0,,,,,,,,,,,,,,,
Batter,Gage Workman,DET,4,16,0,2,1,0,8.10%,36.30%,0.142,0.308,0.204,0.273,0.346,0.272,72,0,-0.5,0.1,0,,,,,,,,,,,,,,,
Batter,Curt Casali,,2,6,0,1,1,0,9.80%,23.40%,0.109,0.274,0.218,0.304,0.327,0.284,80,0,-0.2,0.1,0,,,,,,,,,,,,,,,
Batter,Patrick Wisdom,SEA,7,28,1,3,4,0,8.10%,34.80%,0.208,0.249,0.196,0.268,0.403,0.29,91,-0.1,-0.4,-0.5,0,,,,,,,,,,,,,,,
Batter,Darrien Miller,MIL,1,4,0,0,0,0,12.00%,28.70%,0.105,0.252,0.184,0.301,0.289,0.272,73,0,-0.1,0.1,0,,,,,,,,,,,,,,,
Batter,Luca Tresh,KCR,1,3,0,0,0,0,7.10%,24.40%,0.142,0.273,0.223,0.283,0.365,0.284,77,0,-0.1,0.1,0,,,,,,,,,,,,,,,
Batter,Ryan Clifford,NYM,8,31,1,3,3,0,11.20%,30.30%,0.163,0.269,0.206,0.303,0.369,0.297,92,0,-0.3,-0.6,0,,,,,,,,,,,,,,,
Batter,Kaelen Culpepper,MIN,1,2,0,0,0,0,7.10%,20.50%,0.13,0.289,0.244,0.306,0.374,0.299,90,0,0,0,0,,,,,,,,,,,,,,,
Batter,Jacob Amaya,ARI,3,12,0,1,1,0,9.00%,26.50%,0.107,0.277,0.212,0.287,0.319,0.271,70,0,-0.4,0.1,0,,,,,,,,,,,,,,,
Batter,David Bote,LAD,2,9,0,1,1,0,7.20%,24.00%,0.137,0.278,0.226,0.289,0.363,0.286,82,0,-0.2,0,0,,,,,,,,,,,,,,,
Batter,Max Clark,DET,1,2,0,0,0,0,11.70%,22.00%,0.129,0.288,0.234,0.329,0.364,0.308,97,0,0,0,0,,,,,,,,,,,,,,,
Batter,Dominic Fletcher,PIT,10,40,1,4,4,0,6.30%,21.60%,0.125,0.288,0.237,0.293,0.363,0.287,80,-0.1,-1,-0.3,0,,,,,,,,,,,,,,,
Batter,Jared Serna,MIA,10,40,1,4,3,1,7.60%,18.50%,0.095,0.261,0.22,0.286,0.316,0.268,68,0,-1.5,0.3,0,,,,,,,,,,,,,,,
Batter,Jake Cave,,6,23,1,2,2,0,6.40%,24.90%,0.14,0.307,0.244,0.296,0.384,0.296,88,0,-0.3,-0.4,0,,,,,,,,,,,,,,,
Batter,Christian Cerda,ARI,0,2,0,0,0,0,11.20%,22.00%,0.13,0.263,0.218,0.311,0.348,0.294,86,0,0,0,0,,,,,,,,,,,,,,,
Batter,Kevin Kiermaier,,3,12,0,1,1,0,6.10%,27.10%,0.125,0.294,0.225,0.278,0.351,0.276,74,0,-0.4,0,0,,,,,,,,,,,,,,,
Batter,Keston Hiura,LAD,2,8,0,1,1,0,7.00%,31.50%,0.18,0.299,0.228,0.296,0.408,0.305,95,0,-0.1,-0.1,0,,,,,,,,,,,,,,,
Batter,Onil Perez,SFG,1,2,0,0,0,0,9.20%,17.20%,0.088,0.271,0.229,0.307,0.318,0.281,80,0,-0.1,0,0,,,,,,,,,,,,,,,
Batter,Kevin Parada,NYM,1,4,0,0,0,0,7.40%,30.50%,0.122,0.274,0.202,0.268,0.324,0.262,68,0,-0.2,0.1,0,,,,,,,,,,,,,,,
Batter,Hunter Renfroe,,4,16,1,2,2,0,7.90%,22.10%,0.168,0.267,0.232,0.297,0.4,0.304,93,-0.1,-0.2,-0.3,0,,,,,,,,,,,,,,,
Batter,Nick Solak,SDP,1,3,0,0,0,0,8.60%,19.70%,0.11,0.295,0.247,0.322,0.356,0.3,95,0,0,0,0,,,,,,,,,,,,,,,
Batter,BJ Murray,CHC,1,4,0,0,0,0,10.90%,26.00%,0.127,0.267,0.21,0.301,0.336,0.285,83,0,-0.1,0,0,,,,,,,,,,,,,,,
Batter,Ismael Munguia,TOR,1,3,0,0,0,0,6.90%,14.20%,0.108,0.268,0.241,0.306,0.349,0.29,85,0,-0.1,0,0,,,,,,,,,,,,,,,
Batter,Danny Mendick,,2,8,0,1,1,0,6.70%,21.50%,0.117,0.278,0.231,0.288,0.348,0.28,77,0,-0.2,0,0,,,,,,,,,,,,,,,
Batter,Jake Slaughter,,2,8,0,1,1,0,7.10%,29.20%,0.124,0.294,0.219,0.284,0.343,0.277,75,0,-0.2,0,0,,,,,,,,,,,,,,,
Batter,Peyton Wilson,KCR,2,6,0,1,1,0,8.40%,25.50%,0.109,0.297,0.226,0.298,0.334,0.282,76,0,-0.2,0,0,,,,,,,,,,,,,,,
Batter,Cooper Hummel,,2,6,0,1,1,0,12.50%,28.70%,0.142,0.29,0.214,0.322,0.356,0.304,93,0,-0.1,-0.1,0,,,,,,,,,,,,,,,
Batter,Vimael Machín,COL,4,16,0,2,2,0,7.70%,19.80%,0.126,0.295,0.249,0.311,0.375,0.3,77,0,-0.4,0,0,,,,,,,,,,,,,,,
Batter,Tanner Schobel,MIN,2,10,0,1,1,0,8.50%,23.80%,0.108,0.277,0.219,0.29,0.326,0.275,73,0,-0.3,0,0,,,,,,,,,,,,,,,
Batter,Andrew Cossetti,MIN,1,3,0,0,0,0,10.00%,32.20%,0.127,0.273,0.193,0.285,0.32,0.272,71,0,-0.1,0.1,0,,,,,,,,,,,,,,,
Pitcher,Tarik Skubal,DET,,,,,,,,,,,,,,,,,,,,14,9,0,32,32,199.2,10.95,1.96,0.91,0.288,77.20%,42.40%,2.79,2.78,5.9
Pitcher,Paul Skenes,PIT,,,,,,,,,,,,,,,,,,,,13,9,0,32,32,194,10.99,2.39,0.82,0.298,75.90%,44.40%,2.92,2.78,5.7
Pitcher,Garrett Crochet,BOS,,,,,,,,,,,,,,,,,,,,14,9,0,32,32,193,11.14,2.33,0.91,0.3,75.80%,45.50%,3.02,2.84,5.6
Pitcher,Cristopher Sánchez,PHI,,,,,,,,,,,,,,,,,,,,14,9,0,32,32,198,8.7,2.3,0.8,0.302,74.80%,54.50%,3.15,3.22,4.7
Pitcher,Chris Sale,ATL,,,,,,,,,,,,,,,,,,,,12,8,0,28,28,168.2,10.98,2.36,0.97,0.297,75.00%,41.70%,3.19,3.04,4.2
Pitcher,Logan Webb,SFG,,,,,,,,,,,,,,,,,,,,13,10,0,32,32,199.1,8.46,2.13,0.75,0.309,73.10%,54.70%,3.32,3.15,4.1
Pitcher,Cole Ragans,KCR,,,,,,,,,,,,,,,,,,,,12,9,0,29,29,172,11.02,3.26,0.99,0.293,76.00%,39.80%,3.31,3.3,4.1
Pitcher,Jacob deGrom,TEX,,,,,,,,,,,,,,,,,,,,11,9,0,29,29,174.2,10.44,2.05,1.22,0.29,74.50%,37.90%,3.52,3.34,4
Pitcher,Sonny Gray,BOS,,,,,,,,,,,,,,,,,,,,12,10,0,31,31,181.1,9.41,2.38,1.05,0.305,72.90%,45.10%,3.69,3.44,3.9
Pitcher,Dylan Cease,TOR,,,,,,,,,,,,,,,,,,,,12,9,0,31,31,177.2,10.57,3.29,1.07,0.288,75.10%,38.10%,3.54,3.52,3.8
Pitcher,Framber Valdez,DET,,,,,,,,,,,,,,,,,,,,12,10,0,31,31,190.1,8.33,2.93,0.73,0.308,73.30%,55.50%,3.43,3.44,3.7
Pitcher,Zack Wheeler,PHI,,,,,,,,,,,,,,,,,,,,11,7,0,26,26,154.2,10.33,2.27,1.04,0.288,75.60%,41.50%,3.2,3.22,3.7
Pitcher,Max Fried,NYY,,,,,,,,,,,,,,,,,,,,13,9,0,31,31,189.1,8.54,2.58,0.89,0.296,75.30%,50.50%,3.28,3.5,3.7
Pitcher,Hunter Brown,HOU,,,,,,,,,,,,,,,,,,,,12,10,0,31,31,184.1,9.79,2.97,1.02,0.299,73.70%,47.30%,3.63,3.54,3.6
Pitcher,Jesús Luzardo,PHI,,,,,,,,,,,,,,,,,,,,12,10,0,31,31,181,9.84,2.85,1.16,0.289,75.40%,40.40%,3.57,3.67,3.5
Pitcher,Yoshinobu Yamamoto,LAD,,,,,,,,,,,,,,,,,,,,11,7,0,26,26,154.1,9.48,2.75,0.98,0.3,74.50%,49.20%,3.45,3.46,3.4
Pitcher,Nathan Eovaldi,TEX,,,,,,,,,,,,,,,,,,,,11,9,0,29,29,174.2,8.85,2.3,1.06,0.3,73.20%,46.00%,3.65,3.58,3.4
Pitcher,Joe Ryan,MIN,,,,,,,,,,,,,,,,,,,,11,10,0,29,29,172.2,9.86,2.18,1.3,0.289,73.30%,33.60%,3.81,3.69,3.3
Pitcher,Bryan Woo,SEA,,,,,,,,,,,,,,,,,,,,12,10,0,32,32,195,9.02,2.04,1.2,0.284,74.00%,39.50%,3.6,3.66,3.3
Pitcher,Ranger Suarez,BOS,,,,,,,,,,,,,,,,,,,,11,10,0,29,29,171.2,8.04,2.59,0.96,0.306,72.90%,49.00%,3.74,3.69,3.3
Pitcher,Drew Rasmussen,TBR,,,,,,,,,,,,,,,,,,,,11,10,0,31,31,171,8.47,2.37,1.03,0.299,72.60%,45.70%,3.72,3.63,3.2
Pitcher,Shane McClanahan,TBR,,,,,,,,,,,,,,,,,,,,9,8,0,24,24,142.1,9.99,2.64,1.03,0.294,75.40%,44.50%,3.35,3.37,3.2
Pitcher,Logan Gilbert,SEA,,,,,,,,,,,,,,,,,,,,11,9,0,29,29,166.1,9.82,2.1,1.13,0.287,74.80%,39.80%,3.4,3.39,3.2
Pitcher,George Kirby,SEA,,,,,,,,,,,,,,,,,,,,12,10,0,31,31,178.1,8.77,1.71,1.11,0.29,73.50%,42.30%,3.51,3.49,3.2
Pitcher,Brandon Woodruff,MIL,,,,,,,,,,,,,,,,,,,,10,10,0,28,28,167.2,9.45,2.46,1.31,0.286,73.70%,36.40%,3.86,3.87,3.1
Pitcher,Kyle Bradish,BAL,,,,,,,,,,,,,,,,,,,,10,9,0,28,28,154,9.5,2.82,1.08,0.302,73.70%,45.20%,3.72,3.65,3
Pitcher,José Soriano,LAA,,,,,,,,,,,,,,,,,,,,11,11,0,31,31,177.1,8.37,3.83,0.75,0.312,73.50%,57.20%,3.68,3.79,3
Pitcher,Aaron Nola,PHI,,,,,,,,,,,,,,,,,,,,11,10,0,31,31,180.2,8.71,2.33,1.32,0.293,73.30%,42.30%,3.98,3.98,3
Pitcher,Kevin Gausman,TOR,,,,,,,,,,,,,,,,,,,,11,10,0,31,31,185.1,8.8,2.65,1.22,0.291,72.80%,37.90%,3.98,3.9,2.9
Pitcher,Michael King,SDP,,,,,,,,,,,,,,,,,,,,10,10,0,29,29,166.2,9.35,3.12,1.18,0.289,74.30%,40.20%,3.8,3.92,2.9
Pitcher,Tyler Glasnow,LAD,,,,,,,,,,,,,,,,,,,,10,7,0,24,24,141.1,10.49,3.31,1.06,0.296,74.30%,44.70%,3.61,3.53,2.9
Pitcher,Freddy Peralta,NYM,,,,,,,,,,,,,,,,,,,,11,9,0,29,29,168.1,9.9,3.34,1.2,0.282,74.30%,37.20%,3.8,3.92,2.7
Pitcher,MacKenzie Gore,TEX,,,,,,,,,,,,,,,,,,,,10,9,0,29,29,161.1,10.17,3.41,1.17,0.294,74.30%,39.00%,3.82,3.81,2.7
Pitcher,Nick Pivetta,SDP,,,,,,,,,,,,,,,,,,,,10,10,0,29,29,174,9.91,2.79,1.39,0.286,74.20%,33.80%,3.97,3.95,2.6
Pitcher,Eury Pérez,MIA,,,,,,,,,,,,,,,,,,,,9,10,0,28,28,154,10.02,3.14,1.28,0.285,73.20%,32.30%,4,3.91,2.6
Pitcher,Jack Flaherty,DET,,,,,,,,,,,,,,,,,,,,10,10,0,29,29,163,9.74,3.16,1.18,0.293,73.70%,39.80%,3.89,3.85,2.6
Pitcher,Yusei Kikuchi,LAA,,,,,,,,,,,,,,,,,,,,10,11,0,31,31,177.2,9.21,3.19,1.32,0.297,73.70%,40.70%,4.11,4.15,2.6
Pitcher,Shohei Ohtani,LAD,,,,,,,,,,,,,,,,,,,,9,6,0,23,23,117,10.5,2.79,1.14,0.29,75.40%,41.20%,3.46,3.49,2.6
Pitcher,Blake Snell,LAD,,,,,,,,,,,,,,,,,,,,9,6,0,23,23,127,11.04,3.94,1.05,0.292,75.70%,42.90%,3.54,3.59,2.5
Pitcher,Sandy Alcantara,MIA,,,,,,,,,,,,,,,,,,,,10,12,0,31,31,186.2,7.64,2.7,1.07,0.304,70.90%,47.00%,4.16,4.01,2.5
Pitcher,Spencer Strider,ATL,,,,,,,,,,,,,,,,,,,,10,8,0,26,26,151.1,10.48,3.23,1.18,0.295,73.90%,37.20%,3.82,3.73,2.5
Pitcher,Emmet Sheehan,LAD,,,,,,,,,,,,,,,,,,,,10,8,0,44,24,157,10.14,3.14,1.34,0.286,74.50%,35.70%,3.94,4,2.5
Pitcher,Nick Lodolo,CIN,,,,,,,,,,,,,,,,,,,,9,10,0,28,28,157,9.19,2.5,1.3,0.297,72.60%,42.20%,4.03,4.05,2.5
Pitcher,Cody Ponce,TOR,,,,,,,,,,,,,,,,,,,,9,9,0,44,23,154.2,8.76,2.56,1.13,0.3,72.50%,44.00%,3.91,3.8,2.4
Pitcher,Luis Castillo,SEA,,,,,,,,,,,,,,,,,,,,11,10,0,31,31,181.1,8.51,2.54,1.23,0.286,73.60%,39.90%,3.86,3.98,2.4
Pitcher,Merrill Kelly,ARI,,,,,,,,,,,,,,,,,,,,10,10,0,29,29,172.2,8.24,2.76,1.15,0.303,72.00%,42.30%,4.12,3.96,2.4
Pitcher,Brady Singer,CIN,,,,,,,,,,,,,,,,,,,,10,11,0,31,31,178.1,8.41,2.87,1.36,0.3,72.00%,43.90%,4.37,4.36,2.3
Pitcher,Tanner Bibee,CLE,,,,,,,,,,,,,,,,,,,,10,11,0,31,31,182,8.5,2.75,1.28,0.292,72.70%,39.60%,4.1,4.14,2.3
Pitcher,Carlos Rodón,NYY,,,,,,,,,,,,,,,,,,,,10,9,0,28,28,161.2,9.76,3.26,1.27,0.284,73.80%,36.30%,3.96,4.03,2.3
Pitcher,Chase Burns,CIN,,,,,,,,,,,,,,,,,,,,7,7,0,27,19,114.1,10.24,2.83,1.23,0.293,74.70%,40.90%,3.71,3.67,2.3
Pitcher,Mitch Keller,PIT,,,,,,,,,,,,,,,,,,,,10,12,0,31,31,179.2,7.78,2.75,1.15,0.302,70.10%,42.70%,4.35,4.15,2.3
Pitcher,Ryan Pepiot,TBR,,,,,,,,,,,,,,,,,,,,9,10,0,28,28,156.1,9.49,3.25,1.28,0.287,73.60%,36.20%,4.02,4.09,2.3
Pitcher,Matthew Boyd,CHC,,,,,,,,,,,,,,,,,,,,11,10,0,29,29,173.2,8.09,2.71,1.25,0.285,73.80%,37.70%,3.93,4.18,2.2
Pitcher,Kris Bubic,KCR,,,,,,,,,,,,,,,,,,,,9,9,0,34,24,149.1,8.52,3.13,1.08,0.301,73.20%,45.00%,3.91,3.95,2.2
Pitcher,David Peterson,NYM,,,,,,,,,,,,,,,,,,,,11,9,0,29,29,169.2,7.96,3.47,0.92,0.298,74.60%,51.60%,3.65,3.98,2.2
Pitcher,Cade Cavalli,WSN,,,,,,,,,,,,,,,,,,,,9,10,0,26,26,156,7.56,3.07,1,0.3,72.10%,49.90%,3.99,4.09,2.2
Pitcher,Joe Musgrove,SDP,,,,,,,,,,,,,,,,,,,,9,9,0,26,26,149.2,8.52,2.31,1.22,0.294,72.80%,42.00%,3.91,3.96,2.2
Pitcher,Zac Gallen,ARI,,,,,,,,,,,,,,,,,,,,11,11,0,31,31,184,8.51,2.9,1.14,0.308,71.30%,43.00%,4.24,3.96,2.2
Pitcher,Casey Mize,DET,,,,,,,,,,,,,,,,,,,,9,10,0,28,28,150.2,7.96,2.49,1.2,0.295,72.20%,41.50%,4.06,4.02,2.2
Pitcher,Grayson Rodriguez,LAA,,,,,,,,,,,,,,,,,,,,7,7,0,21,21,119.2,9.48,3.05,1.16,0.296,74.00%,42.50%,3.82,3.83,2.1
Pitcher,Andrew Abbott,CIN,,,,,,,,,,,,,,,,,,,,9,11,0,29,29,170.1,8.32,2.9,1.59,0.286,72.90%,32.90%,4.54,4.64,2
Pitcher,Nolan McLean,NYM,,,,,,,,,,,,,,,,,,,,10,8,0,26,26,149,8.53,3.49,0.94,0.294,73.60%,49.90%,3.71,3.92,2
Pitcher,Trevor Rogers,BAL,,,,,,,,,,,,,,,,,,,,10,9,0,28,28,158.2,7.66,3.05,1.16,0.3,72.20%,43.40%,4.2,4.23,2
Pitcher,Foster Griffin,WSN,,,,,,,,,,,,,,,,,,,,8,9,0,35,23,141.1,7.73,2.61,1.08,0.3,72.60%,46.20%,3.93,3.98,2
Pitcher,Shane Bieber,TOR,,,,,,,,,,,,,,,,,,,,8,7,0,31,19,124,8.37,2.09,1.11,0.299,73.00%,45.80%,3.74,3.67,2
Pitcher,Bailey Ober,MIN,,,,,,,,,,,,,,,,,,,,9,10,0,28,28,159.2,8.15,2.17,1.54,0.289,72.20%,31.80%,4.4,4.39,2
Pitcher,Steven Matz,TBR,,,,,,,,,,,,,,,,,,,,8,9,0,35,23,137.2,7.62,2.57,1.19,0.294,72.20%,43.60%,4.06,4.13,2
Pitcher,Gerrit Cole,NYY,,,,,,,,,,,,,,,,,,,,8,8,0,23,23,134.1,9.2,2.63,1.33,0.285,73.70%,37.90%,3.94,4,2
Pitcher,Gavin Williams,CLE,,,,,,,,,,,,,,,,,,,,10,11,0,31,31,177.1,9.19,3.88,1.16,0.296,73.50%,42.00%,4.09,4.17,2
Pitcher,Reid Detmers,LAA,,,,,,,,,,,,,,,,,,,,8,9,0,36,24,150.2,9.52,3.44,1.22,0.295,73.40%,39.70%,4.03,4.06,2
Pitcher,Shota Imanaga,CHC,,,,,,,,,,,,,,,,,,,,9,9,0,26,26,155,8.16,1.96,1.55,0.284,74.20%,33.50%,4.11,4.29,2
Pitcher,Trey Yesavage,TOR,,,,,,,,,,,,,,,,,,,,8,7,0,35,21,132.2,10.03,3.64,1.08,0.29,74.40%,41.30%,3.72,3.78,2
Pitcher,Chris Bassitt,BAL,,,,,,,,,,,,,,,,,,,,10,11,0,37,29,179.1,8.14,3.04,1.22,0.301,71.50%,43.80%,4.3,4.28,1.9
Pitcher,Edward Cabrera,CHC,,,,,,,,,,,,,,,,,,,,9,9,0,26,26,142.1,9.57,3.64,1.06,0.297,72.40%,45.60%,3.96,3.91,1.9
Pitcher,Michael Wacha,KCR,,,,,,,,,,,,,,,,,,,,10,11,0,29,29,170,7.16,2.65,1.35,0.294,70.90%,37.70%,4.5,4.48,1.9
Pitcher,Max Meyer,MIA,,,,,,,,,,,,,,,,,,,,8,9,0,34,24,149,8.29,2.92,1.12,0.301,72.20%,46.20%,4.05,4,1.9
Pitcher,Clay Holmes,NYM,,,,,,,,,,,,,,,,,,,,10,9,0,28,28,154,7.52,3.62,0.84,0.302,72.50%,54.30%,3.88,4.05,1.9
Pitcher,Reynaldo López,ATL,,,,,,,,,,,,,,,,,,,,9,9,0,34,24,150,9.13,3.12,1.16,0.299,72.50%,40.10%,4.06,3.92,1.9
Pitcher,Braxton Garrett,MIA,,,,,,,,,,,,,,,,,,,,7,7,0,27,19,117,7.89,2.25,1.04,0.303,72.00%,47.30%,3.84,3.8,1.9
Pitcher,Bubba Chandler,PIT,,,,,,,,,,,,,,,,,,,,9,10,0,38,26,162.1,8.22,3.52,1.15,0.296,71.60%,41.50%,4.3,4.3,1.8
Pitcher,Taj Bradley,MIN,,,,,,,,,,,,,,,,,,,,8,9,0,36,24,145.1,8.8,3.19,1.25,0.298,72.40%,39.90%,4.23,4.15,1.8
Pitcher,Shane Baz,BAL,,,,,,,,,,,,,,,,,,,,9,10,0,28,28,159,8.84,3.29,1.28,0.298,72.20%,42.10%,4.29,4.26,1.8
Pitcher,Brayan Bello,BOS,,,,,,,,,,,,,,,,,,,,9,10,0,28,28,156,7.49,3.17,1.05,0.311,70.30%,49.60%,4.41,4.21,1.8
Pitcher,Brandon Pfaadt,ARI,,,,,,,,,,,,,,,,,,,,10,10,0,29,29,164,7.81,2.15,1.27,0.304,70.60%,41.20%,4.31,4.07,1.8
Pitcher,Shane Smith,CHW,,,,,,,,,,,,,,,,,,,,9,11,0,29,29,168.1,8.25,3.45,1.26,0.294,71.80%,41.60%,4.37,4.45,1.8
Pitcher,Luis Severino,ATH,,,,,,,,,,,,,,,,,,,,10,11,0,29,29,172.2,7.36,2.9,1.32,0.297,70.90%,42.30%,4.51,4.54,1.8
Pitcher,Jeffrey Springs,ATH,,,,,,,,,,,,,,,,,,,,9,11,0,29,29,166,7.72,2.88,1.5,0.291,71.70%,35.70%,4.62,4.64,1.8
Pitcher,Tatsuya Imai,HOU,,,,,,,,,,,,,,,,,,,,9,9,0,26,26,153,8.55,3.65,1.16,0.305,71.60%,45.60%,4.37,4.27,1.8
Pitcher,Seth Lugo,KCR,,,,,,,,,,,,,,,,,,,,9,10,0,28,28,161.1,7.73,2.94,1.3,0.301,71.20%,41.20%,4.49,4.4,1.7
Pitcher,Jared Jones,PIT,,,,,,,,,,,,,,,,,,,,7,6,0,24,18,107,9.51,3.02,1.13,0.294,73.40%,39.10%,3.83,3.79,1.7
Pitcher,Braxton Ashcraft,PIT,,,,,,,,,,,,,,,,,,,,8,9,0,45,23,145.1,7.64,2.94,1.03,0.302,71.60%,46.20%,4.08,4.03,1.7
Pitcher,Mike Burrows,HOU,,,,,,,,,,,,,,,,,,,,9,9,0,34,26,146.1,8.73,3.1,1.31,0.293,72.40%,41.00%,4.24,4.24,1.7
Pitcher,Justin Verlander,DET,,,,,,,,,,,,,,,,,,,,8,9,0,26,26,143.1,7.53,2.76,1.33,0.284,71.40%,33.20%,4.37,4.42,1.6
Pitcher,Robbie Ray,SFG,,,,,,,,,,,,,,,,,,,,10,11,0,31,31,179.2,9.39,3.45,1.28,0.291,73.00%,36.20%,4.2,4.17,1.6
Pitcher,Kodai Senga,NYM,,,,,,,,,,,,,,,,,,,,9,8,0,35,23,137.1,9.04,3.84,1.07,0.292,73.80%,43.70%,3.92,4.06,1.6
Pitcher,Hunter Greene,CIN,,,,,,,,,,,,,,,,,,,,5,5,0,15,15,82.2,10.79,3.01,1.38,0.284,74.30%,33.60%,3.91,3.9,1.6
Pitcher,Kumar Rocker,TEX,,,,,,,,,,,,,,,,,,,,8,9,0,39,23,138,7.9,2.85,1.17,0.302,71.30%,45.70%,4.23,4.13,1.6
Pitcher,Anthony Kay,CHW,,,,,,,,,,,,,,,,,,,,8,9,0,41,21,140,7.18,3.33,1.06,0.303,72.70%,49.60%,4.14,4.3,1.6
Pitcher,Cam Schlittler,NYY,,,,,,,,,,,,,,,,,,,,8,8,0,23,23,126.1,8.61,3.44,1.16,0.288,73.10%,44.00%,4.01,4.19,1.6
Pitcher,Zach Eflin,BAL,,,,,,,,,,,,,,,,,,,,9,9,0,36,26,156,7.06,1.7,1.41,0.3,71.60%,42.60%,4.32,4.27,1.6
Pitcher,Dustin May,STL,,,,,,,,,,,,,,,,,,,,9,10,0,36,26,161.1,8.27,3.35,1.14,0.297,71.70%,42.60%,4.22,4.22,1.6
Pitcher,Jack Leiter,TEX,,,,,,,,,,,,,,,,,,,,9,10,0,28,28,149.2,8.7,3.82,1.34,0.29,71.80%,37.30%,4.52,4.54,1.6
Pitcher,Noah Cameron,KCR,,,,,,,,,,,,,,,,,,,,9,9,0,26,26,148.1,7.4,3.02,1.23,0.298,72.10%,43.00%,4.31,4.39,1.6
Pitcher,Ryne Nelson,ARI,,,,,,,,,,,,,,,,,,,,10,10,0,38,28,163.2,7.49,2.56,1.22,0.302,71.20%,39.60%,4.32,4.19,1.6
Pitcher,Eduardo Rodriguez,ARI,,,,,,,,,,,,,,,,,,,,8,8,0,31,23,133.2,8,3.13,1.2,0.3,72.10%,39.90%,4.28,4.22,1.5
Pitcher,Jacob Misiorowski,MIL,,,,,,,,,,,,,,,,,,,,8,9,0,32,24,143,9.8,4.28,1.18,0.288,73.50%,39.50%,4.11,4.27,1.5
Pitcher,Mason Miller,SDP,,,,,,,,,,,,,,,,,,,,4,2,32,66,0,66,14.27,3.46,0.75,0.282,80.40%,36.80%,2.39,2.31,1.5
Pitcher,Kyle Freeland,COL,,,,,,,,,,,,,,,,,,,,8,12,0,29,29,167.2,6.71,2.37,1.51,0.317,68.80%,40.70%,5.15,4.74,1.5
Pitcher,Roki Sasaki,LAD,,,,,,,,,,,,,,,,,,,,7,7,0,40,18,119.1,8.58,3.32,1.17,0.301,72.00%,46.40%,4.2,4.18,1.5
Pitcher,Sean Manaea,NYM,,,,,,,,,,,,,,,,,,,,8,7,0,48,18,126.2,9.35,2.92,1.24,0.286,74.20%,38.70%,3.82,3.97,1.5
Pitcher,Zack Littell,WSN,,,,,,,,,,,,,,,,,,,,8,10,0,26,26,151.2,6.68,1.94,1.5,0.293,70.70%,38.50%,4.56,4.58,1.5
Pitcher,Zebby Matthews,MIN,,,,,,,,,,,,,,,,,,,,6,6,0,34,16,105.1,8.47,2.24,1.25,0.297,72.40%,39.70%,4.01,3.9,1.5
Pitcher,Simeon Woods Richardson,MIN,,,,,,,,,,,,,,,,,,,,8,10,0,36,26,149.2,8.07,3.42,1.35,0.295,71.40%,36.20%,4.59,4.53,1.5
Pitcher,Jameson Taillon,CHC,,,,,,,,,,,,,,,,,,,,8,10,0,26,26,147,7.01,2.18,1.47,0.292,70.90%,37.70%,4.53,4.52,1.5
Pitcher,Jacob Lopez,ATH,,,,,,,,,,,,,,,,,,,,8,8,0,23,23,124,9.01,3.67,1.35,0.289,72.70%,36.30%,4.35,4.46,1.5
Pitcher,Parker Messick,CLE,,,,,,,,,,,,,,,,,,,,8,9,0,24,24,138.1,8.01,3.1,1.15,0.296,72.70%,44.70%,4.08,4.19,1.4
Pitcher,Will Warren,NYY,,,,,,,,,,,,,,,,,,,,8,8,0,43,21,134,8.78,3.13,1.22,0.292,73.50%,43.70%,4.02,4.12,1.4
Pitcher,Grant Holmes,ATL,,,,,,,,,,,,,,,,,,,,9,9,0,36,24,147.1,8.74,3.44,1.17,0.304,72.20%,43.30%,4.26,4.16,1.4
Pitcher,Joey Cantillo,CLE,,,,,,,,,,,,,,,,,,,,8,9,0,54,21,148.2,9.19,3.91,1.12,0.292,74.20%,42.20%,3.95,4.11,1.4
Pitcher,Tyler Mahle,SFG,,,,,,,,,,,,,,,,,,,,8,9,0,26,26,148,7.68,2.7,1.19,0.295,71.90%,40.50%,4.17,4.14,1.4
Pitcher,Ryan Weathers,NYY,,,,,,,,,,,,,,,,,,,,8,7,0,37,19,124.1,8.87,3.05,1.23,0.289,74.90%,41.70%,3.84,4.08,1.4
Pitcher,Bryce Miller,SEA,,,,,,,,,,,,,,,,,,,,9,9,0,26,26,143.1,7.99,2.71,1.35,0.286,72.70%,37.60%,4.2,4.32,1.4
Pitcher,Spencer Schwellenbach,ATL,,,,,,,,,,,,,,,,,,,,5,4,0,13,13,77,8.79,2.07,1.09,0.301,73.20%,45.30%,3.65,3.56,1.4
Pitcher,Nick Martinez,TBR,,,,,,,,,,,,,,,,,,,,8,9,0,47,21,144.1,7.09,2.45,1.3,0.296,71.00%,41.00%,4.39,4.36,1.4
Pitcher,Chad Patrick,MIL,,,,,,,,,,,,,,,,,,,,8,10,0,26,26,148,8.12,2.94,1.5,0.283,72.30%,35.10%,4.47,4.61,1.3
Pitcher,Michael McGreevy,STL,,,,,,,,,,,,,,,,,,,,8,9,0,31,23,137.1,6.1,2.21,1.06,0.301,71.50%,49.70%,4.05,4.14,1.3
Pitcher,Davis Martin,CHW,,,,,,,,,,,,,,,,,,,,8,11,0,28,28,159,7.03,3.15,1.34,0.298,71.10%,43.00%,4.63,4.69,1.3
Pitcher,Max Scherzer,TOR,,,,,,,,,,,,,,,,,,,,7,7,0,38,18,117.1,9,2.38,1.51,0.283,73.00%,31.00%,4.21,4.23,1.3
Pitcher,Justin Steele,CHC,,,,,,,,,,,,,,,,,,,,5,5,0,15,15,83,8.53,2.54,1.06,0.296,73.90%,45.30%,3.63,3.72,1.3
Pitcher,Matthew Liberatore,STL,,,,,,,,,,,,,,,,,,,,9,10,0,28,28,157.1,7.42,3,1.21,0.296,71.60%,40.30%,4.33,4.35,1.3
Pitcher,Andre Pallante,STL,,,,,,,,,,,,,,,,,,,,8,9,0,24,24,136.1,6.27,3.49,0.85,0.31,71.10%,56.50%,4.21,4.23,1.3
Pitcher,Aaron Civale,ATH,,,,,,,,,,,,,,,,,,,,8,9,0,24,24,133.2,7.76,2.85,1.51,0.294,71.20%,37.30%,4.7,4.68,1.3
Pitcher,Quinn Priester,MIL,,,,,,,,,,,,,,,,,,,,7,8,0,21,21,117.1,7.31,3.11,1.07,0.303,71.90%,51.00%,4.16,4.22,1.3
Pitcher,Connelly Early,BOS,,,,,,,,,,,,,,,,,,,,5,4,0,32,10,76.2,9.05,3.3,0.93,0.301,73.70%,48.20%,3.65,3.72,1.3
Pitcher,Grant Taylor,CHW,,,,,,,,,,,,,,,,,,,,5,5,5,79,3,93.2,10.39,3.49,0.92,0.295,75.50%,45.10%,3.35,3.41,1.3
Pitcher,Robby Snelling,MIA,,,,,,,,,,,,,,,,,,,,6,7,0,18,18,101.2,7.45,3.2,1.06,0.297,72.70%,46.80%,4.03,4.18,1.3
Pitcher,Cade Horton,CHC,,,,,,,,,,,,,,,,,,,,8,9,0,24,24,134,7.88,3.05,1.29,0.292,71.90%,39.90%,4.33,4.4,1.2
Pitcher,Jhoan Duran,PHI,,,,,,,,,,,,,,,,,,,,4,3,29,70,0,70,10.73,2.97,0.66,0.301,76.50%,54.70%,2.78,2.84,1.2
Pitcher,Lance McCullers Jr.,HOU,,,,,,,,,,,,,,,,,,,,7,8,0,37,19,120.1,8.48,4.01,1.15,0.3,72.00%,45.90%,4.35,4.39,1.2
Pitcher,Logan Henderson,MIL,,,,,,,,,,,,,,,,,,,,6,6,0,31,15,98,8.87,2.73,1.43,0.282,73.20%,34.90%,4.17,4.25,1.2
Pitcher,Griffin Jax,TBR,,,,,,,,,,,,,,,,,,,,4,3,12,68,0,68,11.34,2.73,0.85,0.295,76.60%,44.30%,2.94,2.86,1.2
Pitcher,Chris Paddack,MIA,,,,,,,,,,,,,,,,,,,,7,10,0,37,23,137.2,6.95,2.29,1.45,0.296,70.80%,38.20%,4.58,4.54,1.2
Pitcher,Rhett Lowder,CIN,,,,,,,,,,,,,,,,,,,,7,9,0,31,21,129.1,7.09,3,1.35,0.299,71.00%,45.60%,4.59,4.64,1.2
Pitcher,Slade Cecconi,CLE,,,,,,,,,,,,,,,,,,,,8,11,0,28,28,157.1,7.55,2.39,1.48,0.296,71.50%,39.50%,4.52,4.5,1.2
Pitcher,Miles Mikolas,WSN,,,,,,,,,,,,,,,,,,,,7,10,0,26,26,143,6.11,2.03,1.47,0.296,70.10%,40.20%,4.68,4.67,1.1
Pitcher,Edwin Díaz,LAD,,,,,,,,,,,,,,,,,,,,4,3,36,66,0,66,12.38,3.28,0.9,0.288,76.30%,41.60%,3.03,2.92,1.1
Pitcher,Johan Oviedo,BOS,,,,,,,,,,,,,,,,,,,,6,6,0,51,11,102.1,8.9,3.62,1.11,0.301,72.10%,41.60%,4.19,4.12,1.1
Pitcher,Landen Roupp,SFG,,,,,,,,,,,,,,,,,,,,8,8,0,33,23,132,8.33,3.54,1.02,0.3,72.20%,45.90%,4.09,4.05,1.1
Pitcher,J.T. Ginn,ATH,,,,,,,,,,,,,,,,,,,,5,5,0,44,10,86.1,8.38,2.97,1.03,0.302,72.60%,49.00%,3.89,3.9,1.1
Pitcher,Patrick Sandoval,BOS,,,,,,,,,,,,,,,,,,,,5,5,0,42,10,85.2,8.65,3.41,0.95,0.303,73.50%,46.40%,3.79,3.83,1.1
Pitcher,Adrian Houser,SFG,,,,,,,,,,,,,,,,,,,,8,10,0,26,26,147.1,6.54,2.99,1.01,0.305,70.50%,49.40%,4.33,4.28,1.1
Pitcher,Michael Lorenzen,COL,,,,,,,,,,,,,,,,,,,,7,11,0,26,26,149,7.32,3.33,1.51,0.313,69.10%,41.50%,5.27,4.93,1.1
Pitcher,Ian Seymour,TBR,,,,,,,,,,,,,,,,,,,,6,7,0,45,15,112.1,8.56,2.74,1.31,0.285,73.30%,36.90%,4.03,4.19,1.1
Pitcher,José Berríos,TOR,,,,,,,,,,,,,,,,,,,,7,7,0,51,15,119,7.98,2.58,1.31,0.294,72.30%,41.20%,4.22,4.26,1.1
Pitcher,Carmen Mlodzinski,PIT,,,,,,,,,,,,,,,,,,,,6,6,0,61,11,108.2,7.89,3.23,0.99,0.303,72.00%,46.20%,4.05,4,1.1
Pitcher,Joe Boyle,TBR,,,,,,,,,,,,,,,,,,,,5,6,0,35,13,91,10.11,4.72,0.97,0.293,73.60%,43.20%,3.92,4.01,1.1
Pitcher,Cade Smith,CLE,,,,,,,,,,,,,,,,,,,,4,3,30,70,0,70,11.35,2.84,0.88,0.292,76.70%,41.30%,2.99,2.96,1.1
Pitcher,Jose Quintana,COL,,,,,,,,,,,,,,,,,,,,7,11,0,26,26,147.2,6.33,3.45,1.38,0.319,68.60%,44.80%,5.39,4.99,1
Pitcher,Jeremiah Estrada,SDP,,,,,,,,,,,,,,,,,,,,4,3,0,70,0,70,11.89,3.68,1.02,0.283,77.30%,35.70%,3.21,3.29,1
Pitcher,Aroldis Chapman,BOS,,,,,,,,,,,,,,,,,,,,3,3,31,62,0,62,12.55,4.09,0.84,0.294,77.80%,41.10%,3.01,3.02,1
Pitcher,Drew Anderson,DET,,,,,,,,,,,,,,,,,,,,5,4,0,63,5,85.2,9.83,3.32,0.99,0.298,73.50%,41.60%,3.72,3.62,1
Pitcher,Luis Morales,ATH,,,,,,,,,,,,,,,,,,,,7,8,0,33,19,123,7.8,3.66,1.35,0.293,71.40%,40.00%,4.61,4.69,1
Pitcher,Kyle Harrison,MIL,,,,,,,,,,,,,,,,,,,,6,7,0,32,18,111.1,9.1,3.54,1.33,0.288,73.40%,36.80%,4.22,4.35,1
Pitcher,Michael Soroka,ARI,,,,,,,,,,,,,,,,,,,,6,6,5,52,11,102.1,9.16,3.16,1.06,0.303,71.70%,42.20%,4.04,3.89,1
Pitcher,Hunter Barco,PIT,,,,,,,,,,,,,,,,,,,,5,6,0,41,11,94.2,8.05,3.69,1.05,0.297,72.70%,44.00%,4.11,4.25,1
Pitcher,Bryce Elder,ATL,,,,,,,,,,,,,,,,,,,,7,7,0,25,19,115,7.33,3,1.15,0.31,70.60%,48.20%,4.49,4.29,1
Pitcher,Bryan Abreu,HOU,,,,,,,,,,,,,,,,,,,,4,3,5,68,0,68,11.7,3.66,0.93,0.29,76.10%,39.70%,3.23,3.24,1
Pitcher,Lucas Giolito,,,,,,,,,,,,,,,,,,,,,7,8,0,21,21,125.2,8.01,3.46,1.45,0.292,71.50%,37.00%,4.69,4.69,0.9
Pitcher,Brandon Sproat,MIL,,,,,,,,,,,,,,,,,,,,5,6,0,33,15,100.1,7.43,3.38,1.12,0.295,71.70%,47.20%,4.24,4.38,0.9
Pitcher,Ryan Feltner,COL,,,,,,,,,,,,,,,,,,,,6,9,0,33,19,121.1,7.44,3.47,1.38,0.315,68.70%,43.10%,5.16,4.75,0.9
Pitcher,Sean Burke,CHW,,,,,,,,,,,,,,,,,,,,7,10,0,26,26,142,8.11,4.01,1.48,0.289,71.80%,36.60%,4.81,4.93,0.9
Pitcher,Ben Brown,CHC,,,,,,,,,,,,,,,,,,,,4,3,0,55,3,69.2,10.17,2.81,1.04,0.292,74.90%,41.50%,3.43,3.41,0.9
Pitcher,Dean Kremer,BAL,,,,,,,,,,,,,,,,,,,,6,7,0,40,16,115,7.84,2.66,1.41,0.297,72.10%,38.70%,4.43,4.4,0.9
Pitcher,Cristian Javier,HOU,,,,,,,,,,,,,,,,,,,,8,11,0,28,28,157.1,8.26,3.66,1.64,0.283,71.20%,28.50%,4.95,5,0.9
Pitcher,Andrew Alvarez,WSN,,,,,,,,,,,,,,,,,,,,5,6,0,37,13,96.1,6.44,3.51,1,0.299,72.10%,50.00%,4.18,4.45,0.9
Pitcher,Josh Hader,HOU,,,,,,,,,,,,,,,,,,,,3,3,29,61,0,61,12.31,3.45,1.15,0.278,77.40%,31.40%,3.29,3.32,0.9
Pitcher,Abner Uribe,MIL,,,,,,,,,,,,,,,,,,,,4,3,19,72,0,72,10.82,4.11,0.76,0.296,76.30%,48.60%,3.16,3.34,0.9
Pitcher,Ryan Johnson,LAA,,,,,,,,,,,,,,,,,,,,4,5,0,26,10,71.1,7.7,2.94,1.26,0.299,71.90%,44.10%,4.31,4.33,0.8
Pitcher,Logan Allen,CLE,,,,,,,,,,,,,,,,,,,,6,8,0,27,19,114,7.31,3.49,1.29,0.297,72.50%,42.40%,4.47,4.65,0.8
Pitcher,Garrett Cleavinger,TBR,,,,,,,,,,,,,,,,,,,,3,3,10,65,0,65,11.43,3.48,0.95,0.29,76.40%,40.60%,3.22,3.29,0.8
Pitcher,Mick Abel,MIN,,,,,,,,,,,,,,,,,,,,7,9,0,37,23,137.2,7.92,4.1,1.2,0.3,71.20%,42.60%,4.62,4.59,0.8
Pitcher,Tomoyuki Sugano,COL,,,,,,,,,,,,,,,,,,,,5,9,0,21,21,115.2,5.65,2.12,1.59,0.319,67.40%,44.60%,5.46,5.02,0.8
Pitcher,David Bednar,NYY,,,,,,,,,,,,,,,,,,,,4,3,33,65,0,65,10.95,3.07,1.03,0.282,76.30%,38.00%,3.25,3.31,0.8
Pitcher,Garrett Whitlock,BOS,,,,,,,,,,,,,,,,,,,,4,3,3,70,0,70,9.94,2.65,0.96,0.302,74.10%,43.40%,3.47,3.32,0.8
Pitcher,Jake Irvin,WSN,,,,,,,,,,,,,,,,,,,,7,9,0,38,21,134.1,6.95,2.85,1.38,0.297,70.90%,42.10%,4.61,4.65,0.8
Pitcher,José Alvarado,PHI,,,,,,,,,,,,,,,,,,,,3,3,3,64,0,64,10.4,3.68,0.88,0.295,76.30%,47.30%,3.26,3.43,0.8
Pitcher,David Festa,MIN,,,,,,,,,,,,,,,,,,,,3,3,0,28,6,57.1,9.29,3.04,1.13,0.297,73.00%,40.40%,3.92,3.83,0.8
Pitcher,Robert Gasser,MIL,,,,,,,,,,,,,,,,,,,,4,5,0,36,10,80,8.12,2.79,1.3,0.288,72.80%,39.20%,4.13,4.31,0.8
Pitcher,Jeff Hoffman,TOR,,,,,,,,,,,,,,,,,,,,3,3,26,63,0,63,10.93,3.22,1.05,0.286,75.70%,37.10%,3.4,3.44,0.8
Pitcher,Will Vest,DET,,,,,,,,,,,,,,,,,,,,4,3,5,68,0,68,9.21,2.81,0.8,0.299,74.70%,48.10%,3.25,3.29,0.8
Pitcher,Trevor Megill,MIL,,,,,,,,,,,,,,,,,,,,3,3,11,66,0,66,11.12,3.26,1.03,0.289,75.30%,37.10%,3.43,3.35,0.8
Pitcher,Andrés Muñoz,SEA,,,,,,,,,,,,,,,,,,,,4,3,28,64,0,64,11.36,3.63,0.76,0.29,77.00%,46.90%,2.93,3.06,0.8
Pitcher,Louis Varland,TOR,,,,,,,,,,,,,,,,,,,,4,3,2,67,0,67,9.23,2.38,1,0.297,74.90%,46.40%,3.38,3.44,0.8
Pitcher,Devin Williams,NYM,,,,,,,,,,,,,,,,,,,,4,3,32,64,0,64,11.45,3.92,0.83,0.286,76.60%,42.70%,3.11,3.23,0.7
Pitcher,Hunter Harvey,CHC,,,,,,,,,,,,,,,,,,,,3,2,4,52,0,52,10.08,2.76,0.95,0.293,74.50%,43.00%,3.35,3.31,0.7
Pitcher,Griffin Canning,SDP,,,,,,,,,,,,,,,,,,,,6,7,0,32,18,110.2,7.96,3.25,1.32,0.295,72.90%,41.70%,4.32,4.45,0.7
Pitcher,Fernando Cruz,NYY,,,,,,,,,,,,,,,,,,,,3,3,1,61,0,61,11.92,3.96,1.01,0.282,76.90%,36.90%,3.3,3.38,0.7
Pitcher,Chris Martin,TEX,,,,,,,,,,,,,,,,,,,,3,2,8,55,0,55,9.16,2.05,1.02,0.299,74.10%,45.00%,3.44,3.36,0.7
Pitcher,Andrew Painter,PHI,,,,,,,,,,,,,,,,,,,,7,8,0,35,19,126.2,6.98,3.31,1.39,0.292,71.20%,42.50%,4.66,4.79,0.7
Pitcher,Tanner Scott,LAD,,˙,,,,,,,,,,,,,,,,,,4,3,4,63,0,63,10.48,3.74,1.01,0.292,76.20%,44.40%,3.44,3.64,0.7
Pitcher,Robert Suarez,ATL,,,,,,,,,,,,,,,,,,,,4,3,8,67,0,67,9.84,2.85,1.02,0.298,74.80%,41.80%,3.51,3.48,0.7
Pitcher,Luis Gil,NYY,,,,,,,,,,,,,,,,,,,,5,5,0,41,11,92.1,9.34,4.11,1.34,0.281,74.00%,34.60%,4.25,4.49,0.7
Pitcher,Pete Fairbanks,MIA,,,,,,,,,,,,,,,,,,,,3,3,26,62,0,62,9.52,3.21,0.96,0.294,74.00%,42.90%,3.57,3.58,0.7
Pitcher,Janson Junk,MIA,,,,,,,,,,,,,,,,,,,,5,6,0,48,10,92.2,6.53,1.92,1.28,0.297,70.50%,42.50%,4.33,4.28,0.7
Pitcher,Adrian Morejon,SDP,,,,,,,,,,,,,,,,,,,,4,3,3,68,0,68,9.28,3.01,0.92,0.294,75.30%,45.20%,3.36,3.49,0.7
Pitcher,Ryan Weiss,HOU,,,,,,,,,,,,,,,,,,,,5,5,0,48,8,86.1,8.56,3.37,1.14,0.303,71.80%,45.00%,4.24,4.17,0.7
Pitcher,Matt Brash,SEA,,,,,,,,,,,,,,,,,,,,3,3,3,63,0,63,10.74,3.53,0.8,0.291,76.60%,46.20%,3.05,3.21,0.7
Pitcher,Ryan Helsley,BAL,,,,,,,,,,,,,,,,,,,,3,3,26,64,0,64,10.66,3.47,1.03,0.294,75.60%,40.10%,3.48,3.5,0.7
Pitcher,Matt Strahm,KCR,,,,,,,,,,,,,,,,,,,,3,3,2,66,0,66,9.85,2.83,1.2,0.288,74.40%,31.20%,3.76,3.76,0.7
Pitcher,Germán Márquez,SDP,,,,,,,,,,,,,,,,,,,,6,8,0,27,19,112,7,2.96,1.43,0.296,71.00%,40.20%,4.7,4.75,0.6
Pitcher,Corbin Burnes,ARI,,,,,,,,,,,,,,,,,,,,2,2,0,6,6,38,8.94,2.81,0.96,0.307,71.90%,46.30%,3.84,3.59,0.6
Pitcher,Brad Lord,WSN,,,,,,,,,,,,,,,,,,,,5,5,6,71,5,92.1,7.66,2.89,1.05,0.296,72.90%,46.90%,3.9,4.05,0.6
Pitcher,Bryan Baker,TBR,,,,,,,,,,,,,,,,,,,,3,3,3,63,0,63,10.11,3.29,1.11,0.287,74.80%,37.30%,3.65,3.68,0.6
Pitcher,Kyle Leahy,STL,,,,,,,,,,,,,,,,,,,,6,7,0,53,15,120,7.12,3.31,1.13,0.298,72.00%,44.00%,4.29,4.39,0.6
Pitcher,Orion Kerkering,PHI,,,,,,,,,,,,,,,,,,,,3,2,0,54,0,54,9.76,3.42,0.96,0.292,74.70%,44.80%,3.51,3.65,0.6
Pitcher,Stephen Kolek,KCR,,,,,,,,,,,,,,,,,,,,4,4,0,36,8,74.2,6.57,2.75,0.98,0.312,70.70%,51.50%,4.26,4.16,0.6
Pitcher,Jose A. Ferrer,SEA,,,,,,,,,,,,,,,,,,,,4,3,3,70,0,70,8.68,2.73,0.76,0.297,75.40%,52.50%,3.11,3.36,0.6
Pitcher,Hurston Waldrep,ATL,,,,,,,,,,,,,,,,,,,,4,4,0,11,11,64,7.94,4,1.01,0.307,71.70%,49.50%,4.31,4.28,0.6
Pitcher,Chase Dollander,COL,,,,,,,,,,,,,,,,,,,,6,9,0,43,19,128,7.78,3.94,1.45,0.31,68.80%,41.20%,5.28,4.98,0.6
Pitcher,Richard Fitts,STL,,,,,,,,,,,,,,,,,,,,7,9,0,36,23,134.2,6.62,2.83,1.29,0.295,71.00%,42.40%,4.51,4.59,0.6
Pitcher,Camilo Doval,NYY,,,,,,,,,,,,,,,,,,,,3,3,2,64,0,64,10.36,4.2,0.84,0.293,75.30%,47.70%,3.41,3.59,0.6
Pitcher,Gage Jump,ATH,,,,,,,,,,,,,,,,,,,,3,3,0,10,10,55.1,7.58,3.29,1.27,0.297,72.00%,42.40%,4.42,4.51,0.6
Pitcher,Alex Vesia,LAD,,,,,,,,,,,,,,,,,,,,3,3,1,61,0,61,11.1,3.79,1.3,0.276,76.90%,30.00%,3.69,3.93,0.6
Pitcher,Aaron Ashby,MIL,,,,,,,,,,,,,,,,,,,,4,4,1,69,2,76,9.26,4.17,0.8,0.302,74.60%,52.50%,3.57,3.76,0.6
Pitcher,Brandon Williamson,CIN,,,,,,,,,,,,,,,,,,,,5,6,0,35,13,94,7.87,3.07,1.55,0.293,72.40%,37.80%,4.65,4.77,0.6
Pitcher,Lucas Erceg,KCR,,,,,,,,,,,,,,,,,,,,3,3,4,64,0,64,9.09,3.32,0.89,0.303,73.60%,46.40%,3.65,3.67,0.6
Pitcher,Aaron Bummer,ATL,,,,,,,,,,,,,,,,,,,,3,3,0,60,0,60,9.22,3.4,0.71,0.312,74.10%,54.70%,3.39,3.42,0.5
Pitcher,Jonathan Cannon,CHW,,,,,,,,,,,,,,,,,,,,5,8,0,46,15,110.1,6.88,3.11,1.45,0.292,71.00%,40.30%,4.74,4.87,0.5
Pitcher,Erick Fedde,CHW,,,,,,,,,,,,,,,,,,,,5,8,0,28,18,108,6.77,3.44,1.44,0.296,70.50%,41.60%,4.93,4.95,0.5
Pitcher,Kyle Hurt,LAD,,,,,,,,,,,,,,,,,,,,3,3,0,31,5,53.1,9.37,3.69,1.17,0.293,73.80%,43.50%,3.98,4.09,0.5
Pitcher,Kutter Crawford,BOS,,,,,,,,,,,,,,,,,,,,3,3,0,39,5,61,9.02,2.44,1.37,0.293,72.40%,33.50%,4.16,4.04,0.5
Pitcher,Gabe Speier,SEA,,,,,,,,,,,,,,,,,,,,3,3,0,58,0,58,10.31,2.77,0.98,0.287,76.10%,41.20%,3.21,3.32,0.5
Pitcher,Robert Garcia,TEX,,,,,,,,,,,,,,,,,,,,3,3,20,64,0,64,9.84,3.26,1.03,0.295,75.50%,42.10%,3.53,3.64,0.5
Pitcher,Seranthony Domínguez,CHW,,,,,,,,,,,,,,,,,,,,3,3,20,63,0,63,10.17,4.13,1.09,0.288,74.50%,39.40%,3.83,3.95,0.5
Pitcher,Jacob Latz,TEX,,,,,,,,,,,,,,,,,,,,5,5,0,52,8,89.1,8.73,4.33,1.21,0.29,73.60%,38.70%,4.29,4.49,0.5
Pitcher,Dylan Lee,ATL,,,,,,,,,,,,,,,,,,,,3,3,1,65,0,65,9.89,2.73,1.19,0.293,75.80%,37.20%,3.59,3.64,0.5
Pitcher,Ryan Walker,SFG,,,,,,,,,,,,,,,,,,,,3,3,30,63,0,63,9.72,2.81,0.85,0.299,74.50%,46.50%,3.29,3.3,0.5
Pitcher,Jared Koenig,MIL,,,,,,,,,,,,,,,,,,,,3,3,1,65,0,65,9.45,3.21,1,0.294,75.40%,43.20%,3.5,3.68,0.5
Pitcher,Gregory Soto,PIT,,,,,,,,,,,,,,,,,,,,3,3,2,64,0,64,9.74,3.7,0.83,0.302,73.90%,44.90%,3.57,3.6,0.5
Pitcher,Mark Leiter Jr.,ATH,,,,,,,,,,,,,,,,,,,,3,3,6,64,0,64,9.3,3.56,1.06,0.297,73.20%,44.50%,3.91,3.95,0.5
Pitcher,Hunter Dobbins,STL,,,,,,,,,,,,,,,,,,,,5,6,0,31,13,89.1,6.58,2.94,1.2,0.293,71.50%,44.30%,4.35,4.52,0.5
Pitcher,Connor Prielipp,MIN,,,,,,,,,,,,,,,,,,,,3,3,0,39,5,61.2,8.3,3.37,1.05,0.301,72.80%,43.90%,4.03,4.06,0.5
Pitcher,Patrick Corbin,,,,,,,,,,,,,,,,,,,,,4,4,0,11,11,63,7.11,2.89,1.35,0.299,71.30%,43.60%,4.55,4.56,0.5
Pitcher,Drew Pomeranz,LAA,,,,,,,,,,,,,,,,,,,,3,3,3,56,0,56,9.8,3.21,1.15,0.293,74.90%,38.80%,3.73,3.84,0.5
Pitcher,A.J. Puk,ARI,,,,,,,,,,,,,,,,,,,,2,2,7,42,0,42,10.28,3.12,0.95,0.296,74.50%,40.60%,3.46,3.41,0.5
Pitcher,Raisel Iglesias,ATL,,,,,,,,,,,,,,,,,,,,3,3,26,66,0,66,9.72,2.62,1.15,0.295,74.20%,37.20%,3.71,3.62,0.5
Pitcher,Edwin Uceta,TBR,,,,,,,,,,,,,,,,,,,,3,3,10,56,0,56,10.44,3.29,1.13,0.283,74.80%,34.80%,3.63,3.7,0.5
Pitcher,Randy Vásquez,SDP,,,,,,,,,,,,,,,,,,,,7,10,0,36,24,141.1,6.26,3.3,1.41,0.292,70.10%,39.90%,4.9,5.05,0.5
Pitcher,Cody Bradford,TEX,,,,,,,,,,,,,,,,,,,,4,4,0,38,6,68.2,8.09,2.24,1.44,0.29,72.60%,34.90%,4.24,4.26,0.5
Pitcher,Blake Treinen,LAD,,,,,,,,,,,,,,,,,,,,3,2,0,54,0,54,9.95,3.4,1.1,0.296,74.10%,42.30%,3.79,3.78,0.5
Pitcher,Andrew Nardi,MIA,,,,,,,,,,,,,,,,,,,,3,3,0,60,0,60,10.69,3.74,1.07,0.289,75.80%,37.10%,3.56,3.67,0.5
Pitcher,Daniel Palencia,CHC,,,,,,,,,,,,,,,,,,,,3,3,32,67,0,67,10.05,3.69,1.02,0.29,74.80%,40.70%,3.61,3.73,0.5
Pitcher,Paul Blackburn,NYY,,,,,,,,,,,,,,,,,,,,3,3,0,55,2,62,7.94,2.34,1.23,0.292,73.60%,44.20%,3.9,4.04,0.5
Pitcher,Spencer Arrighetti,HOU,,,,,,,,,,,,,,,,,,,,5,5,0,27,13,85,8.88,3.85,1.36,0.292,71.60%,38.20%,4.55,4.55,0.5
Pitcher,Ben Joyce,LAA,,,,,,,,,,,,,,,,,,,,2,2,15,48,0,48,10.98,4.17,0.89,0.296,75.60%,44.10%,3.42,3.53,0.5
Pitcher,Jason Adam,SDP,,,,,,,,,,,,,,,,,,,,3,3,1,61,0,61,9.88,3.33,1.03,0.288,73.80%,40.60%,3.65,3.7,0.5
Pitcher,Cole Sands,MIN,,,,,,,,,,,,,,,,,,,,3,3,4,68,0,68,8.94,2.84,1.08,0.299,72.40%,40.00%,3.92,3.8,0.5
Pitcher,Brock Stewart,LAD,,,,,,,,,,,,,,,,,,,,2,2,0,40,0,40,10.76,3.47,1.15,0.288,75.50%,37.90%,3.62,3.69,0.5
Pitcher,Colin Rea,CHC,,,,,,,,,,,,,,,,,,,,4,5,0,48,8,84.2,7.5,2.49,1.34,0.294,71.70%,40.80%,4.33,4.36,0.5
Pitcher,Bryan King,HOU,,,,,,,,,,,,,,,,,,,,3,3,1,67,0,67,8.98,2.88,1.1,0.294,74.20%,43.10%,3.72,3.83,0.5
Pitcher,Troy Melton,DET,,,,,,,,,,,,,,,,,,,,3,3,0,38,3,53.1,8.31,2.64,1.17,0.29,73.30%,40.10%,3.88,3.95,0.5
Pitcher,Angel Zerpa,MIL,,,,,,,,,,,,,,,,,,,,3,3,0,60,0,60,8.83,3.14,0.9,0.301,75.00%,49.70%,3.46,3.64,0.5
Pitcher,Luis Medina,ATH,,,,,,,,,,,,,,,,,,,,4,4,0,48,6,78,8.45,3.74,1.2,0.297,72.30%,41.50%,4.33,4.39,0.4
Pitcher,Caleb Thielbar,CHC,,,,,,,,,,,,,,,,,,,,3,3,1,66,0,66,9.46,3.23,1.15,0.285,75.20%,37.60%,3.68,3.85,0.4
Pitcher,Tyler Holton,DET,,,,,,,,,,,,,,,,,,,,4,3,1,72,0,72,7.82,2.47,1.03,0.296,73.50%,44.70%,3.71,3.81,0.4
Pitcher,A.J. Minter,NYM,,,,,,,,,,,,,,,,,,,,3,2,2,52,0,52,10.29,3.25,1.01,0.283,76.40%,38.20%,3.3,3.49,0.4
Pitcher,Tanner Banks,PHI,,,,,,,,,,,,,,,,,,,,3,3,1,63,0,63,8.68,2.77,1.17,0.291,74.20%,41.20%,3.79,3.93,0.4
Pitcher,Yimi García,TOR,,,,,,,,,,,,,,,,,,,,3,3,4,56,0,56,10.11,3.13,1.07,0.288,74.70%,39.30%,3.56,3.62,0.4
Pitcher,Kevin Ginkel,ARI,,,,,,,,,,,,,,,,,,,,3,3,2,59,0,59,9.3,3.26,0.94,0.305,72.90%,43.00%,3.79,3.63,0.4
Pitcher,Jordan Montgomery,TEX,,,,,,,,,,,,,,,,,,,,3,3,0,18,6,48.1,7.11,2.66,1.21,0.299,71.70%,42.80%,4.28,4.3,0.4
Pitcher,Jordan Romano,LAA,,,,,,,,,,,,,,,,,,,,3,3,10,60,0,60,9.59,3.5,1.21,0.293,73.30%,38.20%,4.06,4.06,0.4
Pitcher,Keaton Winn,SFG,,,,,,,,,,,,,,,,,,,,3,3,0,54,2,61,8.28,2.59,0.94,0.302,72.70%,48.50%,3.7,3.66,0.4
Pitcher,Sean Newcomb,CHW,,,,,,,,,,,,,,,,,,,,3,3,1,66,0,66,8.95,3.64,1.04,0.294,74.50%,43.90%,3.77,3.99,0.4
Pitcher,Jordan Leasure,CHW,,,,,,,,,,,,,,,,,,,,3,3,5,64,0,64,9.98,4.1,1.24,0.284,75.10%,35.90%,3.96,4.18,0.4
Pitcher,Justin Slaten,BOS,,,,,,,,,,,,,,,,,,,,3,3,0,61,0,61,8.68,2.98,1.08,0.301,72.60%,42.50%,3.97,3.87,0.4
Pitcher,Payton Tolle,BOS,,,,,,,,,,,,,,,,,,,,2,2,0,13,5,35,8.93,3.14,1.25,0.295,73.20%,39.10%,4.08,4.11,0.4
Pitcher,Kyle Finnegan,DET,,,,,,,,,,,,,,,,,,,,3,3,4,64,0,64,8.77,3.22,0.99,0.296,73.40%,44.60%,3.77,3.78,0.4
Pitcher,Jonah Tong,NYM,,,,,,,,,,,,,,,,,,,,2,1,0,11,3,25.2,10.31,3.76,0.94,0.289,75.60%,44.50%,3.41,3.55,0.4
Pitcher,Didier Fuentes,ATL,,,,,,,,,,,,,,,,,,,,3,4,0,42,5,63.2,8.5,3.02,1.32,0.296,72.00%,38.20%,4.32,4.29,0.4
Pitcher,Yennier Cano,BAL,,,,,,,,,,,,,,,,,,,,3,3,1,60,0,60,8.52,3.34,0.89,0.308,73.40%,51.90%,3.74,3.76,0.4
Pitcher,Justin Wrobleski,LAD,,,,,,,,,,,,,,,,,,,,4,3,0,42,5,64.1,8.05,3.16,1.25,0.293,73.40%,44.20%,4.1,4.31,0.4
Pitcher,Emilio Pagán,CIN,,,,,,,,,,,,,,,,,,,,3,3,27,66,0,66,9.92,3.2,1.49,0.283,74.60%,31.40%,4.14,4.24,0.4
Pitcher,Trevor McDonald,SFG,,,,,,,,,,,,,,,,,,,,3,4,0,26,8,64.1,6.94,2.95,0.93,0.303,71.10%,52.00%,4.06,4.1,0.4
Pitcher,Taylor Rogers,MIN,,,,,,,,,,,,,,,,,,,,3,3,19,61,0,61,9.39,3.91,1.04,0.298,73.70%,41.40%,3.94,4.01,0.4
Pitcher,River Ryan,LAD,,,,,,,,,,,,,,,,,,,,4,4,0,20,10,65,7.33,3.45,1.37,0.296,71.10%,43.70%,4.69,4.78,0.4
Pitcher,Brusdar Graterol,LAD,,,,,,,,,,,,,,,,,,,,2,2,0,44,0,44,8.14,2.92,0.93,0.302,73.70%,51.70%,3.64,3.76,0.4
Pitcher,Graham Ashcraft,CIN,,,,,,,,,,,,,,,,,,,,3,3,2,65,0,65,7.94,2.68,1.08,0.304,72.60%,48.90%,3.95,3.97,0.4
Pitcher,Brendon Little,TOR,,,,,,,,,,,,,,,,,,,,3,2,0,54,0,54,9.52,4.53,0.72,0.301,75.90%,53.80%,3.37,3.69,0.4
Pitcher,Taijuan Walker,PHI,,,,,,,,,,,,,,,,,,,,6,8,0,50,16,121.1,6.42,3.15,1.47,0.293,71.20%,41.80%,4.8,5.01,0.4
Pitcher,Kody Funderburk,MIN,,,,,,,,,,,,,,,,,,,,3,3,3,65,0,65,8.65,3.69,0.83,0.306,73.70%,50.00%,3.69,3.8,0.4
Pitcher,Danny Coulombe,BOS,,,,,,,,,,,,,,,,,,,,3,3,0,55,0,55,8.71,3.34,1.07,0.3,73.20%,42.00%,3.98,3.97,0.4
Pitcher,Clarke Schmidt,NYY,,,,,,,,,,,,,,,,,,,,2,2,0,17,3,32,9.16,2.92,1.22,0.286,74.40%,39.30%,3.79,3.97,0.4
Pitcher,Dietrich Enns,BAL,,,,,,,,,,,,,,,,,,,,3,3,0,62,0,62,8.09,2.68,1.15,0.301,73.60%,43.60%,3.94,4.01,0.4
Pitcher,Tyler Anderson,LAA,,,,,,,,,,,,,,,,,,,,4,5,0,13,13,74.1,6.85,3.55,1.46,0.287,70.90%,33.80%,4.89,5.02,0.4
Pitcher,Tyler Wells,BAL,,,,,,,,,,,,,,,,,,,,4,4,0,57,3,72.1,8.47,2.21,1.53,0.289,73.00%,32.60%,4.29,4.3,0.4
Pitcher,Tommy Nance,TOR,,,,,,,,,,,,,,,,,,,,3,3,0,58,0,58,8.32,2.87,0.95,0.301,72.70%,48.90%,3.76,3.75,0.4
Pitcher,Brant Hurter,DET,,,,,,,,,,,,,,,,,,,,3,3,0,55,0,55,7.97,2.7,0.91,0.298,73.20%,47.30%,3.64,3.78,0.4
Pitcher,Andrew Kittredge,BAL,,,,,,,,,,,,,,,,,,,,3,3,3,60,0,60,8.94,2.62,1.13,0.304,73.00%,44.30%,3.89,3.75,0.4
Pitcher,Carson Whisenhunt,SFG,,,,,,,,,,,,,,,,,,,,3,4,0,20,8,57.1,7.19,3.19,1.14,0.296,72.00%,44.30%,4.26,4.37,0.4
Pitcher,George Klassen,LAA,,,,,,,,,,,,,,,,,,,,3,3,0,19,6,50,8.16,3.84,1.22,0.297,72.10%,43.70%,4.42,4.5,0.4
Pitcher,Jordan Hicks,CHW,,,,,,,,,,,,,,,,,,,,3,3,2,62,0,62,8.58,3.65,0.94,0.302,73.30%,49.00%,3.83,3.98,0.4
Pitcher,Steven Okert,HOU,,,,,,,,,,,,,,,,,,,,3,3,0,64,0,64,10.05,3.47,1.34,0.281,74.70%,31.20%,3.98,4.13,0.3
Pitcher,Mason Englert,TBR,,,,,,,,,,,,,,,,,,,,3,3,1,61,0,61,8.35,2.82,1.18,0.293,72.70%,41.50%,4.02,4.04,0.3
Pitcher,Luke Weaver,NYM,,,,,,,,,,,,,,,,,,,,4,3,4,67,0,67,9.58,2.84,1.24,0.284,75.50%,35.10%,3.69,3.85,0.3
Pitcher,Riley O'Brien,STL,,,,,,,,,,,,,,,,,,,,3,3,13,63,0,63,9.13,3.84,0.79,0.301,74.20%,50.40%,3.54,3.71,0.3
Pitcher,Jovani Morán,BOS,,,,,,,,,,,,,,,,,,,,3,2,0,52,0,52,9.52,3.91,0.93,0.301,74.20%,44.80%,3.74,3.77,0.3
Pitcher,Tobias Myers,NYM,,,,,,,,,,,,,,,,,,,,4,4,0,61,3,75.2,7.93,2.36,1.29,0.286,73.60%,38.00%,3.95,4.13,0.3
Pitcher,Yoendrys Gómez,TBR,,,,,,,,,,,,,,,,,,,,3,3,0,54,2,61,9.23,3.49,1.23,0.288,73.20%,37.20%,4.1,4.17,0.3
Pitcher,Kevin Kelly,TBR,,,,,,,,,,,,,,,,,,,,2,2,0,48,0,48,7.89,2.37,1.05,0.3,72.30%,46.60%,3.84,3.84,0.3
Pitcher,Christian Scott,NYM,,,,,,,,,,,,,,,,,,,,2,2,0,26,2,33,9.07,2.37,1.2,0.284,74.60%,38.10%,3.62,3.76,0.3
Pitcher,Clayton Beeter,WSN,,,,,,,,,,,,,,,,,,,,3,3,15,63,0,63,10.06,4.5,1,0.289,74.80%,40.70%,3.78,3.97,0.3
Pitcher,Eric Lauer,TOR,,,,,,,,,,,,,,,,,,,,3,3,0,51,3,65.2,8.57,2.69,1.4,0.286,74.20%,34.30%,4.08,4.25,0.3
Pitcher,Walker Buehler,SDP,,,,,,,,,,,,,,,,,,,,4,5,0,33,11,82.2,7.53,3.54,1.31,0.296,70.90%,42.20%,4.67,4.69,0.3
Pitcher,Quinn Mathews,STL,,,,,,,,,,,,,,,,,,,,3,3,0,8,8,46.1,7.68,4.42,1.06,0.293,72.90%,45.20%,4.27,4.56,0.3
Pitcher,Tyler Kinley,ATL,,,,,,,,,,,,,,,,,,,,3,3,0,63,0,63,9.76,3.88,1.18,0.292,73.50%,35.60%,4.08,4.07,0.3
Pitcher,Jonathan Loáisiga,ARI,,,,,,,,,,,,,,,,,,,,3,3,5,60,0,60,7.89,3.06,0.83,0.309,72.40%,51.40%,3.78,3.72,0.3
Pitcher,Jack Kochanowicz,LAA,,,,,,,,,,,,,,,,,,,,4,6,0,31,11,81.2,5.67,3.36,1.16,0.308,70.20%,51.70%,4.75,4.86,0.3
Pitcher,Jakob Junis,TEX,,,,,,,,,,,,,,,,,,,,3,3,1,65,0,65,8.09,2.41,1.24,0.297,72.10%,40.20%,4.1,4.06,0.3
Pitcher,Kirby Yates,LAA,,,,,,,,,,,,,,,,,,,,2,2,4,48,0,48,10.6,4.11,1.16,0.291,74.60%,36.70%,3.9,3.94,0.3
Pitcher,Shawn Armstrong,CLE,,,,,,,,,,,,,,,,,,,,3,3,3,68,0,68,9.03,2.9,1.15,0.293,73.00%,38.80%,3.91,3.9,0.3
Pitcher,Drew Thorpe,CHW,,,,,,,,,,,,,,,,,,,,2,3,0,8,8,45.2,6.93,3.29,1.46,0.29,71.20%,40.60%,4.77,4.9,0.3
Pitcher,Brad Keller,PHI,,,,,,,,,,,,,,,,,,,,3,3,2,68,0,68,8.01,3.41,1.04,0.3,73.20%,48.60%,3.97,4.12,0.3
Pitcher,Justin Martinez,ARI,,,,,,,,,,,,,,,,,,,,1,1,0,20,0,20,11.45,4.6,0.62,0.306,76.40%,50.60%,3.07,3.17,0.3
Pitcher,Kai-Wei Teng,HOU,,,,,,,,,,,,,,,,,,,,3,3,0,54,2,60.2,9.26,3.71,1.11,0.295,72.70%,42.70%,4.05,4.13,0.3
Pitcher,Justin Topa,MIN,,,,,,,,,,,,,,,,,,,,3,3,4,62,0,62,7.65,3.08,0.92,0.309,71.80%,48.90%,4.02,3.93,0.3
Pitcher,Pierce Johnson,CIN,,,,,,,,,,,,,,,,,,,,3,3,1,61,0,61,9.96,3.67,1.32,0.292,74.50%,37.60%,4.09,4.15,0.3
Pitcher,Eduard Bazardo,SEA,,,,,,,,,,,,,,,,,,,,3,3,1,68,0,68,9.23,3.07,1.13,0.286,74.40%,40.00%,3.71,3.85,0.3
Pitcher,José Suarez,ATL,,,,,,,,,,,,,,,,,,,,3,3,0,49,3,64,8.55,2.97,1.16,0.297,73.90%,41.20%,3.9,4.01,0.3
Pitcher,Erik Miller,SFG,,,,,,,,,,,,,,,,,,,,3,3,1,62,0,62,10.3,4.6,0.83,0.295,76.10%,45.40%,3.45,3.7,0.3
Pitcher,JoJo Romero,STL,,,,,,,,,,,,,,,,,,,,3,3,12,64,0,64,8.54,3.59,0.89,0.298,75.00%,48.00%,3.57,3.84,0.3
Pitcher,Keider Montero,DET,,,,,,,,,,,,,,,,,,,,3,3,0,33,5,54.2,7.73,2.98,1.26,0.293,72.00%,40.90%,4.29,4.35,0.3
Pitcher,Kenley Jansen,DET,,,,,,,,,,,,,,,,,,,,3,3,23,60,0,60,9.4,3.27,1.23,0.281,72.70%,29.40%,4.06,4.03,0.3
Pitcher,Eric Orze,MIN,,,,,,,,,,,,,,,,,,,,3,3,1,60,0,60,8.7,4.03,1.05,0.297,72.80%,42.30%,4.13,4.19,0.3
Pitcher,Dennis Santana,PIT,,,,,,,,,,,,,,,,,,,,3,3,25,68,0,68,8.42,3.28,1.05,0.298,72.60%,39.50%,4.03,4.01,0.3
Pitcher,Jonathan Bowlan,PHI,,,,,,,,,,,,,,,,,,,,3,3,0,58,0,58,8.44,2.9,1.15,0.291,73.90%,44.40%,3.84,4.01,0.3
Pitcher,Caleb Ferguson,CIN,,,,,,,,,,,,,,,,,,,,3,3,0,53,0,53,8.81,3.65,1.03,0.3,73.60%,46.90%,3.9,4.05,0.3
Pitcher,Alek Manoah,LAA,,,,,,,,,,,,,,,,,,,,2,3,0,8,8,45,7.66,3.71,1.39,0.295,70.50%,39.20%,4.83,4.87,0.3
Pitcher,Luis García,NYM,,,,,,,,,,,,,,,,,,,,3,3,0,60,0,60,8.29,3.29,0.91,0.297,73.30%,48.60%,3.72,3.84,0.3
Pitcher,Brooks Raley,NYM,,,,,,,,,,,,,,,,,,,,3,3,1,62,0,62,8.76,3.37,1.09,0.288,74.10%,39.80%,3.82,4.06,0.3
Pitcher,DJ Herz,WSN,,,,,,,,,,,,,,,,,,,,2,2,0,22,2,29,10.22,3.88,1.12,0.284,75.60%,36.60%,3.68,3.89,0.3
Pitcher,Scott Barlow,ATH,,,,,,,,,,,,,,,,,,,,3,3,4,60,0,60,9.34,4.57,1.06,0.296,72.90%,42.50%,4.2,4.27,0.3
Pitcher,Evan Phillips,LAD,,,,,,,,,,,,,,,,,,,,2,1,0,28,0,28,10,2.92,1.09,0.293,74.90%,41.50%,3.56,3.58,0.3
Pitcher,Sawyer Gipson-Long,DET,,,,,,,,,,,,,,,,,,,,1,1,0,19,2,26,8.24,2.41,1.1,0.295,72.60%,42.90%,3.83,3.83,0.3
Pitcher,Shane Drohan,MIL,,,,,,,,,,,,,,,,,,,,3,3,0,43,3,58.1,9.02,3.64,1.22,0.287,74.30%,38.80%,3.99,4.22,0.3
Pitcher,Josh Sborz,TEX,,,,,,,,,,,,,,,,,,,,3,3,0,58,0,58,9.29,3.6,1.16,0.294,73.40%,40.20%,4.03,4.04,0.3
Pitcher,Thomas White,MIA,,,,,,,,,,,,,,,,,,,,2,2,0,5,5,27.2,8.6,4.36,1.1,0.292,73.20%,42.80%,4.18,4.41,0.3
Pitcher,Justin Lawrence,PIT,,,,,,,,,,,,,,,,,,,,3,3,1,58,0,58,8.85,4.15,0.88,0.304,72.90%,46.40%,3.94,4,0.3
Pitcher,Gavin Stone,LAD,,,,,,,,,,,,,,,,,,,,2,2,0,15,3,30.1,8.19,2.8,1.32,0.294,72.90%,42.70%,4.19,4.26,0.3
Pitcher,JR Ritchie,ATL,,,,,,,,,,,,,,,,,,,,2,2,0,6,6,37,7.3,3.44,1.21,0.302,70.80%,45.70%,4.56,4.55,0.3
Pitcher,Braydon Fisher,TOR,,,,,,,,,,,,,,,,,,,,3,2,0,52,0,52,9.83,3.87,1.16,0.288,74.00%,38.10%,3.97,4.04,0.3
Pitcher,Tanner Gordon,COL,,,,,,,,,,,,,,,,,,,,3,4,0,28,6,57.1,6.57,2.02,1.7,0.308,68.90%,39.00%,5.19,4.9,0.3
Pitcher,Sam Moll,CIN,,,,,,,,,,,,,,,,,,,,3,3,0,52,0,52,8.83,3.96,1.14,0.296,74.00%,44.50%,4.06,4.3,0.3
Pitcher,Chase Silseth,LAA,,,,,,,,,,,,,,,,,,,,3,3,1,62,0,62,8.85,3.69,1.11,0.298,73.20%,45.20%,4.05,4.13,0.3
Pitcher,John Schreiber,KCR,,,,,,,,,,,,,,,,,,,,3,3,1,64,0,64,8.27,3.38,1.11,0.299,72.70%,42.00%,4.13,4.16,0.3
Pitcher,Victor Vodnik,COL,,,,,,,,,,,,,,,,,,,,3,3,23,64,0,64,8.85,4.26,1.03,0.319,72.00%,48.20%,4.4,4.18,0.3
Pitcher,Noah Schultz,CHW,,,,,,,,,,,,,,,,,,,,1,2,0,5,5,27.2,7.3,3.94,1.16,0.297,72.30%,46.10%,4.42,4.67,0.3
Pitcher,Tyler Rogers,TOR,,,,,,,,,,,,,,,,,,,,4,4,2,74,0,74,6.22,2.07,1,0.303,71.30%,51.10%,3.99,4.02,0.3
Pitcher,Bennett Sousa,HOU,,,,,,,,,,,,,,,,,,,,2,1,0,30,0,30,9.87,3.28,1.06,0.293,74.90%,41.40%,3.6,3.67,0.3
Pitcher,Jason Alexander,HOU,,,,,,,,,,,,,,,,,,,,2,3,0,21,5,43.1,6.87,2.82,1.2,0.302,71.20%,48.70%,4.37,4.41,0.3
Pitcher,Cooper Criswell,SEA,,,,,,,,,,,,,,,,,,,,4,4,0,57,3,72,7.48,2.49,1.03,0.295,72.70%,47.80%,3.81,3.96,0.3
Pitcher,Ryan Gusto,MIA,,,,,,,,,,,,,,,,,,,,2,3,0,31,3,45.2,7.7,2.89,1.29,0.292,71.60%,38.70%,4.34,4.38,0.2
Pitcher,Jordan Wicks,CHC,,,,,,,,,,,,,,,,,,,,1,1,0,17,2,24,8.2,2.74,1.08,0.295,74.30%,45.90%,3.7,3.88,0.2
Pitcher,Robert Stephenson,LAA,,,,,,,,,,,,,,,,,,,,2,2,0,36,0,36,9.97,3.12,1.28,0.29,74.20%,34.60%,3.93,3.91,0.2
Pitcher,Anthony Bender,MIA,,,,,,,,,,,,,,,,,,,,3,3,1,61,0,61,8.64,3.56,0.97,0.302,72.70%,45.50%,3.96,3.94,0.2
Pitcher,Nick Mears,KCR,,,,,,,,,,,,,,,,,,,,3,3,0,60,0,60,9.05,3.5,1.15,0.298,72.70%,38.10%,4.13,4.06,0.2
Pitcher,Keegan Akin,BAL,,,,,,,,,,,,,,,,,,,,3,3,3,66,0,66,9.32,3.34,1.23,0.294,75.10%,38.10%,3.91,4.06,0.2
Pitcher,Calvin Faucher,MIA,,,,,,,,,,,,,,,,,,,,3,3,5,64,0,64,8.92,3.73,0.99,0.302,72.70%,44.90%,4,3.96,0.2
Pitcher,Sam Hentges,SFG,,,,,,,,,,,,,,,,,,,,1,1,0,26,0,26,9.32,3.07,0.8,0.302,74.50%,49.70%,3.34,3.35,0.2
Pitcher,Zak Kent,MIN,,,,,,,,,,,,,,,,,,,,3,3,0,54,0,54,8.53,3.98,1.03,0.302,72.50%,43.90%,4.19,4.19,0.2
Pitcher,Mitchell Parker,WSN,,,,,,,,,,,,,,,,,,,,2,3,0,35,3,49.2,7.28,2.71,1.29,0.293,72.40%,38.40%,4.28,4.37,0.2
Pitcher,Hayden Wesneski,HOU,,,,,,,,,,,,,,,,,,,,2,2,0,24,2,31,8.97,2.66,1.29,0.296,73.20%,40.50%,4.04,4.02,0.2
Pitcher,Julian Fernández,WSN,,,,,,,,,,,,,,,,,,,,2,2,0,38,0,38,9.27,3.21,1.08,0.29,74.20%,40.60%,3.72,3.81,0.2
Pitcher,Jimmy Herget,COL,,,,,,,,,,,,,,,,,,,,3,4,2,77,0,77,7.98,2.9,1.43,0.305,70.20%,37.40%,4.78,4.54,0.2
Pitcher,Jake Bird,NYY,,,,,,,,,,,,,,,,,,,,3,3,0,57,0,57,9.19,3.76,1.01,0.294,74.20%,45.80%,3.77,3.98,0.2
Pitcher,Phil Maton,CHC,,,,,,,,,,,,,,,,,,,,3,3,2,65,0,65,9.31,3.52,1.04,0.291,73.40%,42.60%,3.81,3.96,0.2
Pitcher,Tanner McDougal,CHW,,,,,,,,,,,,,,,,,,,,3,3,0,22,6,53,7.69,4.29,1.23,0.295,71.80%,44.00%,4.61,4.79,0.2
Pitcher,Cristian Mena,ARI,,,,,,,,,,,,,,,,,,,,1,1,0,13,2,20.1,8.53,3.3,1,0.303,72.20%,45.20%,3.99,3.9,0.2
Pitcher,Ty Johnson,TBR,,,,,,,,,,,,,,,,,,,,1,1,0,3,3,18.1,8.78,3.35,1.27,0.289,72.30%,39.00%,4.22,4.28,0.2
Pitcher,Jalen Beeks,TEX,,,,,,,,,,,,,,,,,,,,3,3,0,54,0,54,8.41,3.44,1.08,0.297,73.70%,42.90%,3.95,4.08,0.2
Pitcher,Jack Dreyer,LAD,,,,,,,,,,,,,,,,,,,,3,2,0,52,0,52,8.74,3.53,1.29,0.287,74.50%,38.40%,4.08,4.33,0.2
Pitcher,Tony Santillan,CIN,,,,,,,,,,,,,,,,,,,,3,4,4,70,0,70,9.46,4,1.33,0.29,73.70%,37.50%,4.3,4.44,0.2
Pitcher,Colin Selby,BAL,,,,,,,,,,,,,,,,,,,,2,2,0,45,0,45,9.33,3.78,0.99,0.304,73.90%,46.70%,3.84,3.87,0.2
Pitcher,Cade Povich,BAL,,,,,,,,,,,,,,,,,,,,1,1,0,15,2,22,9.05,3.02,1.21,0.295,74.60%,40.00%,3.87,3.97,0.2
Pitcher,Coleman Crow,MIL,,,,,,,,,,,,,,,,,,,,1,1,0,22,0,22,9.65,2.94,1.03,0.294,74.50%,43.00%,3.56,3.58,0.2
Pitcher,Matt Svanson,STL,,,,,,,,,,,,,,,,,,,,3,3,8,65,0,65,8.12,3.43,0.92,0.299,73.00%,47.80%,3.84,3.96,0.2
Pitcher,Mason Montgomery,PIT,,,,,,,,,,,,,,,,,,,,3,3,2,60,0,60,9.13,3.68,1.07,0.292,73.90%,38.90%,3.89,4.01,0.2
Pitcher,Tim Herrin,CLE,,,,,,,,,,,,,,,,,,,,3,3,0,56,0,56,9.51,4.28,0.94,0.298,74.40%,45.10%,3.78,3.96,0.2
Pitcher,Félix Bautista,BAL,,,,,,,,,,,,,,,,,,,,1,0,0,11,0,11,12.69,3.91,0.87,0.291,77.30%,40.20%,3.04,2.98,0.2
Pitcher,Anthony Banda,MIN,,,,,,,,,,,,,,,,,,,,3,3,1,56,0,56,8.88,3.95,1.05,0.298,73.50%,40.90%,4.02,4.12,0.2
Pitcher,Yaramil Hiraldo,BAL,,,,,,,,,,,,,,,,,,,,2,2,0,38,0,38,9.22,3.31,1.27,0.289,73.90%,37.30%,4.03,4.13,0.2
Pitcher,Jaden Hill,COL,,,,,,,,,,,,,,,,,,,,3,3,0,55,0,55,8.51,3.52,1.15,0.317,70.30%,46.20%,4.59,4.26,0.2
Pitcher,Liam Hendriks,,,,,,,,,,,,,,,,,,,,,2,2,0,34,0,34,9.33,3.35,1.24,0.29,73.30%,36.40%,4.08,4.09,0.2
Pitcher,Ronel Blanco,HOU,,,,,,,,,,,,,,,,,,,,1,1,0,14,2,21,9.57,3.37,1.26,0.29,73.80%,37.80%,4.02,4.05,0.2
Pitcher,John King,MIA,,,,,,,,,,,,,,,,,,,,3,3,0,56,0,56,6.11,2.82,0.82,0.311,72.10%,55.90%,3.92,3.98,0.2
Pitcher,Josh White,MIA,,,,,,,,,,,,,,,,,,,,2,2,0,47,0,47,9.13,3.78,1.07,0.293,73.60%,41.40%,3.94,4.03,0.2
Pitcher,Justin Sterner,ATH,,,,,,,,,,,,,,,,,,,,3,3,8,65,0,65,8.79,3.31,1.37,0.287,72.50%,34.60%,4.35,4.41,0.2
Pitcher,Jack Perkins,ATH,,,,,,,,,,,,,,,,,,,,1,1,0,24,0,24,9.53,3.59,1.03,0.294,73.90%,42.80%,3.76,3.85,0.2
Pitcher,Chris Murphy,CHW,,,,,,,,,,,,,,,,,,,,3,3,0,56,0,56,8.41,4.03,1.07,0.295,73.90%,44.40%,4.02,4.31,0.2
Pitcher,Wandy Peralta,SDP,,,,,,,,,,,,,,,,,,,,3,3,0,57,0,57,8.17,3.75,0.88,0.3,74.60%,50.70%,3.68,3.98,0.2
Pitcher,Brenan Hanifee,DET,,,,,,,,,,,,,,,,,,,,2,2,0,42,0,42,6.78,2.51,0.91,0.304,72.00%,51.00%,3.87,3.89,0.2